Real comm code,Regulation ID,Geographical area,Measure type,Ad valorem,Specific,Ceiling,Minimum,Specific 2,Date from,Date to
0101000000,P1900390,IS,142,0,,,,,,
0102291000,P1900390,IS,142,0,,,,,,
0102292100,P1900390,IS,142,0,,,,,,
0102292900,P1900390,IS,142,0,,,,,,
0102294100,P1900390,IS,142,0,,,,,,
0102294900,P1900390,IS,142,0,,,,,,
0102295100,P1900390,IS,142,0,,,,,,
0102295900,P1900390,IS,142,0,,,,,,
0102296100,P1900390,IS,142,0,,,,,,
0102296900,P1900390,IS,142,0,,,,,,
0102299100,P1900390,IS,142,0,,,,,,
0102299900,P1900390,IS,142,0,,,,,,
0102310000,P1900390,IS,142,0,,,,,,
0102390000,P1900390,IS,142,0,,,,,,
0102900000,P1900390,IS,142,0,,,,,,
0103911000,P1900390,IS,142,0,,,,,,
0103921100,P1900390,IS,142,0,,,,,,
0103921900,P1900390,IS,142,0,,,,,,
0104200000,P1900390,IS,142,0,,,,,,
0105110000,P1900390,IS,142,0,,,,,,
0105120000,P1900390,IS,142,0,,,,,,
0105130000,P1900390,IS,142,0,,,,,,
0105140000,P1900390,IS,142,0,,,,,,
0105150000,P1900390,IS,142,0,,,,,,
0105940000,P1900390,IS,142,0,,,,,,
0105990000,P1900390,IS,142,0,,,,,,
0106141000,P1900390,IS,142,0,,,,,,
0106391000,P1900390,IS,142,0,,,,,,
0207430000,P1900390,IS,142,0,,,,,,
0207459300,P1900390,IS,142,0,,,,,,
0207530000,P1900390,IS,142,0,,,,,,
0207559300,P1900390,IS,142,0,,,,,,
0208300000,P1900390,IS,142,0,,,,,,
0208401000,P1900390,IS,142,0,,,,,,
0208402000,P1900390,IS,142,0,,,,,,
0208408000,P1900390,IS,142,0,,,,,,
0208500000,P1900390,IS,142,0,,,,,,
0208600000,P1900390,IS,142,0,,,,,,
0208900000,P1900390,IS,142,0,,,,,,
0209000000,P1900390,IS,142,0,,,,,,
0210930000,P1900390,IS,142,0,,,,,,
0210997900,P1900390,IS,142,0,,,,,,
0301190000,P1900390,IS,142,2.2,,,,,,
0301911000,P1900390,IS,142,2.4,,,,,,
0301919000,P1900390,IS,142,3.6,,,,,,
0301930000,P1900390,IS,142,2.4,,,,,,
0301940000,P1900390,IS,142,4.8,,,,,,
0301950000,P1900390,IS,142,4.8,,,,,,
0301991700,P1900390,IS,142,2.4,,,,,,
0301998500,P1900390,IS,142,4.8,,,,,,
0302111000,P1900390,IS,142,2.4,,,,,,
0302112000,P1900390,IS,142,3.6,,,,,,
0302118000,P1900390,IS,142,3.6,,,,,,
0302190000,P1900390,IS,142,2.4,,,,,,
0302211000,P1900390,IS,142,0,,,,,,
0302213000,P1900390,IS,142,0,,,,,,
0302219000,P1900390,IS,142,4.5,,,,,,
0302220000,P1900390,IS,142,2.2,,,,,,
0302230000,P1900390,IS,142,4.5,,,,,,
0302240000,P1900390,IS,142,4.5,,,,,,
0302290000,P1900390,IS,142,4.5,,,,,,
0302319000,P1900390,IS,142,6.6,,,,,,
0302329000,P1900390,IS,142,6.6,,,,,,
0302339000,P1900390,IS,142,6.6,,,,,,
0302349000,P1900390,IS,142,6.6,,,,,,
0302351900,P1900390,IS,142,6.6,,,,,,
0302359900,P1900390,IS,142,6.6,,,,,,
0302369000,P1900390,IS,142,6.6,,,,,,
0302398000,P1900390,IS,142,6.6,,,,,,
0302420000,P1900390,IS,142,4.5,,,,,,
0302431000,P1900390,IS,142,6.9,,,,,,
0302433000,P1900390,IS,142,4.5,,,,,,
0302439000,P1900390,IS,142,3.9,,,,,2020-01-01,2020-02-14
0302439000,P1900390,IS,142,3.9,,,,,2019-06-16,2019-12-31
0302450000,P1900390,IS,142,4.5,,,,,,
0302460000,P1900390,IS,142,4.5,,,,,,
0302470000,P1900390,IS,142,4.5,,,,,,
0302491900,P1900390,IS,142,6.6,,,,,,
0302499000,P1900390,IS,142,4.5,,,,,,
0302510000,P1900390,IS,142,0,,,,,,
0302520000,P1900390,IS,142,0,,,,,,
0302530000,P1900390,IS,142,0,,,,,,
0302541100,P1900390,IS,142,4.5,,,,,,
0302541500,P1900390,IS,142,4.5,,,,,,
0302541900,P1900390,IS,142,4.5,,,,,,
0302549000,P1900390,IS,142,4.5,,,,,,
0302550000,P1900390,IS,142,2.2,,,,,,
0302560000,P1900390,IS,142,2.2,,,,,,
0302591000,P1900390,IS,142,0,,,,,,
0302592000,P1900390,IS,142,2.2,,,,,,
0302593000,P1900390,IS,142,2.2,,,,,,
0302594000,P1900390,IS,142,2.2,,,,,,
0302599000,P1900390,IS,142,4.5,,,,,,
0302710000,P1900390,IS,142,2.4,,,,,,
0302720000,P1900390,IS,142,2.4,,,,,,
0302730000,P1900390,IS,142,2.4,,,,,,
0302790000,P1900390,IS,142,2.4,,,,,,
0302811500,P1900390,IS,142,1.8,,,,,,
0302813000,P1900390,IS,142,2.4,,,,,,
0302814000,P1900390,IS,142,2.4,,,,,,
0302818000,P1900390,IS,142,2.4,,,,,,
0302820000,P1900390,IS,142,4.5,,,,,,
0302830000,P1900390,IS,142,4.5,,,,,,
0302841000,P1900390,IS,142,4.5,,,,,,
0302849000,P1900390,IS,142,4.5,,,,,,
0302851000,P1900390,IS,142,4.5,,,,,,
0302853000,P1900390,IS,142,4.5,,,,,,
0302859000,P1900390,IS,142,4.5,,,,,,
0302891000,P1900390,IS,142,2.4,,,,,,
0302892900,P1900390,IS,142,6.6,,,,,,
0302893100,P1900390,IS,142,0.6,,,,,,
0302893900,P1900390,IS,142,0.6,,,,,,
0302894000,P1900390,IS,142,4.5,,,,,,
0302895000,P1900390,IS,142,4.5,,,,,,
0302896000,P1900390,IS,142,2.2,,,,,,
0302899000,P1900390,IS,142,4.5,,,,,,
0302910010,P1900390,IS,142,0,,,,,,
0302910030,P1900390,IS,142,0,,,,,,
0302910040,P1900390,IS,142,0,,,,,,
0302910050,P1900390,IS,142,0,,,,,,
0302910095,P1900390,IS,142,0,,,,,,
0302910097,P1900390,IS,142,0,,,,,,
0302920010,P1900390,IS,142,1.8,,,,,,
0302920020,P1900390,IS,142,1.8,,,,,,
0302920090,P1900390,IS,142,2.4,,,,,,
0302990011,P1900390,IS,142,2.4,,,,,,
0302990019,P1900390,IS,142,3,,,,,,
0302990045,P1900390,IS,142,2.4,,,,,,
0302990050,P1900390,IS,142,0.6,,,,,,
0302990060,P1900390,IS,142,3,,,,,,
0302990065,P1900390,IS,142,0,,,,,,
0302990071,P1900390,IS,142,3,,,,,,
0302990079,P1900390,IS,142,0,,,,,,
0302990080,P1900390,IS,142,0,,,,,,
0302990085,P1900390,IS,142,0,,,,,,
0302990090,P1900390,IS,142,3,,,,,,
0303141000,P1900390,IS,142,2.7,,,,,,
0303142000,P1900390,IS,142,3.6,,,,,,
0303149000,P1900390,IS,142,3.6,,,,,,
0303190000,P1900390,IS,142,2.7,,,,,,
0303230000,P1900390,IS,142,2.4,,,,,,
0303240000,P1900390,IS,142,2.4,,,,,,
0303250000,P1900390,IS,142,2.4,,,,,,
0303290000,P1900390,IS,142,2.4,,,,,,
0303311000,P1900390,IS,142,0,,,,,,
0303313000,P1900390,IS,142,0,,,,,,
0303319000,P1900390,IS,142,4.5,,,,,,
0303320000,P1900390,IS,142,4.5,,,,,,
0303330000,P1900390,IS,142,2.2,,,,,,
0303340000,P1900390,IS,142,4.5,,,,,,
0303391000,P1900390,IS,142,2.2,,,,,,
0303393000,P1900390,IS,142,2.2,,,,,,
0303395000,P1900390,IS,142,2.2,,,,,,
0303398500,P1900390,IS,142,4.5,,,,,,
0303419000,P1900390,IS,142,6.6,,,,,,
0303429000,P1900390,IS,142,6.6,,,,,,
0303439000,P1900390,IS,142,6.6,,,,,,
0303449000,P1900390,IS,142,6.6,,,,,,
0303451800,P1900390,IS,142,6.6,,,,,,
0303459900,P1900390,IS,142,6.6,,,,,,
0303469000,P1900390,IS,142,6.6,,,,,,
0303498500,P1900390,IS,142,6.6,,,,,,
0303531000,P1900390,IS,142,6.9,,,,,,
0303533000,P1900390,IS,142,4.5,,,,,,
0303539000,P1900390,IS,142,3.9,,,,,2020-01-01,2020-02-14
0303539000,P1900390,IS,142,3.9,,,,,2019-06-16,2019-12-31
0303550000,P1900390,IS,142,4.5,,,,,,
0303560000,P1900390,IS,142,4.5,,,,,,
0303570000,P1900390,IS,142,2.2,,,,,,
0303591000,P1900390,IS,142,4.5,,,,,,
0303592900,P1900390,IS,142,6.6,,,,,,
0303599000,P1900390,IS,142,4.5,,,,,,
0303630000,P1900390,IS,142,0,,,,,,
0303640000,P1900390,IS,142,0,,,,,,
0303650000,P1900390,IS,142,0,,,,,,
0303661100,P1900390,IS,142,4.5,,,,,,
0303661200,P1900390,IS,142,4.5,,,,,,
0303661300,P1900390,IS,142,4.5,,,,,,
0303661900,P1900390,IS,142,4.5,,,,,,
0303669000,P1900390,IS,142,4.5,,,,,,
0303670000,P1900390,IS,142,4.5,,,,,,
0303680000,P1900390,IS,142,2.2,,,,,,
0303691000,P1900390,IS,142,0,,,,,,
0303693000,P1900390,IS,142,2.2,,,,,,
0303695000,P1900390,IS,142,4.5,,,,,,
0303697000,P1900390,IS,142,2.2,,,,,,
0303698000,P1900390,IS,142,2.2,,,,,,
0303699000,P1900390,IS,142,4.5,,,,,,
0303811500,P1900390,IS,142,1.8,,,,,,
0303813000,P1900390,IS,142,2.4,,,,,,
0303814000,P1900390,IS,142,2.4,,,,,,
0303819000,P1900390,IS,142,2.4,,,,,,
0303820000,P1900390,IS,142,4.5,,,,,,
0303830000,P1900390,IS,142,4.5,,,,,,
0303840000,P1900390,IS,142,4.5,,,,,,
0303891000,P1900390,IS,142,2.4,,,,,,
0303892900,P1900390,IS,142,6.6,,,,,,
0303893100,P1900390,IS,142,0.6,,,,,,
0303893900,P1900390,IS,142,0.6,,,,,,
0303894000,P1900390,IS,142,3,,,,,2020-01-01,2020-02-14
0303894000,P1900390,IS,142,3,,,,,2019-06-16,2019-12-31
0303895000,P1900390,IS,142,4.5,,,,,,
0303895500,P1900390,IS,142,4.5,,,,,,
0303896000,P1900390,IS,142,4.5,,,,,,
0303896500,P1900390,IS,142,4.5,,,,,,
0303897000,P1900390,IS,142,2.2,,,,,,
0303899000,P1900390,IS,142,4.5,,,,,,
0303911000,P1900390,IS,142,0,,,,,,
0303919010,P1900390,IS,142,0,,,,,,
0303919020,P1900390,IS,142,0,,,,,,
0303919091,P1900390,IS,142,0,,,,,,
0303919099,P1900390,IS,142,0,,,,,,
0303920000,P1900390,IS,142,2.4,,,,,,
0303990030,P1900390,IS,142,3,,,,,,
0303990035,P1900390,IS,142,3,,,,,,
0303990040,P1900390,IS,142,3,,,,,,
0303990045,P1900390,IS,142,3,,,,,,
0303990050,P1900390,IS,142,0,,,,,,
0303990055,P1900390,IS,142,0,,,,,,
0303990060,P1900390,IS,142,3,,,,,,
0303990065,P1900390,IS,142,0,,,,,,
0303990070,P1900390,IS,142,0,,,,,,
0303990080,P1900390,IS,142,2,,,,,,
0303990085,P1900390,IS,142,3,,,,,,
0303990087,P1900390,IS,142,0,,,,,,
0303990089,P1900390,IS,142,0,,,,,,
0303990095,P1900390,IS,142,3,,,,,,
0303990099,P1900390,IS,142,3,,,,,,
0304310000,P1900390,IS,142,2.7,,,,,,
0304320000,P1900390,IS,142,2.7,,,,,,
0304330000,P1900390,IS,142,2.7,,,,,,
0304390010,P1900390,IS,142,2.7,,,,,,
0304390020,P1900390,IS,142,2.7,,,,,,
0304390090,P1900390,IS,142,2.7,,,,,,
0304421000,P1900390,IS,142,3.6,,,,,,
0304425000,P1900390,IS,142,2.7,,,,,,
0304429000,P1900390,IS,142,3.6,,,,,,
0304430010,P1900390,IS,142,0,,,,,,
0304430090,P1900390,IS,142,5.4,,,,,,
0304441000,P1900390,IS,142,0,,,,,,
0304443000,P1900390,IS,142,0,,,,,,
0304449010,P1900390,IS,142,0,,,,,,
0304449090,P1900390,IS,142,5.4,,,,,,
0304450000,P1900390,IS,142,5.4,,,,,,
0304460000,P1900390,IS,142,5.4,,,,,,
0304470000,P1900390,IS,142,5.4,,,,,,
0304480000,P1900390,IS,142,5.4,,,,,,
0304491000,P1900390,IS,142,2.7,,,,,,
0304495000,P1900390,IS,142,5.4,,,,,,
0304499030,P1900390,IS,142,5.4,,,,,,
0304499040,P1900390,IS,142,5.4,,,,,,
0304499050,P1900390,IS,142,5.4,,,,,,
0304499060,P1900390,IS,142,5.4,,,,,,
0304499070,P1900390,IS,142,5.4,,,,,,
0304499090,P1900390,IS,142,5.4,,,,,,
0304510000,P1900390,IS,142,2.4,,,,,,
0304520000,P1900390,IS,142,2.4,,,,,,
0304530011,P1900390,IS,142,1.1,,,,,,
0304530019,P1900390,IS,142,4.5,,,,,,
0304530020,P1900390,IS,142,1.1,,,,,,
0304530031,P1900390,IS,142,0,,,,,,
0304530039,P1900390,IS,142,1.1,,,,,,
0304530090,P1900390,IS,142,4.5,,,,,,
0304540000,P1900390,IS,142,4.5,,,,,,
0304550000,P1900390,IS,142,4.5,,,,,,
0304561000,P1900390,IS,142,4.5,,,,,,
0304562000,P1900390,IS,142,4.5,,,,,,
0304563000,P1900390,IS,142,4.5,,,,,,
0304569000,P1900390,IS,142,4.5,,,,,,
0304570000,P1900390,IS,142,4.5,,,,,,
0304591000,P1900390,IS,142,2.4,,,,,,
0304599015,P1900390,IS,142,4.5,,,,,,
0304599020,P1900390,IS,142,4.5,,,,,,
0304599030,P1900390,IS,142,4.5,,,,,,
0304599035,P1900390,IS,142,4.5,,,,,,
0304599040,P1900390,IS,142,4.5,,,,,,
0304599045,P1900390,IS,142,4.5,,,,,,
0304599050,P1900390,IS,142,0.6,,,,,,
0304599055,P1900390,IS,142,4.5,,,,,,
0304599065,P1900390,IS,142,4.5,,,,,,
0304599090,P1900390,IS,142,4.5,,,,,,
0304610000,P1900390,IS,142,2.7,,,,,,
0304620000,P1900390,IS,142,2.7,,,,,,
0304630000,P1900390,IS,142,2.7,,,,,,
0304690010,P1900390,IS,142,2.7,,,,,,
0304690020,P1900390,IS,142,2.7,,,,,,
0304690090,P1900390,IS,142,2.7,,,,,,
0304711000,P1900390,IS,142,0,,,,,,
0304719000,P1900390,IS,142,0,,,,,,
0304720000,P1900390,IS,142,0,,,,,,
0304730000,P1900390,IS,142,0,,,,,,
0304741100,P1900390,IS,142,0,,,,,,
0304741500,P1900390,IS,142,0,,,,,,
0304741900,P1900390,IS,142,0,,,,,,
0304749000,P1900390,IS,142,0,,,,,,
0304750010,P1900390,IS,142,0,,,,,,
0304750090,P1900390,IS,142,0,,,,,,
0304791000,P1900390,IS,142,0,,,,,,
0304793000,P1900390,IS,142,0,,,,,,
0304795000,P1900390,IS,142,0,,,,,,
0304798000,P1900390,IS,142,0,,,,,,
0304799000,P1900390,IS,142,0,,,,,,
0304821000,P1900390,IS,142,3.6,,,,,,
0304825000,P1900390,IS,142,2.7,,,,,,
0304829000,P1900390,IS,142,3.6,,,,,,
0304831000,P1900390,IS,142,0,,,,,,
0304833000,P1900390,IS,142,0,,,,,,
0304835000,P1900390,IS,142,0,,,,,,
0304839000,P1900390,IS,142,0,,,,,,
0304840000,P1900390,IS,142,0,,,,,,
0304850000,P1900390,IS,142,0,,,,,,
0304860000,P1900390,IS,142,0,,,,,,
0304870000,P1900390,IS,142,0,,,,,,
0304881100,P1900390,IS,142,0,,,,,,
0304881500,P1900390,IS,142,0,,,,,,
0304881800,P1900390,IS,142,0,,,,,,
0304881900,P1900390,IS,142,0,,,,,,
0304889000,P1900390,IS,142,0,,,,,,
0304891000,P1900390,IS,142,2.7,,,,,,
0304892100,P1900390,IS,142,0,,,,,,
0304892900,P1900390,IS,142,0,,,,,,
0304893000,P1900390,IS,142,0,,,,,,
0304894100,P1900390,IS,142,0,,,,,,
0304894910,P1900390,IS,142,0,,,,,,
0304894920,P1900390,IS,142,0,,,,,,
0304894990,P1900390,IS,142,0,,,,,,
0304896000,P1900390,IS,142,0,,,,,,
0304899000,P1900390,IS,142,0,,,,,,
0304910000,P1900390,IS,142,2.2,,,,,,
0304920000,P1900390,IS,142,2.2,,,,,,
0304931000,P1900390,IS,142,4.2,,,,,,
0304939000,P1900390,IS,142,2.4,,,,,,
0304941000,P1900390,IS,142,4.2,,,,,,
0304949000,P1900390,IS,142,2.2,,,,,,
0304951000,P1900390,IS,142,4.2,,,,,,
0304952100,P1900390,IS,142,2.2,,,,,,
0304952500,P1900390,IS,142,1.1,,,,,,
0304952900,P1900390,IS,142,2.2,,,,,,
0304953000,P1900390,IS,142,1.1,,,,,,
0304954000,P1900390,IS,142,1.1,,,,,,
0304955000,P1900390,IS,142,2.2,,,,,,
0304956000,P1900390,IS,142,2.2,,,,,,
0304959000,P1900390,IS,142,2.2,,,,,,
0304961000,P1900390,IS,142,2.2,,,,,,
0304962000,P1900390,IS,142,2.2,,,,,,
0304963000,P1900390,IS,142,2.2,,,,,,
0304969000,P1900390,IS,142,2.2,,,,,,
0304970000,P1900390,IS,142,2.2,,,,,,
0304991000,P1900390,IS,142,4.2,,,,,,
0304992111,P1900390,IS,142,2.4,,,,,,
0304992112,P1900390,IS,142,2.4,,,,,,
0304992120,P1900390,IS,142,2.4,,,,,,
0304992190,P1900390,IS,142,2.4,,,,,,
0304992310,P1900390,IS,142,0,,,,,,
0304992330,P1900390,IS,142,0,,,,,,
0304992900,P1900390,IS,142,0.6,,,,,,
0304995500,P1900390,IS,142,4.5,,,,,,
0304996100,P1900390,IS,142,4.5,,,,,,
0304996500,P1900390,IS,142,2.2,,,,,,
0304999920,P1900390,IS,142,2.2,,,,,,
0304999925,P1900390,IS,142,2.2,,,,,,
0304999940,P1900390,IS,142,2.2,,,,,,
0304999950,P1900390,IS,142,2.2,,,,,,
0304999970,P1900390,IS,142,2.2,,,,,,
0304999990,P1900390,IS,142,2.2,,,,,,
0305100000,P1900390,IS,142,3.9,,,,,,
0305200011,P1900390,IS,142,0,,,,,,
0305200018,P1900390,IS,142,0,,,,,,
0305200019,P1900390,IS,142,0,,,,,,
0305200021,P1900390,IS,142,0,,,,,,
0305200030,P1900390,IS,142,0,,,,,,
0305200035,P1900390,IS,142,0,,,,,,
0305200039,P1900390,IS,142,0,,,,,,
0305200072,P1900390,IS,142,0,,,,,,
0305200073,P1900390,IS,142,0,,,,,,
0305200074,P1900390,IS,142,0,,,,,,
0305200075,P1900390,IS,142,0,,,,,,
0305200076,P1900390,IS,142,0,,,,,,
0305200077,P1900390,IS,142,0,,,,,,
0305200078,P1900390,IS,142,0,,,,,,
0305200079,P1900390,IS,142,0,,,,,,
0305200096,P1900390,IS,142,0,,,,,,
0305200099,P1900390,IS,142,0,,,,,,
0305310000,P1900390,IS,142,0,,,,,,
0305321100,P1900390,IS,142,0,,,,,,
0305321900,P1900390,IS,142,0,,,,,,
0305329000,P1900390,IS,142,0,,,,,,
0305395000,P1900390,IS,142,4.5,,,,,,
0305399000,P1900390,IS,142,0,,,,,,
0305430011,P1900390,IS,142,4.2,,,,,,
0305430019,P1900390,IS,142,4.2,,,,,,
0305430090,P1900390,IS,142,4.2,,,,,,
0305440000,P1900390,IS,142,4.2,,,,,,
0305491000,P1900390,IS,142,4.5,,,,,,
0305492000,P1900390,IS,142,4.8,,,,,,
0305498000,P1900390,IS,142,4.2,,,,,,
0305511000,P1900390,IS,142,0,,,,,,
0305519010,P1900390,IS,142,3.9,,,,,,
0305519020,P1900390,IS,142,3.9,,,,,,
0305519030,P1900390,IS,142,3.9,,,,,,
0305520000,P1900390,IS,142,3.6,,,,,,
0305531010,P1900390,IS,142,0,,,,,,
0305531090,P1900390,IS,142,3.9,,,,,,
0305539000,P1900390,IS,142,3.6,,,,,,
0305545000,P1900390,IS,142,3,,,,,,
0305549000,P1900390,IS,142,3.6,,,,,,
0305597000,P1900390,IS,142,4.5,,,,,,
0305598500,P1900390,IS,142,3.6,,,,,,
0305620000,P1900390,IS,142,0,,,,,,
0305630000,P1900390,IS,142,3,,,,,,
0305640000,P1900390,IS,142,3.6,,,,,,
0305691000,P1900390,IS,142,0,,,,,,
0305693000,P1900390,IS,142,4.5,,,,,,
0305698000,P1900390,IS,142,3.6,,,,,,
0305710010,P1900390,IS,142,4.2,,,,,,
0305710090,P1900390,IS,142,3.6,,,,,,
0305720010,P1900390,IS,142,3.9,,,,,,
0305720015,P1900390,IS,142,0,,,,,,
0305720020,P1900390,IS,142,3.9,,,,,,
0305720025,P1900390,IS,142,0,,,,,,
0305720030,P1900390,IS,142,3.9,,,,,,
0305720035,P1900390,IS,142,0,,,,,,
0305720038,P1900390,IS,142,3.9,,,,,,
0305720039,P1900390,IS,142,0,,,,,,
0305720041,P1900390,IS,142,3,,,,,,
0305720046,P1900390,IS,142,4.5,,,,,,
0305720047,P1900390,IS,142,3.6,,,,,,
0305720049,P1900390,IS,142,3.6,,,,,,
0305720050,P1900390,IS,142,0,,,,,,
0305720051,P1900390,IS,142,3,,,,,,
0305720052,P1900390,IS,142,0,,,,,,
0305720054,P1900390,IS,142,0,,,,,,
0305720056,P1900390,IS,142,0,,,,,,
0305720057,P1900390,IS,142,4.5,,,,,,
0305720058,P1900390,IS,142,3.6,,,,,,
0305720059,P1900390,IS,142,3.6,,,,,,
0305720060,P1900390,IS,142,0,,,,,,
0305720061,P1900390,IS,142,3,,,,,,
0305720062,P1900390,IS,142,0,,,,,,
0305720064,P1900390,IS,142,0,,,,,,
0305720069,P1900390,IS,142,0,,,,,,
0305720071,P1900390,IS,142,4.5,,,,,,
0305720072,P1900390,IS,142,3.6,,,,,,
0305720079,P1900390,IS,142,3.6,,,,,,
0305720091,P1900390,IS,142,3.6,,,,,,
0305720099,P1900390,IS,142,3.6,,,,,,
0305790010,P1900390,IS,142,3.9,,,,,,
0305790015,P1900390,IS,142,0,,,,,,
0305790020,P1900390,IS,142,3.9,,,,,,
0305790025,P1900390,IS,142,0,,,,,,
0305790030,P1900390,IS,142,3.9,,,,,,
0305790035,P1900390,IS,142,0,,,,,,
0305790038,P1900390,IS,142,3.9,,,,,,
0305790039,P1900390,IS,142,0,,,,,,
0305790041,P1900390,IS,142,3,,,,,,
0305790046,P1900390,IS,142,4.5,,,,,,
0305790047,P1900390,IS,142,3.6,,,,,,
0305790049,P1900390,IS,142,3.6,,,,,,
0305790050,P1900390,IS,142,0,,,,,,
0305790051,P1900390,IS,142,3,,,,,,
0305790052,P1900390,IS,142,0,,,,,,
0305790054,P1900390,IS,142,0,,,,,,
0305790056,P1900390,IS,142,0,,,,,,
0305790057,P1900390,IS,142,4.5,,,,,,
0305790058,P1900390,IS,142,3.6,,,,,,
0305790059,P1900390,IS,142,3.6,,,,,,
0305790060,P1900390,IS,142,0,,,,,,
0305790061,P1900390,IS,142,3,,,,,,
0305790062,P1900390,IS,142,0,,,,,,
0305790064,P1900390,IS,142,0,,,,,,
0305790069,P1900390,IS,142,0,,,,,,
0305790071,P1900390,IS,142,4.5,,,,,,
0305790072,P1900390,IS,142,3.6,,,,,,
0305790079,P1900390,IS,142,3.6,,,,,,
0305790091,P1900390,IS,142,3.6,,,,,,
0305790099,P1900390,IS,142,3.6,,,,,,
0306111000,P1900390,IS,142,3.7,,,,,,
0306119000,P1900390,IS,142,3.7,,,,,,
0306121000,P1900390,IS,142,1.8,,,,,,
0306129000,P1900390,IS,142,4.8,,,,,,
0306141000,P1900390,IS,142,2.2,,,,,,
0306143000,P1900390,IS,142,2.2,,,,,,
0306149000,P1900390,IS,142,2.2,,,,,,
0306169900,P1900390,IS,142,0,,,,,,
0306179300,P1900390,IS,142,0,,,,,,
0306191000,P1900390,IS,142,2.2,,,,,,
0306199000,P1900390,IS,142,3.6,,,,,,
0306310000,P1900390,IS,142,3.7,,,,,,
0306321000,P1900390,IS,142,2.4,,,,,,
0306329100,P1900390,IS,142,2.4,,,,,,
0306329900,P1900390,IS,142,3,,,,,,
0306331000,P1900390,IS,142,2.2,,,,,,
0306339000,P1900390,IS,142,2.2,,,,,,
0306359000,P1900390,IS,142,0,,,,,,
0306361000,P1900390,IS,142,0,,,,,,
0306391000,P1900390,IS,142,2.2,,,,,,
0306399020,P1900390,IS,142,3.6,,,,,,
0306399090,P1900390,IS,142,3.6,,,,,,
0306910000,P1900390,IS,142,3.7,,,,,,
0306921000,P1900390,IS,142,2.4,,,,,,
0306929000,P1900390,IS,142,3,,,,,,
0306931000,P1900390,IS,142,2.2,,,,,,
0306939000,P1900390,IS,142,2.2,,,,,,
0306952000,P1900390,IS,142,0,,,,,,
0306953000,P1900390,IS,142,0,,,,,,
0306991000,P1900390,IS,142,2.2,,,,,,
0306999020,P1900390,IS,142,3.6,,,,,,
0306999090,P1900390,IS,142,3.6,,,,,,
0307119000,P1900390,IS,142,2.7,,,,,,
0307120000,P1900390,IS,142,2.7,,,,,,
0307190000,P1900390,IS,142,2.7,,,,,,
0307210091,P1900390,IS,142,2.4,,,,,,
0307210099,P1900390,IS,142,2.4,,,,,,
0307229000,P1900390,IS,142,2.4,,,,,,
0307290000,P1900390,IS,142,2.4,,,,,,
0307311000,P1900390,IS,142,3,,,,,,
0307319000,P1900390,IS,142,2.4,,,,,,
0307321000,P1900390,IS,142,3,,,,,,
0307329000,P1900390,IS,142,2.4,,,,,,
0307392000,P1900390,IS,142,3,,,,,,
0307398000,P1900390,IS,142,2.4,,,,,,
0307421000,P1900390,IS,142,2.4,,,,,,
0307422000,P1900390,IS,142,1.8,,,,,,
0307423000,P1900390,IS,142,2.4,,,,,,
0307424000,P1900390,IS,142,1.8,,,,,,
0307429000,P1900390,IS,142,3.3,,,,,,
0307432100,P1900390,IS,142,1.8,,,,,,
0307432500,P1900390,IS,142,2.4,,,,,,
0307432900,P1900390,IS,142,2.4,,,,,,
0307433100,P1900390,IS,142,1.8,,,,,,
0307433300,P1900390,IS,142,1.8,,,,,,
0307433500,P1900390,IS,142,1.8,,,,,,
0307433800,P1900390,IS,142,1.8,,,,,,
0307439100,P1900390,IS,142,2.4,,,,,,
0307439200,P1900390,IS,142,2.4,,,,,,
0307439500,P1900390,IS,142,1.8,,,,,,
0307439900,P1900390,IS,142,3.3,,,,,,
0307492000,P1900390,IS,142,2.4,,,,,,
0307494000,P1900390,IS,142,1.8,,,,,,
0307495000,P1900390,IS,142,2.4,,,,,,
0307496000,P1900390,IS,142,1.8,,,,,,
0307498000,P1900390,IS,142,3.3,,,,,,
0307510000,P1900390,IS,142,2.4,,,,,,
0307520000,P1900390,IS,142,2.4,,,,,,
0307590000,P1900390,IS,142,2.4,,,,,,
0307710000,P1900390,IS,142,3.3,,,,,,
0307721000,P1900390,IS,142,2.4,,,,,,
0307729000,P1900390,IS,142,3.3,,,,,,
0307790000,P1900390,IS,142,3.3,,,,,,
0307810000,P1900390,IS,142,3.3,,,,,,
0307820000,P1900390,IS,142,3.3,,,,,,
0307830000,P1900390,IS,142,3.3,,,,,,
0307840000,P1900390,IS,142,3.3,,,,,,
0307870000,P1900390,IS,142,3.3,,,,,,
0307880000,P1900390,IS,142,3.3,,,,,,
0307910000,P1900390,IS,142,3.3,,,,,,
0307920000,P1900390,IS,142,3.3,,,,,,
0307990000,P1900390,IS,142,3.3,,,,,,
0308110000,P1900390,IS,142,3.3,,,,,,
0308120000,P1900390,IS,142,3.3,,,,,,
0308190000,P1900390,IS,142,3.3,,,,,,
0308210000,P1900390,IS,142,3.3,,,,,,
0308220000,P1900390,IS,142,3.3,,,,,,
0308290000,P1900390,IS,142,3.3,,,,,,
0308308000,P1900390,IS,142,3.3,,,,,,
0308901000,P1900390,IS,142,3.3,,,,,,
0308905000,P1900390,IS,142,3.3,,,,,,
0308909000,P1900390,IS,142,3.3,,,,,,
0403105100,P1900390,IS,142,0,95.000 EUR / 100 kg,,,,,
0403105300,P1900390,IS,142,0,126.490 EUR / 100 kg,,,,,
0403105900,P1900390,IS,142,0,168.800 EUR / 100 kg,,,,,
0403109100,P1900390,IS,142,0,12.400 EUR / 100 kg,,,,,
0403109300,P1900390,IS,142,0,17.100 EUR / 100 kg,,,,,
0403109900,P1900390,IS,142,0,26.600 EUR / 100 kg,,,,,
0403907100,P1900390,IS,142,0,95.000 EUR / 100 kg,,,,,
0403907300,P1900390,IS,142,0,126.490 EUR / 100 kg,,,,,
0403907900,P1900390,IS,142,0,168.800 EUR / 100 kg,,,,,
0403909100,P1900390,IS,142,0,12.400 EUR / 100 kg,,,,,
0403909300,P1900390,IS,142,0,17.100 EUR / 100 kg,,,,,
0403909900,P1900390,IS,142,0,26.600 EUR / 100 kg,,,,,
0405201010,P1900390,IS,142,0,,,,,,
0405201080,P1900390,IS,142,6,,,,,,
0405203010,P1900390,IS,142,0,,,,,,
0405203080,P1900390,IS,142,6,,,,,,
0407110000,P1900390,IS,142,0,,,,,,
0407190000,P1900390,IS,142,0,,,,,,
0409000000,P1900390,IS,142,0,,,,,,
0410000000,P1900390,IS,142,0,,,,,,
0511993900,P1900390,IS,142,0,,,,,,
0601000000,P1900390,IS,142,0,,,,,,
0602100000,P1900390,IS,142,0,,,,,,
0602200000,P1900390,IS,142,0,,,,,,
0602300000,P1900390,IS,142,0,,,,,,
0602400000,P1900390,IS,142,0,,,,,,
0602901000,P1900390,IS,142,0,,,,,,
0602903000,P1900390,IS,142,0,,,,,,
0602904100,P1900390,IS,142,0,,,,,,
0602904500,P1900390,IS,142,0,,,,,,
0602904600,P1900390,IS,142,0,,,,,,
0602904700,P1900390,IS,142,0,,,,,,
0602904800,P1900390,IS,142,0,,,,,,
0602905000,P1900390,IS,142,0,,,,,,
0602907000,P1900390,IS,142,0,,,,,,
0602909190,P1900390,IS,142,0,,,,,,
0602909900,P1900390,IS,142,0,,,,,,
0603110000,P1900390,IS,142,0,,,,,,
0603120000,P1900390,IS,142,0,,,,,,
0603130000,P1900390,IS,142,0,,,,,,
0603140000,P1900390,IS,142,0,,,,,,
0603150000,P1900390,IS,142,0,,,,,,
0603191000,P1900390,IS,142,0,,,,,,
0603197010,P1900390,IS,142,0,,,,,,
0603197020,P1900390,IS,142,0,,,,,,
0603900000,P1900390,IS,142,0,,,,,,
0604000000,P1900390,IS,142,0,,,,,,
0701900000,P1900390,IS,142,0,,,,,,
0702000000,P1900390,IS,142,0,,,,,,
0703000000,P1900390,IS,142,0,,,,,,
0704000000,P1900390,IS,142,0,,,,,,
0705000000,P1900390,IS,142,0,,,,,,
0706000000,P1900390,IS,142,0,,,,,,
0707000000,P1900390,IS,142,0,,,,,,
0708000000,P1900390,IS,142,0,,,,,,
0709000000,P1900390,IS,142,0,,,,,,
0710100000,P1900390,IS,142,0,,,,,,
0710210000,P1900390,IS,142,0,,,,,,
0710220000,P1900390,IS,142,0,,,,,,
0710290000,P1900390,IS,142,0,,,,,,
0710300000,P1900390,IS,142,0,,,,,,
0710400000,P1900390,IS,142,0,,,,,,
0710800000,P1900390,IS,142,0,,,,,,
0710900000,P1900390,IS,142,0,,,,,,
0711200000,P1900390,IS,142,0,,,,,,
0711400000,P1900390,IS,142,0,,,,,,
0711510000,P1900390,IS,142,0,,,,,,
0711590000,P1900390,IS,142,0,,,,,,
0711901000,P1900390,IS,142,0,,,,,,
0711903000,P1900390,IS,142,0,,,,,,
0711905000,P1900390,IS,142,0,,,,,,
0711907000,P1900390,IS,142,0,,,,,,
0711908000,P1900390,IS,142,0,,,,,,
0711909000,P1900390,IS,142,0,,,,,,
0712000000,P1900390,IS,142,0,,,,,,
0713000000,P1900390,IS,142,0,,,,,,
0714000000,P1900390,IS,142,0,,,,,,
0802000000,P1900390,IS,142,0,,,,,,
0803000000,P1900390,IS,142,0,,,,,,
0804000000,P1900390,IS,142,0,,,,,,
0805000000,P1900390,IS,142,0,,,,,,
0806000000,P1900390,IS,142,0,,,,,,
0807000000,P1900390,IS,142,0,,,,,,
0808000000,P1900390,IS,142,0,,,,,,
0809000000,P1900390,IS,142,0,,,,,,
0810000000,P1900390,IS,142,0,,,,,,
0811000000,P1900390,IS,142,0,,,,,,
0812000000,P1900390,IS,142,0,,,,,,
0813000000,P1900390,IS,142,0,,,,,,
0814000000,P1900390,IS,142,0,,,,,,
0901000000,P1900390,IS,142,0,,,,,,
0902000000,P1900390,IS,142,0,,,,,,
0904000000,P1900390,IS,142,0,,,,,,
0905000000,P1900390,IS,142,0,,,,,,
0907000000,P1900390,IS,142,0,,,,,,
0910000000,P1900390,IS,142,0,,,,,,
1000000000,P1900390,IS,142,0,,,,,,
1100000000,P1900390,IS,142,0,,,,,,
1200000000,P1900390,IS,142,0,,,,,,
1302120000,P1900390,IS,142,0,,,,,,
1302130000,P1900390,IS,142,0,,,,,,
1302190500,P1900390,IS,142,0,,,,,,
1302200000,P1900390,IS,142,0,,,,,,
1501000000,P1900390,IS,142,0,,,,,,
1502000000,P1900390,IS,142,0,,,,,,
1503000000,P1900390,IS,142,0,,,,,,
1504101000,P1900390,IS,142,0,,,,,,
1504201000,P1900390,IS,142,0,,,,,,
1504300000,P1900390,IS,142,0,,,,,,
1505000000,P1900390,IS,142,0,,,,,,
1506000000,P1900390,IS,142,0,,,,,,
1507000000,P1900390,IS,142,0,,,,,,
1508000000,P1900390,IS,142,0,,,,,,
1509000000,P1900390,IS,142,0,,,,,,
1510000000,P1900390,IS,142,0,,,,,,
1511000000,P1900390,IS,142,0,,,,,,
1512000000,P1900390,IS,142,0,,,,,,
1513000000,P1900390,IS,142,0,,,,,,
1514000000,P1900390,IS,142,0,,,,,,
1515000000,P1900390,IS,142,0,,,,,,
1516101010,P1900390,IS,142,0,,,,,,
1516101090,P1900390,IS,142,0,,,,,,
1516109010,P1900390,IS,142,0,,,,,,
1516109090,P1900390,IS,142,0,,,,,,
1516201000,P1900390,IS,142,0,,,,,,
1516209100,P1900390,IS,142,0,,,,,,
1516209500,P1900390,IS,142,0,,,,,,
1516209600,P1900390,IS,142,0,,,,,,
1516209800,P1900390,IS,142,0,,,,,,
1517101000,P1900390,IS,142,0,,,,,,
1517109000,P1900390,IS,142,0,,,,,,
1517901000,P1900390,IS,142,0,,,,,,
1517909100,P1900390,IS,142,0,,,,,,
1517909300,P1900390,IS,142,0,,,,,,
1517909900,P1900390,IS,142,0,,,,,,
1518001000,P1900390,IS,142,0,,,,,,
1518003100,P1900390,IS,142,0,,,,,,
1518003900,P1900390,IS,142,0,,,,,,
1518009100,P1900390,IS,142,0,,,,,,
1518009500,P1900390,IS,142,0,,,,,,
1518009900,P1900390,IS,142,0,,,,,,
1521000000,P1900390,IS,142,0,,,,,,
1522000000,P1900390,IS,142,0,,,,,,
1604121000,P1900390,IS,142,0,,,,,,
1604129100,P1900390,IS,142,10,,,,,,
1604129900,P1900390,IS,142,10,,,,,,
1604131100,P1900390,IS,142,3.7,,,,,,
1604131900,P1900390,IS,142,3.7,,,,,,
1604139000,P1900390,IS,142,3,,,,,,
1604142100,P1900390,IS,142,7.2,,,,,,
1604142600,P1900390,IS,142,7.2,,,,,,
1604142800,P1900390,IS,142,7.2,,,,,,
1604143100,P1900390,IS,142,7.2,,,,,,
1604143600,P1900390,IS,142,7.2,,,,,,
1604143800,P1900390,IS,142,7.2,,,,,,
1604144100,P1900390,IS,142,7.2,,,,,,
1604144600,P1900390,IS,142,7.2,,,,,,
1604144800,P1900390,IS,142,7.2,,,,,,
1604149000,P1900390,IS,142,7.5,,,,,,
1604160000,P1900390,IS,142,7.5,,,,,,
1604170000,P1900390,IS,142,3,,,,,,
1604180000,P1900390,IS,142,3,,,,,,
1604191000,P1900390,IS,142,2.1,,,,,,
1604193100,P1900390,IS,142,7.2,,,,,,
1604193900,P1900390,IS,142,7.2,,,,,,
1604195000,P1900390,IS,142,3.7,,,,,,
1604199100,P1900390,IS,142,0,,,,,,
1604199200,P1900390,IS,142,3,,,,,,
1604199300,P1900390,IS,142,3,,,,,,
1604199400,P1900390,IS,142,3,,,,,,
1604199500,P1900390,IS,142,3,,,,,,
1604199700,P1900390,IS,142,3,,,,,,
1604200500,P1900390,IS,142,3,,,,,,
1604203000,P1900390,IS,142,2.1,,,,,,
1604204000,P1900390,IS,142,7.5,,,,,,
1604205010,P1900390,IS,142,7.5,,,,,,
1604205019,P1900390,IS,142,7.5,,,,,,
1604205030,P1900390,IS,142,7.5,,,,,,
1604205090,P1900390,IS,142,7.5,,,,,,
1604207000,P1900390,IS,142,7.2,,,,,,
1604209011,P1900390,IS,142,10,,,,,,
1604209019,P1900390,IS,142,10,,,,,,
1604209020,P1900390,IS,142,4.2,,,,,,
1604209030,P1900390,IS,142,3,,,,,,
1604209035,P1900390,IS,142,3,,,,,,
1604209050,P1900390,IS,142,3,,,,,,
1604209060,P1900390,IS,142,3,,,,,,
1604209090,P1900390,IS,142,3,,,,,,
1604310000,P1900390,IS,142,0,,,,,,
1604320000,P1900390,IS,142,0,,,,,,
1605100000,P1900390,IS,142,0,,,,,,
1605210000,P1900390,IS,142,0,,,,,,
1605290000,P1900390,IS,142,0,,,,,,
1605300000,P1900390,IS,142,0,,,,,,
1605400000,P1900390,IS,142,0,,,,,,
1605510000,P1900390,IS,142,0,,,,,,
1605520000,P1900390,IS,142,0,,,,,,
1605531000,P1900390,IS,142,0,,,,,,
1605539000,P1900390,IS,142,0,,,,,,
1605540000,P1900390,IS,142,0,,,,,,
1605550000,P1900390,IS,142,0,,,,,,
1605560000,P1900390,IS,142,0,,,,,,
1605570000,P1900390,IS,142,0,,,,,,
1605580000,P1900390,IS,142,0,,,,,,
1605590000,P1900390,IS,142,0,,,,,,
1605610000,P1900390,IS,142,7.8,,,,,,
1605620000,P1900390,IS,142,7.8,,,,,,
1605630000,P1900390,IS,142,7.8,,,,,,
1605690000,P1900390,IS,142,7.8,,,,,,
1701000000,P1900390,IS,142,0,,,,,,
1702110000,P1900390,IS,142,0,,,,,,
1702190000,P1900390,IS,142,0,,,,,,
1702200000,P1900390,IS,142,0,,,,,,
1702300000,P1900390,IS,142,0,,,,,,
1702400000,P1900390,IS,142,0,,,,,,
1702500000,P1900390,IS,142,0,,,,,,
1702600000,P1900390,IS,142,0,,,,,,
1702901000,P1900390,IS,142,0,,,,,,
1702903000,P1900390,IS,142,0,,,,,,
1702905000,P1900390,IS,142,0,,,,,,
1702907100,P1900390,IS,142,0,,,,,,
1702907500,P1900390,IS,142,0,,,,,,
1702907900,P1900390,IS,142,0,,,,,,
1702908000,P1900390,IS,142,0,,,,,,
1702909500,P1900390,IS,142,0,,,,,,
1703100000,P1900390,IS,142,0,,,,,,
1704100000,P1900390,IS,142,0,,,,,,
1704900000,P1900390,IS,142,0,,,,,,
1803000000,P1900390,IS,142,0,,,,,,
1804000000,P1900390,IS,142,0,,,,,,
1805000000,P1900390,IS,142,0,,,,,,
1806101500,P1900390,IS,142,0,,,,,,
1806102000,P1900390,IS,142,0,,,,,,
1806103000,P1900390,IS,142,0,,,,,,
1806109000,P1900390,IS,142,0,,,,,,
1806200000,P1900390,IS,142,0,,,,,,
1806310000,P1900390,IS,142,0,,,,,,
1806320000,P1900390,IS,142,0,,,,,,
1806900000,P1900390,IS,142,0,,,,,,
1901100000,P1900390,IS,142,0,,,,,,
1901200000,P1900390,IS,142,0,,,,,,
1901901100,P1900390,IS,142,0,,,,,,
1901901900,P1900390,IS,142,0,,,,,,
1901909100,P1900390,IS,142,0,,,,,,
1901909900,P1900390,IS,142,0,,,,,,
1902110000,P1900390,IS,142,0,,,,,,
1902191000,P1900390,IS,142,0,,,,,,
1902199000,P1900390,IS,142,0,,,,,,
1902201000,P1900390,IS,142,0,,,,,,
1902209100,P1900390,IS,142,0,,,,,,
1902209900,P1900390,IS,142,0,,,,,,
1902301000,P1900390,IS,142,0,,,,,,
1902309000,P1900390,IS,142,0,,,,,,
1902400000,P1900390,IS,142,0,,,,,,
1903000000,P1900390,IS,142,0,,,,,,
1904100000,P1900390,IS,142,0,,,,,,
1904200000,P1900390,IS,142,0,,,,,,
1904300000,P1900390,IS,142,0,,,,,,
1904900000,P1900390,IS,142,0,,,,,,
1905100000,P1900390,IS,142,0,,,,,,
1905200000,P1900390,IS,142,0,,,,,,
1905310000,P1900390,IS,142,0,,,,,,
1905320000,P1900390,IS,142,0,,,,,,
1905400000,P1900390,IS,142,0,,,,,,
1905900000,P1900390,IS,142,0,,,,,,
2001100000,P1900390,IS,142,0,,,,,,
2001903000,P1900390,IS,142,0,,,,,,
2001904000,P1900390,IS,142,0,,,,,,
2001909210,P1900390,IS,142,0,,,,,,
2001909221,P1900390,IS,142,0,,,,,,
2001909229,P1900390,IS,142,0,,,,,,
2001909711,P1900390,IS,142,0,,,,,,
2001909719,P1900390,IS,142,0,,,,,,
2001909721,P1900390,IS,142,0,,,,,,
2001909729,P1900390,IS,142,0,,,,,,
2001909731,P1900390,IS,142,0,,,,,,
2001909739,P1900390,IS,142,0,,,,,,
2001909754,P1900390,IS,142,0,,,,,,
2001909756,P1900390,IS,142,0,,,,,,
2001909791,P1900390,IS,142,0,,,,,,
2001909799,P1900390,IS,142,0,,,,,,
2002000000,P1900390,IS,142,0,,,,,,
2003000000,P1900390,IS,142,0,,,,,,
2004109100,P1900390,IS,142,0,,,,,,
2004109900,P1900390,IS,142,0,,,,,,
2004901000,P1900390,IS,142,0,,,,,,
2004903000,P1900390,IS,142,0,,,,,,
2004905000,P1900390,IS,142,0,,,,,,
2004909810,P1900390,IS,142,0,,,,,,
2004909820,P1900390,IS,142,0,,,,,,
2004909830,P1900390,IS,142,0,,,,,,
2004909870,P1900390,IS,142,0,,,,,,
2004909880,P1900390,IS,142,0,,,,,,
2005100000,P1900390,IS,142,0,,,,,,
2005201000,P1900390,IS,142,0,,,,,,
2005202000,P1900390,IS,142,0,,,,,,
2005400000,P1900390,IS,142,0,,,,,,
2005510000,P1900390,IS,142,0,,,,,,
2005590000,P1900390,IS,142,0,,,,,,
2005600000,P1900390,IS,142,0,,,,,,
2005700000,P1900390,IS,142,0,,,,,,
2005800000,P1900390,IS,142,0,,,,,,
2005910000,P1900390,IS,142,0,,,,,,
2005990000,P1900390,IS,142,0,,,,,,
2006003811,P1900390,IS,142,0,,,,,,
2006003819,P1900390,IS,142,0,,,,,,
2006009991,P1900390,IS,142,0,,,,,,
2007100000,P1900390,IS,142,0,,,,,,
2007910000,P1900390,IS,142,0,,,,,,
2007990000,P1900390,IS,142,0,,,,,,
2008111000,P1900390,IS,142,0,,,,,,
2008119110,P1900390,IS,142,0,,,,,,
2008119190,P1900390,IS,142,0,,,,,,
2008119600,P1900390,IS,142,0,,,,,,
2008119800,P1900390,IS,142,0,,,,,,
2008190000,P1900390,IS,142,0,,,,,,
2008200000,P1900390,IS,142,0,,,,,,
2008300000,P1900390,IS,142,0,,,,,,
2008400000,P1900390,IS,142,0,,,,,,
2008500000,P1900390,IS,142,0,,,,,,
2008600000,P1900390,IS,142,0,,,,,,
2008700000,P1900390,IS,142,0,,,,,,
2008800000,P1900390,IS,142,0,,,,,,
2008910000,P1900390,IS,142,0,,,,,,
2008930000,P1900390,IS,142,0,,,,,,
2008970000,P1900390,IS,142,0,,,,,,
2008991100,P1900390,IS,142,0,,,,,,
2008991900,P1900390,IS,142,0,,,,,,
2008992100,P1900390,IS,142,0,,,,,,
2008992300,P1900390,IS,142,0,,,,,,
2008992400,P1900390,IS,142,0,,,,,,
2008992800,P1900390,IS,142,0,,,,,,
2008993100,P1900390,IS,142,0,,,,,,
2008993400,P1900390,IS,142,0,,,,,,
2008993600,P1900390,IS,142,0,,,,,,
2008993700,P1900390,IS,142,0,,,,,,
2008993800,P1900390,IS,142,0,,,,,,
2008994000,P1900390,IS,142,0,,,,,,
2008994300,P1900390,IS,142,0,,,,,,
2008994500,P1900390,IS,142,0,,,,,,
2008994800,P1900390,IS,142,0,,,,,,
2008994900,P1900390,IS,142,0,,,,,,
2008996300,P1900390,IS,142,0,,,,,,
2008996700,P1900390,IS,142,0,,,,,,
2008997200,P1900390,IS,142,0,,,,,,
2008997800,P1900390,IS,142,0,,,,,,
2008998500,P1900390,IS,142,0,,,,,,
2008999100,P1900390,IS,142,0,,,,,,
2008999900,P1900390,IS,142,0,,,,,,
2009000000,P1900390,IS,142,0,,,,,,
2101110000,P1900390,IS,142,0,,,,,,
2101129220,P1900390,IS,142,0,,,,,,
2101129292,P1900390,IS,142,0,,,,,,
2101129299,P1900390,IS,142,0,,,,,,
2101129820,P1900390,IS,142,0,,,,,,
2101129892,P1900390,IS,142,0,,,,,,
2101129894,P1900390,IS,142,0,,,,,,
2101129899,P1900390,IS,142,0,,,,,,
2101202000,P1900390,IS,142,0,,,,,,
2101209210,P1900390,IS,142,0,,,,,,
2101209282,P1900390,IS,142,0,,,,,,
2101209299,P1900390,IS,142,0,,,,,,
2101209800,P1900390,IS,142,0,,,,,,
2101209810,P1900390,IS,142,0,,,,,,
2101209885,P1900390,IS,142,0,,,,,,
2101209887,P1900390,IS,142,0,,,,,,
2101209899,P1900390,IS,142,0,,,,,,
2101301100,P1900390,IS,142,0,,,,,,
2101301900,P1900390,IS,142,0,,,,,,
2101309100,P1900390,IS,142,0,,,,,,
2101309900,P1900390,IS,142,0,,,,,,
2102101000,P1900390,IS,142,0,,,,,,
2102103100,P1900390,IS,142,0,,,,,,
2102103900,P1900390,IS,142,0,,,,,,
2102109000,P1900390,IS,142,0,,,,,,
2102201100,P1900390,IS,142,0,,,,,,
2102201900,P1900390,IS,142,0,,,,,,
2102300000,P1900390,IS,142,0,,,,,,
2103100000,P1900390,IS,142,0,,,,,,
2103200000,P1900390,IS,142,0,,,,,,
2103309010,P1900390,IS,142,0,,,,,,
2103309090,P1900390,IS,142,0,,,,,,
2103909000,P1900390,IS,142,0,,,,,,
2104100000,P1900390,IS,142,0,,,,,,
2104200000,P1900390,IS,142,0,,,,,,
2105001000,P1900390,IS,142,0,20.2 EUR / 100 kg,MAX 19.40%,,9.400 EUR / 100 kg,,
2105009100,P1900390,IS,142,0,37.220 EUR / 100 kg,MAX 18.10%,,7.000 EUR / 100 kg,,
2105009900,P1900390,IS,142,0,52.400 EUR / 100 kg,MAX 17.80%,,6.900 EUR / 100 kg,,
2106102000,P1900390,IS,142,0,,,,,,
2106108000,P1900390,IS,142,0,,,,,,
2106902000,P1900390,IS,142,0,,,,,,
2106905900,P1900390,IS,142,0,,,,,,
2106909240,P1900390,IS,142,0,,,,,,
2106909245,P1900390,IS,142,0,,,,,,
2106909250,P1900390,IS,142,0,,,,,,
2106909260,P1900390,IS,142,0,,,,,,
2106909800,P1900390,IS,142,0,,,,,,
2202100000,P1900390,IS,142,0,,,,,,
2202910000,P1900390,IS,142,0,,,,,,
2202991111,P1900390,IS,142,0,,,,,,
2202991119,P1900390,IS,142,0,,,,,,
2202991191,P1900390,IS,142,0,,,,,,
2202991199,P1900390,IS,142,0,,,,,,
2202991511,P1900390,IS,142,0,,,,,,
2202991519,P1900390,IS,142,0,,,,,,
2202991591,P1900390,IS,142,0,,,,,,
2202991599,P1900390,IS,142,0,,,,,,
2202991911,P1900390,IS,142,0,,,,,,
2202991919,P1900390,IS,142,0,,,,,,
2202991991,P1900390,IS,142,0,,,,,,
2202991999,P1900390,IS,142,0,,,,,,
2202999100,P1900390,IS,142,0,,,,,,
2202999500,P1900390,IS,142,0,,,,,,
2202999900,P1900390,IS,142,0,,,,,,
2204100000,P1900390,IS,142,0,,,,,,
2204210600,P1900390,IS,142,0,,,,,,
2204210700,P1900390,IS,142,0,,,,,,
2204210800,P1900390,IS,142,0,,,,,,
2204210900,P1900390,IS,142,0,,,,,,
2204219300,P1900390,IS,142,0,,,,,,
2204219400,P1900390,IS,142,0,,,,,,
2204219500,P1900390,IS,142,0,,,,,,
2204219600,P1900390,IS,142,0,,,,,,
2204219700,P1900390,IS,142,0,,,,,,
2204219800,P1900390,IS,142,0,,,,,,
2204221000,P1900390,IS,142,0,,,,,,
2204229300,P1900390,IS,142,0,,,,,,
2204229400,P1900390,IS,142,0,,,,,,
2204229500,P1900390,IS,142,0,,,,,,
2204229600,P1900390,IS,142,0,,,,,,
2204229700,P1900390,IS,142,0,,,,,,
2204229800,P1900390,IS,142,0,,,,,,
2204291000,P1900390,IS,142,0,,,,,,
2204299300,P1900390,IS,142,0,,,,,,
2204299400,P1900390,IS,142,0,,,,,,
2204299500,P1900390,IS,142,0,,,,,,
2204299600,P1900390,IS,142,0,,,,,,
2204299700,P1900390,IS,142,0,,,,,,
2204299800,P1900390,IS,142,0,,,,,,
2204300000,P1900390,IS,142,0,,,,,,
2205000000,P1900390,IS,142,0,,,,,,
2207100000,P1900390,IS,142,0,,,,,,
2207200000,P1900390,IS,142,0,,,,,,
2208400000,P1900390,IS,142,0,,,,,,
2208909100,P1900390,IS,142,0,,,,,,
2208909900,P1900390,IS,142,0,,,,,,
2209001100,P1900390,IS,142,0,,,,,,
2209001900,P1900390,IS,142,0,,,,,,
2209009100,P1900390,IS,142,0,,,,,,
2209009900,P1900390,IS,142,0,,,,,,
2302000000,P1900390,IS,142,0,,,,,,
2303101100,P1900390,IS,142,0,,,,,,
2306901900,P1900390,IS,142,0,,,,,,
2401000000,P1900390,IS,142,0,,,,,,
2402100000,P1900390,IS,142,0,,,,,,
2402201000,P1900390,IS,142,0,,,,,,
2402209000,P1900390,IS,142,0,,,,,,
2402900000,P1900390,IS,142,0,,,,,,
2403000000,P1900390,IS,142,0,,,,,,
2500000000,P1900390,IS,142,0,,,,,,
2701000000,P1900390,IS,142,0,,,,,,
2702000000,P1900390,IS,142,0,,,,,,
2703000000,P1900390,IS,142,0,,,,,,
2704000000,P1900390,IS,142,0,,,,,,
2705000000,P1900390,IS,142,0,,,,,,
2706000000,P1900390,IS,142,0,,,,,,
2707000000,P1900390,IS,142,0,,,,,,
2708000000,P1900390,IS,142,0,,,,,,
2709000000,P1900390,IS,142,0,,,,,,
2710000000,P1900390,IS,142,0,,,,,,
2711000000,P1900390,IS,142,0,,,,,,
2712000000,P1900390,IS,142,0,,,,,,
2713000000,P1900390,IS,142,0,,,,,,
2714000000,P1900390,IS,142,0,,,,,,
2715000000,P1900390,IS,142,0,,,,,,
2716000000,P1900390,IS,142,0,,,,,,
2800000000,P1900390,IS,142,0,,,,,,
2903000000,P1900390,IS,142,0,,,,,,
2904000000,P1900390,IS,142,0,,,,,,
2905110000,P1900390,IS,142,0,,,,,,
2905120000,P1900390,IS,142,0,,,,,,
2905130000,P1900390,IS,142,0,,,,,,
2905140000,P1900390,IS,142,0,,,,,,
2905160000,P1900390,IS,142,0,,,,,,
2905170000,P1900390,IS,142,0,,,,,,
2905190000,P1900390,IS,142,0,,,,,,
2905220000,P1900390,IS,142,0,,,,,,
2905290000,P1900390,IS,142,0,,,,,,
2905310000,P1900390,IS,142,0,,,,,,
2905320000,P1900390,IS,142,0,,,,,,
2905390000,P1900390,IS,142,0,,,,,,
2905410000,P1900390,IS,142,0,,,,,,
2905420000,P1900390,IS,142,0,,,,,,
2905430000,P1900390,IS,142,0,,,,,,
2905440000,P1900390,IS,142,0,,,,,,
2905450000,P1900390,IS,142,0,,,,,,
2905490000,P1900390,IS,142,0,,,,,,
2905590000,P1900390,IS,142,0,,,,,,
2906000000,P1900390,IS,142,0,,,,,,
2907000000,P1900390,IS,142,0,,,,,,
2908000000,P1900390,IS,142,0,,,,,,
2909000000,P1900390,IS,142,0,,,,,,
2910000000,P1900390,IS,142,0,,,,,,
2911000000,P1900390,IS,142,0,,,,,,
2912000000,P1900390,IS,142,0,,,,,,
2913000000,P1900390,IS,142,0,,,,,,
2914000000,P1900390,IS,142,0,,,,,,
2915000000,P1900390,IS,142,0,,,,,,
2916000000,P1900390,IS,142,0,,,,,,
2917000000,P1900390,IS,142,0,,,,,,
2918000000,P1900390,IS,142,0,,,,,,
2919000000,P1900390,IS,142,0,,,,,,
2920000000,P1900390,IS,142,0,,,,,,
2921000000,P1900390,IS,142,0,,,,,,
2922000000,P1900390,IS,142,0,,,,,,
2923000000,P1900390,IS,142,0,,,,,,
2924000000,P1900390,IS,142,0,,,,,,
2925000000,P1900390,IS,142,0,,,,,,
2926000000,P1900390,IS,142,0,,,,,,
2927000000,P1900390,IS,142,0,,,,,,
2928000000,P1900390,IS,142,0,,,,,,
2929000000,P1900390,IS,142,0,,,,,,
2930000000,P1900390,IS,142,0,,,,,,
2931000000,P1900390,IS,142,0,,,,,,
2932000000,P1900390,IS,142,0,,,,,,
2933000000,P1900390,IS,142,0,,,,,,
2934000000,P1900390,IS,142,0,,,,,,
2935000000,P1900390,IS,142,0,,,,,,
2938000000,P1900390,IS,142,0,,,,,,
2940000000,P1900390,IS,142,0,,,,,,
2941000000,P1900390,IS,142,0,,,,,,
2942000000,P1900390,IS,142,0,,,,,,
3100000000,P1900390,IS,142,0,,,,,,
3200000000,P1900390,IS,142,0,,,,,,
3301120000,P1900390,IS,142,0,,,,,,
3301130000,P1900390,IS,142,0,,,,,,
3301190000,P1900390,IS,142,0,,,,,,
3301240000,P1900390,IS,142,0,,,,,,
3301250000,P1900390,IS,142,0,,,,,,
3301290000,P1900390,IS,142,0,,,,,,
3301300000,P1900390,IS,142,0,,,,,,
3301901000,P1900390,IS,142,0,,,,,,
3301902100,P1900390,IS,142,0,,,,,,
3301909000,P1900390,IS,142,0,,,,,,
3302101000,P1900390,IS,142,0,,,,,,
3302102100,P1900390,IS,142,0,,,,,,
3302102900,P1900390,IS,142,0,,,,,,
3306000000,P1900390,IS,142,0,,,,,,
3307000000,P1900390,IS,142,0,,,,,,
3400000000,P1900390,IS,142,0,,,,,,
3501101000,P1900390,IS,142,0,,,,,,
3501105000,P1900390,IS,142,0,,,,,,
3501109000,P1900390,IS,142,0,,,,,,
3501900000,P1900390,IS,142,0,,,,,,
3502907000,P1900390,IS,142,0,,,,,,
3502909000,P1900390,IS,142,0,,,,,,
3503000000,P1900390,IS,142,0,,,,,,
3504000000,P1900390,IS,142,0,,,,,,
3505100000,P1900390,IS,142,0,,,,,,
3505200000,P1900390,IS,142,0,,,,,,
3506000000,P1900390,IS,142,0,,,,,,
3507000000,P1900390,IS,142,0,,,,,,
3600000000,P1900390,IS,142,0,,,,,,
3700000000,P1900390,IS,142,0,,,,,,
3801000000,P1900390,IS,142,0,,,,,,
3802000000,P1900390,IS,142,0,,,,,,
3803000000,P1900390,IS,142,0,,,,,,
3804000000,P1900390,IS,142,0,,,,,,
3805000000,P1900390,IS,142,0,,,,,,
3806000000,P1900390,IS,142,0,,,,,,
3807000000,P1900390,IS,142,0,,,,,,
3808000000,P1900390,IS,142,0,,,,,,
3809100000,P1900390,IS,142,0,,,,,,
3809910000,P1900390,IS,142,0,,,,,,
3809920000,P1900390,IS,142,0,,,,,,
3809930000,P1900390,IS,142,0,,,,,,
3810000000,P1900390,IS,142,0,,,,,,
3811000000,P1900390,IS,142,0,,,,,,
3812000000,P1900390,IS,142,0,,,,,,
3813000000,P1900390,IS,142,0,,,,,,
3814000000,P1900390,IS,142,0,,,,,,
3815000000,P1900390,IS,142,0,,,,,,
3816000000,P1900390,IS,142,0,,,,,,
3817000000,P1900390,IS,142,0,,,,,,
3819000000,P1900390,IS,142,0,,,,,,
3820000000,P1900390,IS,142,0,,,,,,
3821000000,P1900390,IS,142,0,,,,,,
3823110090,P1900390,IS,142,0,,,,,,
3823120090,P1900390,IS,142,0,,,,,,
3823130090,P1900390,IS,142,0,,,,,,
3823191090,P1900390,IS,142,0,,,,,,
3823193020,P1900390,IS,142,0,,,,,,
3823193089,P1900390,IS,142,0,,,,,,
3823199020,P1900390,IS,142,0,,,,,,
3823199089,P1900390,IS,142,0,,,,,,
3823700090,P1900390,IS,142,0,,,,,,
3824100000,P1900390,IS,142,0,,,,,,
3824300000,P1900390,IS,142,0,,,,,,
3824400000,P1900390,IS,142,0,,,,,,
3824500000,P1900390,IS,142,0,,,,,,
3824600000,P1900390,IS,142,0,,,,,,
3824710000,P1900390,IS,142,0,,,,,,
3824720000,P1900390,IS,142,0,,,,,,
3824730000,P1900390,IS,142,0,,,,,,
3824740000,P1900390,IS,142,0,,,,,,
3824750000,P1900390,IS,142,0,,,,,,
3824760000,P1900390,IS,142,0,,,,,,
3824770000,P1900390,IS,142,0,,,,,,
3824780000,P1900390,IS,142,0,,,,,,
3824790000,P1900390,IS,142,0,,,,,,
3824840000,P1900390,IS,142,0,,,,,,
3824850000,P1900390,IS,142,0,,,,,,
3824860000,P1900390,IS,142,0,,,,,,
3824870000,P1900390,IS,142,0,,,,,,
3824880000,P1900390,IS,142,0,,,,,,
3824910000,P1900390,IS,142,0,,,,,,
3824991000,P1900390,IS,142,0,,,,,,
3824991500,P1900390,IS,142,0,,,,,,
3824992000,P1900390,IS,142,0,,,,,,
3824992500,P1900390,IS,142,0,,,,,,
3824993000,P1900390,IS,142,0,,,,,,
3824994500,P1900390,IS,142,0,,,,,,
3824995000,P1900390,IS,142,0,,,,,,
3824995500,P1900390,IS,142,0,,,,,,
3824995600,P1900390,IS,142,0,,,,,,
3824995700,P1900390,IS,142,0,,,,,,
3824996100,P1900390,IS,142,0,,,,,,
3824996400,P1900390,IS,142,0,,,,,,
3824996500,P1900390,IS,142,0,,,,,,
3824997000,P1900390,IS,142,0,,,,,,
3824998600,P1900390,IS,142,0,,,,,,
3824999200,P1900390,IS,142,0,,,,,,
3824999300,P1900390,IS,142,0,,,,,,
3824999600,P1900390,IS,142,0,,,,,,
3825000000,P1900390,IS,142,0,,,,,,
3826001000,P1900390,IS,142,0,,,,,,
3826009000,P1900390,IS,142,0,,,,,,
3900000000,P1900390,IS,142,0,,,,,,
4000000000,P1900390,IS,142,0,,,,,,
4100000000,P1900390,IS,142,0,,,,,,
4200000000,P1900390,IS,142,0,,,,,,
4300000000,P1900390,IS,142,0,,,,,,
4400000000,P1900390,IS,142,0,,,,,,
4503000000,P1900390,IS,142,0,,,,,,
4504000000,P1900390,IS,142,0,,,,,,
4600000000,P1900390,IS,142,0,,,,,,
5000000000,P1900390,IS,142,0,,,,,,
5100000000,P1900390,IS,142,0,,,,,,
5200000000,P1900390,IS,142,0,,,,,,
5300000000,P1900390,IS,142,0,,,,,,
5400000000,P1900390,IS,142,0,,,,,,
5500000000,P1900390,IS,142,0,,,,,,
5600000000,P1900390,IS,142,0,,,,,,
5700000000,P1900390,IS,142,0,,,,,,
5800000000,P1900390,IS,142,0,,,,,,
5900000000,P1900390,IS,142,0,,,,,,
6000000000,P1900390,IS,142,0,,,,,,
6100000000,P1900390,IS,142,0,,,,,,
6200000000,P1900390,IS,142,0,,,,,,
6300000000,P1900390,IS,142,0,,,,,,
6400000000,P1900390,IS,142,0,,,,,,
6500000000,P1900390,IS,142,0,,,,,,
6600000000,P1900390,IS,142,0,,,,,,
6700000000,P1900390,IS,142,0,,,,,,
6800000000,P1900390,IS,142,0,,,,,,
6900000000,P1900390,IS,142,0,,,,,,
7000000000,P1900390,IS,142,0,,,,,,
7100000000,P1900390,IS,142,0,,,,,,
7201000000,P1900390,IS,142,0,,,,,,
7202000000,P1900390,IS,142,0,,,,,,
7300000000,P1900390,IS,142,0,,,,,,
7400000000,P1900390,IS,142,0,,,,,,
7500000000,P1900390,IS,142,0,,,,,,
7600000000,P1900390,IS,142,0,,,,,,
7800000000,P1900390,IS,142,0,,,,,,
7900000000,P1900390,IS,142,0,,,,,,
8100000000,P1900390,IS,142,0,,,,,,
8200000000,P1900390,IS,142,0,,,,,,
8300000000,P1900390,IS,142,0,,,,,,
8400000000,P1900390,IS,142,0,,,,,,
8500000000,P1900390,IS,142,0,,,,,,
8600000000,P1900390,IS,142,0,,,,,,
8700000000,P1900390,IS,142,0,,,,,,
8800000000,P1900390,IS,142,0,,,,,,
8900000000,P1900390,IS,142,0,,,,,,
9000000000,P1900390,IS,142,0,,,,,,
9100000000,P1900390,IS,142,0,,,,,,
9200000000,P1900390,IS,142,0,,,,,,
9300000000,P1900390,IS,142,0,,,,,,
9400000000,P1900390,IS,142,0,,,,,,
9500000000,P1900390,IS,142,0,,,,,,
9600000000,P1900390,IS,142,0,,,,,,
