Commodity,Regulation ID,Geographical area,Measure type,Ad valorem,Specific,Ceiling,Minimum,Specific 2,Date from,Date to
0101299000,P1900400,NO,142,0.00,,,,,,
0208907000,P1900400,NO,142,0.00,,,,,,
0301190000,P1900400,NO,142,2.20,,,,,,
0301911000,P1900400,NO,142,2.40,,,,,,
0301919000,P1900400,NO,142,3.60,,,,,,
0301930000,P1900400,NO,142,2.40,,,,,,
0301940000,P1900400,NO,142,4.80,,,,,,
0301950000,P1900400,NO,142,4.80,,,,,,
0301991700,P1900400,NO,142,2.40,,,,,,
0301998500,P1900400,NO,142,4.80,,,,,,
0302111000,P1900400,NO,142,2.40,,,,,,
0302112000,P1900400,NO,142,3.60,,,,,,
0302118000,P1900400,NO,142,3.60,,,,,,
0302190000,P1900400,NO,142,2.40,,,,,,
0302211000,P1900400,NO,142,0.00,,,,,,
0302213000,P1900400,NO,142,0.00,,,,,,
0302219000,P1900400,NO,142,4.50,,,,,,
0302220000,P1900400,NO,142,2.20,,,,,,
0302230000,P1900400,NO,142,4.50,,,,,,
0302240000,P1900400,NO,142,4.50,,,,,,
0302290000,P1900400,NO,142,4.50,,,,,,
0302319000,P1900400,NO,142,6.60,,,,,,
0302329000,P1900400,NO,142,6.60,,,,,,
0302339000,P1900400,NO,142,6.60,,,,,,
0302349000,P1900400,NO,142,6.60,,,,,,
0302351900,P1900400,NO,142,6.60,,,,,,
0302359900,P1900400,NO,142,6.60,,,,,,
0302369000,P1900400,NO,142,6.60,,,,,,
0302398000,P1900400,NO,142,6.60,,,,,,
0302420000,P1900400,NO,142,4.50,,,,,,
0302431000,P1900400,NO,142,6.90,,,,,,
0302433000,P1900400,NO,142,4.50,,,,,,
0302439000,P1900400,NO,142,3.90,,,,,2020-01-01,2020-02-14
0302439000,P1900400,NO,142,3.90,,,,,2019-06-16,2019-12-31
0302450000,P1900400,NO,142,4.50,,,,,,
0302460000,P1900400,NO,142,4.50,,,,,,
0302470000,P1900400,NO,142,4.50,,,,,,
0302491900,P1900400,NO,142,6.60,,,,,,
0302499000,P1900400,NO,142,4.50,,,,,,
0302510000,P1900400,NO,142,0.00,,,,,,
0302520000,P1900400,NO,142,0.00,,,,,,
0302530000,P1900400,NO,142,0.00,,,,,,
0302541100,P1900400,NO,142,4.50,,,,,,
0302541500,P1900400,NO,142,4.50,,,,,,
0302541900,P1900400,NO,142,4.50,,,,,,
0302549000,P1900400,NO,142,4.50,,,,,,
0302550000,P1900400,NO,142,2.20,,,,,,
0302560000,P1900400,NO,142,2.20,,,,,,
0302591000,P1900400,NO,142,0.00,,,,,,
0302592000,P1900400,NO,142,2.20,,,,,,
0302593000,P1900400,NO,142,2.20,,,,,,
0302594000,P1900400,NO,142,2.20,,,,,,
0302599000,P1900400,NO,142,4.50,,,,,,
0302710000,P1900400,NO,142,2.40,,,,,,
0302720000,P1900400,NO,142,2.40,,,,,,
0302730000,P1900400,NO,142,2.40,,,,,,
0302790000,P1900400,NO,142,2.40,,,,,,
0302811500,P1900400,NO,142,1.80,,,,,,
0302813000,P1900400,NO,142,2.40,,,,,,
0302814000,P1900400,NO,142,2.40,,,,,,
0302818000,P1900400,NO,142,2.40,,,,,,
0302820000,P1900400,NO,142,4.50,,,,,,
0302830000,P1900400,NO,142,4.50,,,,,,
0302841000,P1900400,NO,142,4.50,,,,,,
0302849000,P1900400,NO,142,4.50,,,,,,
0302851000,P1900400,NO,142,4.50,,,,,,
0302853000,P1900400,NO,142,4.50,,,,,,
0302859000,P1900400,NO,142,4.50,,,,,,
0302891000,P1900400,NO,142,2.40,,,,,,
0302892900,P1900400,NO,142,6.60,,,,,,
0302893100,P1900400,NO,142,2.20,,,,,,
0302893900,P1900400,NO,142,2.20,,,,,,
0302894000,P1900400,NO,142,4.50,,,,,,
0302895000,P1900400,NO,142,4.50,,,,,,
0302896000,P1900400,NO,142,2.20,,,,,,
0302899000,P1900400,NO,142,4.50,,,,,,
0302910030,P1900400,NO,142,3.00,,,,,,
0302910040,P1900400,NO,142,3.00,,,,,,
0302910050,P1900400,NO,142,3.00,,,,,,
0302910095,P1900400,NO,142,3.00,,,,,,
0302910097,P1900400,NO,142,3.00,,,,,,
0302920010,P1900400,NO,142,1.80,,,,,,
0302920020,P1900400,NO,142,1.80,,,,,,
0302920090,P1900400,NO,142,2.40,,,,,,
0302990011,P1900400,NO,142,2.40,,,,,,
0302990019,P1900400,NO,142,3.00,,,,,,
0302990045,P1900400,NO,142,2.40,,,,,,
0302990050,P1900400,NO,142,2.20,,,,,,
0302990060,P1900400,NO,142,3.00,,,,,,
0302990065,P1900400,NO,142,0.00,,,,,,
0302990071,P1900400,NO,142,3.00,,,,,,
0302990079,P1900400,NO,142,0.00,,,,,,
0302990080,P1900400,NO,142,0.00,,,,,,
0302990085,P1900400,NO,142,0.00,,,,,,
0302990090,P1900400,NO,142,3.00,,,,,,
0303141000,P1900400,NO,142,2.70,,,,,,
0303142000,P1900400,NO,142,3.60,,,,,,
0303149000,P1900400,NO,142,3.60,,,,,,
0303190000,P1900400,NO,142,2.70,,,,,,
0303230000,P1900400,NO,142,2.40,,,,,,
0303240000,P1900400,NO,142,2.40,,,,,,
0303250000,P1900400,NO,142,2.40,,,,,,
0303290000,P1900400,NO,142,2.40,,,,,,
0303311000,P1900400,NO,142,0.00,,,,,,
0303313000,P1900400,NO,142,0.00,,,,,,
0303319000,P1900400,NO,142,4.50,,,,,,
0303320000,P1900400,NO,142,4.50,,,,,,
0303330000,P1900400,NO,142,2.20,,,,,,
0303340000,P1900400,NO,142,4.50,,,,,,
0303391000,P1900400,NO,142,2.20,,,,,,
0303393000,P1900400,NO,142,2.20,,,,,,
0303395000,P1900400,NO,142,2.20,,,,,,
0303398500,P1900400,NO,142,4.50,,,,,,
0303419000,P1900400,NO,142,6.60,,,,,,
0303429000,P1900400,NO,142,6.60,,,,,,
0303439000,P1900400,NO,142,6.60,,,,,,
0303449000,P1900400,NO,142,6.60,,,,,,
0303451800,P1900400,NO,142,6.60,,,,,,
0303459900,P1900400,NO,142,6.60,,,,,,
0303469000,P1900400,NO,142,6.60,,,,,,
0303498500,P1900400,NO,142,6.60,,,,,,
0303531000,P1900400,NO,142,6.90,,,,,,
0303533000,P1900400,NO,142,4.50,,,,,,
0303539000,P1900400,NO,142,3.90,,,,,2020-01-01,2020-02-14
0303539000,P1900400,NO,142,3.90,,,,,2019-06-16,2019-12-31
0303550000,P1900400,NO,142,4.50,,,,,,
0303560000,P1900400,NO,142,4.50,,,,,,
0303570000,P1900400,NO,142,2.20,,,,,,
0303591000,P1900400,NO,142,4.50,,,,,,
0303592900,P1900400,NO,142,6.60,,,,,,
0303599000,P1900400,NO,142,4.50,,,,,,
0303630000,P1900400,NO,142,0.00,,,,,,
0303640000,P1900400,NO,142,0.00,,,,,,
0303650000,P1900400,NO,142,0.00,,,,,,
0303661100,P1900400,NO,142,4.50,,,,,,
0303661200,P1900400,NO,142,4.50,,,,,,
0303661300,P1900400,NO,142,4.50,,,,,,
0303661900,P1900400,NO,142,4.50,,,,,,
0303669000,P1900400,NO,142,4.50,,,,,,
0303670000,P1900400,NO,142,4.50,,,,,,
0303680000,P1900400,NO,142,2.20,,,,,,
0303691000,P1900400,NO,142,0.00,,,,,,
0303693000,P1900400,NO,142,2.20,,,,,,
0303695000,P1900400,NO,142,4.50,,,,,,
0303697000,P1900400,NO,142,2.20,,,,,,
0303698000,P1900400,NO,142,2.20,,,,,,
0303699000,P1900400,NO,142,4.50,,,,,,
0303811500,P1900400,NO,142,1.80,,,,,,
0303813000,P1900400,NO,142,2.40,,,,,,
0303814000,P1900400,NO,142,2.40,,,,,,
0303819000,P1900400,NO,142,2.40,,,,,,
0303820000,P1900400,NO,142,4.50,,,,,,
0303830000,P1900400,NO,142,4.50,,,,,,
0303840000,P1900400,NO,142,4.50,,,,,,
0303891000,P1900400,NO,142,2.40,,,,,,
0303892900,P1900400,NO,142,6.60,,,,,,
0303893100,P1900400,NO,142,2.20,,,,,,
0303893900,P1900400,NO,142,2.20,,,,,,
0303894000,P1900400,NO,142,3.00,,,,,2020-01-01,2020-02-14
0303894000,P1900400,NO,142,3.00,,,,,2019-06-16,2019-12-31
0303895000,P1900400,NO,142,4.50,,,,,,
0303895500,P1900400,NO,142,4.50,,,,,,
0303896000,P1900400,NO,142,4.50,,,,,,
0303896500,P1900400,NO,142,4.50,,,,,,
0303897000,P1900400,NO,142,2.20,,,,,,
0303899000,P1900400,NO,142,4.50,,,,,,
0303919010,P1900400,NO,142,3.00,,,,,,
0303919091,P1900400,NO,142,3.00,,,,,,
0303919099,P1900400,NO,142,3.00,,,,,,
0303920000,P1900400,NO,142,2.40,,,,,,
0303990030,P1900400,NO,142,3.00,,,,,,
0303990035,P1900400,NO,142,3.00,,,,,,
0303990040,P1900400,NO,142,3.00,,,,,,
0303990045,P1900400,NO,142,3.00,,,,,,
0303990050,P1900400,NO,142,0.00,,,,,,
0303990055,P1900400,NO,142,0.00,,,,,,
0303990060,P1900400,NO,142,3.00,,,,,,
0303990065,P1900400,NO,142,0.00,,,,,,
0303990070,P1900400,NO,142,0.00,,,,,,
0303990085,P1900400,NO,142,3.00,,,,,,
0303990087,P1900400,NO,142,0.00,,,,,,
0303990089,P1900400,NO,142,0.00,,,,,,
0303990095,P1900400,NO,142,3.00,,,,,,
0303990099,P1900400,NO,142,3.00,,,,,,
0304310000,P1900400,NO,142,2.70,,,,,,
0304320000,P1900400,NO,142,2.70,,,,,,
0304330000,P1900400,NO,142,2.70,,,,,,
0304390010,P1900400,NO,142,2.70,,,,,,
0304390020,P1900400,NO,142,2.70,,,,,,
0304390090,P1900400,NO,142,2.70,,,,,,
0304421000,P1900400,NO,142,3.60,,,,,,
0304425000,P1900400,NO,142,2.70,,,,,,
0304429000,P1900400,NO,142,3.60,,,,,,
0304430010,P1900400,NO,142,0.00,,,,,,
0304430090,P1900400,NO,142,5.40,,,,,,
0304441000,P1900400,NO,142,0.00,,,,,,
0304443000,P1900400,NO,142,0.00,,,,,,
0304449010,P1900400,NO,142,0.00,,,,,,
0304449090,P1900400,NO,142,5.40,,,,,,
0304450000,P1900400,NO,142,5.40,,,,,,
0304460000,P1900400,NO,142,5.40,,,,,,
0304470000,P1900400,NO,142,5.40,,,,,,
0304480000,P1900400,NO,142,5.40,,,,,,
0304491000,P1900400,NO,142,2.70,,,,,,
0304495000,P1900400,NO,142,5.40,,,,,,
0304499030,P1900400,NO,142,5.40,,,,,,
0304499040,P1900400,NO,142,5.40,,,,,,
0304499050,P1900400,NO,142,5.40,,,,,,
0304499060,P1900400,NO,142,5.40,,,,,,
0304499070,P1900400,NO,142,5.40,,,,,,
0304499090,P1900400,NO,142,5.40,,,,,,
0304510000,P1900400,NO,142,2.40,,,,,,
0304520000,P1900400,NO,142,2.40,,,,,,
0304530011,P1900400,NO,142,4.50,,,,,,
0304530019,P1900400,NO,142,4.50,,,,,,
0304530020,P1900400,NO,142,4.50,,,,,,
0304530031,P1900400,NO,142,4.50,,,,,,
0304530039,P1900400,NO,142,4.50,,,,,,
0304530090,P1900400,NO,142,4.50,,,,,,
0304540000,P1900400,NO,142,4.50,,,,,,
0304550000,P1900400,NO,142,4.50,,,,,,
0304561000,P1900400,NO,142,4.50,,,,,,
0304562000,P1900400,NO,142,4.50,,,,,,
0304563000,P1900400,NO,142,4.50,,,,,,
0304569000,P1900400,NO,142,4.50,,,,,,
0304570000,P1900400,NO,142,4.50,,,,,,
0304591000,P1900400,NO,142,2.40,,,,,,
0304599015,P1900400,NO,142,4.50,,,,,,
0304599020,P1900400,NO,142,4.50,,,,,,
0304599030,P1900400,NO,142,4.50,,,,,,
0304599035,P1900400,NO,142,4.50,,,,,,
0304599040,P1900400,NO,142,4.50,,,,,,
0304599045,P1900400,NO,142,4.50,,,,,,
0304599050,P1900400,NO,142,4.50,,,,,,
0304599055,P1900400,NO,142,4.50,,,,,,
0304599065,P1900400,NO,142,4.50,,,,,,
0304599090,P1900400,NO,142,4.50,,,,,,
0304610000,P1900400,NO,142,2.70,,,,,,
0304620000,P1900400,NO,142,2.70,,,,,,
0304630000,P1900400,NO,142,2.70,,,,,,
0304690010,P1900400,NO,142,2.70,,,,,,
0304690020,P1900400,NO,142,2.70,,,,,,
0304690090,P1900400,NO,142,2.70,,,,,,
0304711000,P1900400,NO,142,0.90,,,,,,
0304719000,P1900400,NO,142,0.90,,,,,,
0304720000,P1900400,NO,142,0.90,,,,,,
0304730000,P1900400,NO,142,0.90,,,,,,
0304741100,P1900400,NO,142,0.90,,,,,,
0304741500,P1900400,NO,142,0.90,,,,,,
0304741900,P1900400,NO,142,0.90,,,,,,
0304749000,P1900400,NO,142,0.90,,,,,,
0304750010,P1900400,NO,142,0.90,,,,,,
0304750090,P1900400,NO,142,0.90,,,,,,
0304791000,P1900400,NO,142,0.90,,,,,,
0304793000,P1900400,NO,142,0.90,,,,,,
0304795000,P1900400,NO,142,0.90,,,,,,
0304798000,P1900400,NO,142,0.90,,,,,,
0304799000,P1900400,NO,142,0.90,,,,,,
0304821000,P1900400,NO,142,3.60,,,,,,
0304825000,P1900400,NO,142,2.70,,,,,,
0304829000,P1900400,NO,142,3.60,,,,,,
0304831000,P1900400,NO,142,0.90,,,,,,
0304833000,P1900400,NO,142,0.90,,,,,,
0304835000,P1900400,NO,142,0.90,,,,,,
0304839000,P1900400,NO,142,0.90,,,,,,
0304840000,P1900400,NO,142,0.90,,,,,,
0304850000,P1900400,NO,142,0.90,,,,,,
0304860000,P1900400,NO,142,3.00,,,,,,
0304870000,P1900400,NO,142,5.40,,,,,,
0304881100,P1900400,NO,142,0.90,,,,,,
0304881500,P1900400,NO,142,0.90,,,,,,
0304881800,P1900400,NO,142,0.90,,,,,,
0304881900,P1900400,NO,142,0.90,,,,,,
0304889000,P1900400,NO,142,0.90,,,,,,
0304891000,P1900400,NO,142,2.70,,,,,,
0304892100,P1900400,NO,142,0.90,,,,,,
0304892900,P1900400,NO,142,0.90,,,,,,
0304893000,P1900400,NO,142,5.40,,,,,,
0304894100,P1900400,NO,142,3.00,,,,,,
0304894910,P1900400,NO,142,3.00,,,,,,
0304894920,P1900400,NO,142,3.00,,,,,,
0304894990,P1900400,NO,142,0.90,,,,,,
0304896000,P1900400,NO,142,0.90,,,,,,
0304899000,P1900400,NO,142,0.90,,,,,,
0304910000,P1900400,NO,142,2.20,,,,,,
0304920000,P1900400,NO,142,2.20,,,,,,
0304931000,P1900400,NO,142,4.20,,,,,,
0304939000,P1900400,NO,142,2.40,,,,,,
0304941000,P1900400,NO,142,4.20,,,,,,
0304949000,P1900400,NO,142,2.20,,,,,,
0304951000,P1900400,NO,142,4.20,,,,,,
0304952100,P1900400,NO,142,2.20,,,,,,
0304952500,P1900400,NO,142,2.20,,,,,,
0304952900,P1900400,NO,142,2.20,,,,,,
0304953000,P1900400,NO,142,2.20,,,,,,
0304954000,P1900400,NO,142,2.20,,,,,,
0304955000,P1900400,NO,142,2.20,,,,,,
0304956000,P1900400,NO,142,2.20,,,,,,
0304959000,P1900400,NO,142,2.20,,,,,,
0304961000,P1900400,NO,142,2.20,,,,,,
0304962000,P1900400,NO,142,2.20,,,,,,
0304963000,P1900400,NO,142,2.20,,,,,,
0304969000,P1900400,NO,142,2.20,,,,,,
0304970000,P1900400,NO,142,2.20,,,,,,
0304991000,P1900400,NO,142,4.20,,,,,,
0304992111,P1900400,NO,142,2.40,,,,,,
0304992112,P1900400,NO,142,2.40,,,,,,
0304992120,P1900400,NO,142,2.40,,,,,,
0304992190,P1900400,NO,142,2.40,,,,,,
0304992310,P1900400,NO,142,3.00,,,,,,
0304992320,P1900400,NO,142,3.00,,,,,,
0304992330,P1900400,NO,142,3.00,,,,,,
0304992900,P1900400,NO,142,2.40,,,,,,
0304995500,P1900400,NO,142,4.50,,,,,,
0304996100,P1900400,NO,142,4.50,,,,,,
0304996500,P1900400,NO,142,2.20,,,,,,
0304999920,P1900400,NO,142,2.20,,,,,,
0304999925,P1900400,NO,142,2.20,,,,,,
0304999940,P1900400,NO,142,2.20,,,,,,
0304999950,P1900400,NO,142,2.20,,,,,,
0304999970,P1900400,NO,142,2.20,,,,,,
0304999990,P1900400,NO,142,2.20,,,,,,
0305100000,P1900400,NO,142,3.90,,,,,,
0305200018,P1900400,NO,142,3.30,,,,,,
0305200019,P1900400,NO,142,3.30,,,,,,
0305200021,P1900400,NO,142,3.30,,,,,,
0305200030,P1900400,NO,142,3.30,,,,,,
0305200035,P1900400,NO,142,3.30,,,,,,
0305200039,P1900400,NO,142,3.30,,,,,,
0305200074,P1900400,NO,142,3.30,,,,,,
0305200075,P1900400,NO,142,3.30,,,,,,
0305200076,P1900400,NO,142,3.30,,,,,,
0305200077,P1900400,NO,142,3.30,,,,,,
0305200078,P1900400,NO,142,3.30,,,,,,
0305200079,P1900400,NO,142,3.30,,,,,,
0305200096,P1900400,NO,142,3.30,,,,,,
0305200099,P1900400,NO,142,3.30,,,,,,
0305310000,P1900400,NO,142,0.00,,,,,,
0305321100,P1900400,NO,142,0.00,,,,,,
0305321900,P1900400,NO,142,0.00,,,,,,
0305329000,P1900400,NO,142,0.00,,,,,,
0305395000,P1900400,NO,142,4.50,,,,,,
0305399000,P1900400,NO,142,0.00,,,,,,
0305430011,P1900400,NO,142,4.20,,,,,,
0305430019,P1900400,NO,142,4.20,,,,,,
0305430090,P1900400,NO,142,4.20,,,,,,
0305440000,P1900400,NO,142,4.20,,,,,,
0305491000,P1900400,NO,142,4.50,,,,,,
0305492000,P1900400,NO,142,4.80,,,,,,
0305498000,P1900400,NO,142,4.20,,,,,,
0305511000,P1900400,NO,142,0.00,,,,,,
0305519010,P1900400,NO,142,3.90,,,,,,
0305519020,P1900400,NO,142,3.90,,,,,,
0305519030,P1900400,NO,142,3.90,,,,,,
0305520000,P1900400,NO,142,3.60,,,,,,
0305531010,P1900400,NO,142,0.00,,,,,,
0305531090,P1900400,NO,142,3.90,,,,,,
0305539000,P1900400,NO,142,3.60,,,,,,
0305545000,P1900400,NO,142,3.00,,,,,,
0305549000,P1900400,NO,142,3.60,,,,,,
0305597000,P1900400,NO,142,4.50,,,,,,
0305598500,P1900400,NO,142,3.60,,,,,,
0305620000,P1900400,NO,142,0.00,,,,,,
0305630000,P1900400,NO,142,3.00,,,,,,
0305640000,P1900400,NO,142,3.60,,,,,,
0305691000,P1900400,NO,142,0.00,,,,,,
0305693000,P1900400,NO,142,4.50,,,,,,
0305698000,P1900400,NO,142,3.60,,,,,,
0305710010,P1900400,NO,142,4.20,,,,,,
0305710090,P1900400,NO,142,3.60,,,,,,
0305720010,P1900400,NO,142,3.90,,,,,,
0305720015,P1900400,NO,142,0.00,,,,,,
0305720020,P1900400,NO,142,3.90,,,,,,
0305720025,P1900400,NO,142,0.00,,,,,,
0305720030,P1900400,NO,142,3.90,,,,,,
0305720035,P1900400,NO,142,0.00,,,,,,
0305720038,P1900400,NO,142,3.90,,,,,,
0305720039,P1900400,NO,142,0.00,,,,,,
0305720041,P1900400,NO,142,3.00,,,,,,
0305720046,P1900400,NO,142,4.50,,,,,,
0305720047,P1900400,NO,142,3.60,,,,,,
0305720049,P1900400,NO,142,3.60,,,,,,
0305720050,P1900400,NO,142,0.00,,,,,,
0305720051,P1900400,NO,142,3.00,,,,,,
0305720052,P1900400,NO,142,0.00,,,,,,
0305720054,P1900400,NO,142,0.00,,,,,,
0305720056,P1900400,NO,142,0.00,,,,,,
0305720057,P1900400,NO,142,4.50,,,,,,
0305720058,P1900400,NO,142,3.60,,,,,,
0305720059,P1900400,NO,142,3.60,,,,,,
0305720060,P1900400,NO,142,0.00,,,,,,
0305720061,P1900400,NO,142,3.00,,,,,,
0305720062,P1900400,NO,142,0.00,,,,,,
0305720064,P1900400,NO,142,0.00,,,,,,
0305720069,P1900400,NO,142,0.00,,,,,,
0305720071,P1900400,NO,142,4.50,,,,,,
0305720072,P1900400,NO,142,3.60,,,,,,
0305720079,P1900400,NO,142,3.60,,,,,,
0305720091,P1900400,NO,142,3.60,,,,,,
0305720099,P1900400,NO,142,3.60,,,,,,
0305790010,P1900400,NO,142,3.90,,,,,,
0305790015,P1900400,NO,142,0.00,,,,,,
0305790020,P1900400,NO,142,3.90,,,,,,
0305790025,P1900400,NO,142,0.00,,,,,,
0305790030,P1900400,NO,142,3.90,,,,,,
0305790035,P1900400,NO,142,0.00,,,,,,
0305790038,P1900400,NO,142,3.90,,,,,,
0305790039,P1900400,NO,142,0.00,,,,,,
0305790041,P1900400,NO,142,3.00,,,,,,
0305790046,P1900400,NO,142,4.50,,,,,,
0305790047,P1900400,NO,142,3.60,,,,,,
0305790049,P1900400,NO,142,3.60,,,,,,
0305790050,P1900400,NO,142,0.00,,,,,,
0305790051,P1900400,NO,142,3.00,,,,,,
0305790052,P1900400,NO,142,0.00,,,,,,
0305790054,P1900400,NO,142,0.00,,,,,,
0305790056,P1900400,NO,142,0.00,,,,,,
0305790057,P1900400,NO,142,4.50,,,,,,
0305790058,P1900400,NO,142,3.60,,,,,,
0305790059,P1900400,NO,142,3.60,,,,,,
0305790060,P1900400,NO,142,0.00,,,,,,
0305790061,P1900400,NO,142,3.00,,,,,,
0305790062,P1900400,NO,142,0.00,,,,,,
0305790064,P1900400,NO,142,0.00,,,,,,
0305790069,P1900400,NO,142,0.00,,,,,,
0305790071,P1900400,NO,142,4.50,,,,,,
0305790072,P1900400,NO,142,3.60,,,,,,
0305790079,P1900400,NO,142,3.60,,,,,,
0305790091,P1900400,NO,142,3.60,,,,,,
0305790099,P1900400,NO,142,3.60,,,,,,
0306111000,P1900400,NO,142,3.70,,,,,,
0306119000,P1900400,NO,142,3.70,,,,,,
0306121000,P1900400,NO,142,1.80,,,,,,
0306129000,P1900400,NO,142,4.80,,,,,,
0306141000,P1900400,NO,142,2.20,,,,,,
0306143000,P1900400,NO,142,2.20,,,,,,
0306149000,P1900400,NO,142,2.20,,,,,,
0306191000,P1900400,NO,142,2.20,,,,,,
0306199000,P1900400,NO,142,3.60,,,,,,
0306310000,P1900400,NO,142,3.70,,,,,,
0306321000,P1900400,NO,142,2.40,,,,,,
0306329100,P1900400,NO,142,2.40,,,,,,
0306329900,P1900400,NO,142,3.00,,,,,,
0306331000,P1900400,NO,142,2.20,,,,,,
0306339000,P1900400,NO,142,2.20,,,,,,
0306391000,P1900400,NO,142,2.20,,,,,,
0306399020,P1900400,NO,142,3.60,,,,,,
0306399090,P1900400,NO,142,3.60,,,,,,
0306910000,P1900400,NO,142,3.70,,,,,,
0306921000,P1900400,NO,142,2.40,,,,,,
0306929000,P1900400,NO,142,3.00,,,,,,
0306931000,P1900400,NO,142,2.20,,,,,,
0306939000,P1900400,NO,142,2.20,,,,,,
0306991000,P1900400,NO,142,2.20,,,,,,
0306999020,P1900400,NO,142,3.60,,,,,,
0306999090,P1900400,NO,142,3.60,,,,,,
0307119000,P1900400,NO,142,2.70,,,,,,
0307120000,P1900400,NO,142,2.70,,,,,,
0307190000,P1900400,NO,142,2.70,,,,,,
0307210091,P1900400,NO,142,2.40,,,,,,
0307210099,P1900400,NO,142,2.40,,,,,,
0307229000,P1900400,NO,142,2.40,,,,,,
0307290000,P1900400,NO,142,2.40,,,,,,
0307311000,P1900400,NO,142,3.00,,,,,,
0307319000,P1900400,NO,142,2.40,,,,,,
0307321000,P1900400,NO,142,3.00,,,,,,
0307329000,P1900400,NO,142,2.40,,,,,,
0307392000,P1900400,NO,142,3.00,,,,,,
0307398000,P1900400,NO,142,2.40,,,,,,
0307421000,P1900400,NO,142,2.40,,,,,,
0307422000,P1900400,NO,142,1.80,,,,,,
0307423000,P1900400,NO,142,2.40,,,,,,
0307424000,P1900400,NO,142,1.80,,,,,,
0307429000,P1900400,NO,142,3.30,,,,,,
0307432100,P1900400,NO,142,1.80,,,,,,
0307432500,P1900400,NO,142,2.40,,,,,,
0307432900,P1900400,NO,142,2.40,,,,,,
0307433100,P1900400,NO,142,1.80,,,,,,
0307433300,P1900400,NO,142,1.80,,,,,,
0307433500,P1900400,NO,142,1.80,,,,,,
0307433800,P1900400,NO,142,1.80,,,,,,
0307439100,P1900400,NO,142,2.40,,,,,,
0307439200,P1900400,NO,142,2.40,,,,,,
0307439500,P1900400,NO,142,1.80,,,,,,
0307439900,P1900400,NO,142,3.30,,,,,,
0307492000,P1900400,NO,142,2.40,,,,,,
0307494000,P1900400,NO,142,1.80,,,,,,
0307495000,P1900400,NO,142,2.40,,,,,,
0307496000,P1900400,NO,142,1.80,,,,,,
0307498000,P1900400,NO,142,3.30,,,,,,
0307510000,P1900400,NO,142,2.40,,,,,,
0307520000,P1900400,NO,142,2.40,,,,,,
0307590000,P1900400,NO,142,2.40,,,,,,
0307710000,P1900400,NO,142,3.30,,,,,,
0307721000,P1900400,NO,142,2.40,,,,,,
0307729000,P1900400,NO,142,3.30,,,,,,
0307790000,P1900400,NO,142,3.30,,,,,,
0307810000,P1900400,NO,142,3.30,,,,,,
0307820000,P1900400,NO,142,3.30,,,,,,
0307830000,P1900400,NO,142,3.30,,,,,,
0307840000,P1900400,NO,142,3.30,,,,,,
0307870000,P1900400,NO,142,3.30,,,,,,
0307880000,P1900400,NO,142,3.30,,,,,,
0307910000,P1900400,NO,142,3.30,,,,,,
0307920000,P1900400,NO,142,3.30,,,,,,
0307990000,P1900400,NO,142,3.30,,,,,,
0308110000,P1900400,NO,142,3.30,,,,,,
0308120000,P1900400,NO,142,3.30,,,,,,
0308190000,P1900400,NO,142,3.30,,,,,,
0308210000,P1900400,NO,142,3.30,,,,,,
0308220000,P1900400,NO,142,3.30,,,,,,
0308290000,P1900400,NO,142,3.30,,,,,,
0308308000,P1900400,NO,142,3.30,,,,,,
0308901000,P1900400,NO,142,3.30,,,,,,
0308905000,P1900400,NO,142,3.30,,,,,,
0308909000,P1900400,NO,142,3.30,,,,,,
0403105100,P1900400,NO,142,0.00,95.000 EUR / 100 kg,,,,,
0403105300,P1900400,NO,142,0.00,126.490 EUR / 100 kg,,,,,
0403105900,P1900400,NO,142,0.00,168.800 EUR / 100 kg,,,,,
0403109100,P1900400,NO,142,0.00,12.400 EUR / 100 kg,,,,,
0403109300,P1900400,NO,142,0.00,17.100 EUR / 100 kg,,,,,
0403109900,P1900400,NO,142,0.00,26.600 EUR / 100 kg,,,,,
0403907100,P1900400,NO,142,0.00,95.000 EUR / 100 kg,,,,,
0403907300,P1900400,NO,142,0.00,126.490 EUR / 100 kg,,,,,
0403907900,P1900400,NO,142,0.00,168.800 EUR / 100 kg,,,,,
0403909100,P1900400,NO,142,0.00,12.400 EUR / 100 kg,,,,,
0403909300,P1900400,NO,142,0.00,17.100 EUR / 100 kg,,,,,
0403909900,P1900400,NO,142,0.00,26.600 EUR / 100 kg,,,,,
0405201010,P1900400,NO,142,0.00,,,,,,
0405201080,P1900400,NO,142,0.00,,,,,,
0405203010,P1900400,NO,142,0.00,,,,,,
0405203080,P1900400,NO,142,6.00,,,,,,
0511993900,P1900400,NO,142,0.00,,,,,,
0601101000,P1900400,NO,142,0.00,,,,,,
0601102000,P1900400,NO,142,0.00,,,,,,
0601103000,P1900400,NO,142,0.00,,,,,,
0601104000,P1900400,NO,142,0.00,,,,,,
0601109000,P1900400,NO,142,0.00,,,,,,
0601203000,P1900400,NO,142,0.00,,,,,,
0601209000,P1900400,NO,142,0.00,,,,,,
0602109000,P1900400,NO,142,0.00,,,,,,
0602202000,P1900400,NO,142,0.00,,,,,,
0602203000,P1900400,NO,142,0.00,,,,,,
0602208000,P1900400,NO,142,0.00,,,,,,
0602300010,P1900400,NO,142,0.00,,,,,,
0602901000,P1900400,NO,142,0.00,,,,,,
0602903000,P1900400,NO,142,0.00,,,,,,
0602904100,P1900400,NO,142,0.00,,,,,,
0602904500,P1900400,NO,142,0.00,,,,,,
0602904600,P1900400,NO,142,0.00,,,,,,
0602904700,P1900400,NO,142,0.00,,,,,,
0602904800,P1900400,NO,142,0.00,,,,,,
0602905000,P1900400,NO,142,0.00,,,,,,
0602909100,P1900400,NO,142,0.00,,,,,,
0602909900,P1900400,NO,142,0.00,,,,,,
0604201900,P1900400,NO,142,0.00,,,,,,
0604202000,P1900400,NO,142,0.00,,,,,,
0604204000,P1900400,NO,142,0.00,,,,,,
0604209000,P1900400,NO,142,0.00,,,,,,
0604901900,P1900400,NO,142,0.00,,,,,,
0703200000,P1900400,NO,142,9.60,,,,,,
0703900000,P1900400,NO,142,0.00,,,,,,
0704100010,P1900400,NO,142,0.00,,,,,,
0704901000,P1900400,NO,142,0.00,,,,,,
0704909000,P1900400,NO,142,0.00,,,,,,
0705290000,P1900400,NO,142,0.00,,,,,,
0708200080,P1900400,NO,142,0.00,,,,,,
0708900000,P1900400,NO,142,0.00,,,,,,
0709400000,P1900400,NO,142,0.00,,,,,,
0709700000,P1900400,NO,142,0.00,,,,,,
0709996010,P1900400,NO,142,0.00,,,,,,
0710220090,P1900400,NO,142,0.00,,,,,,
0710300000,P1900400,NO,142,0.00,,,,,,
0710400000,P1900400,NO,142,0.00,7.580 EUR / 100 kg / net drained wt,,,,,
0710806100,P1900400,NO,142,0.00,,,,,,
0710806900,P1900400,NO,142,0.00,,,,,,
0710808000,P1900400,NO,142,0.00,,,,,,
0710808500,P1900400,NO,142,0.00,,,,,,
0710809578,P1900400,NO,142,0.00,,,,,,
0711510000,P1900400,NO,142,0.00,,,,,,
0711590000,P1900400,NO,142,0.00,,,,,,
0711903000,P1900400,NO,142,0.00,7.580 EUR / 100 kg / net drained wt,,,,,
0712200000,P1900400,NO,142,0.00,,,,,,
0712310000,P1900400,NO,142,0.00,,,,,,
0712320000,P1900400,NO,142,0.00,,,,,,
0712330000,P1900400,NO,142,0.00,,,,,,
0712390000,P1900400,NO,142,0.00,,,,,,
0713500000,P1900400,NO,142,0.00,,,,,,
0713900000,P1900400,NO,142,0.00,,,,,,
0714100000,P1900400,NO,142,0.00,,,,,,
0714201000,P1900400,NO,142,0.00,,,,,,
0714209000,P1900400,NO,142,0.00,,,,,,
0714300099,P1900400,NO,142,0.00,,,,,,
0714400099,P1900400,NO,142,0.00,,,,,,
0714500099,P1900400,NO,142,0.00,,,,,,
0802410000,P1900400,NO,142,0.00,,,,,,
0802420000,P1900400,NO,142,0.00,,,,,,
0802510000,P1900400,NO,142,0.00,,,,,,
0802520000,P1900400,NO,142,0.00,,,,,,
0802610000,P1900400,NO,142,0.00,,,,,,
0802620000,P1900400,NO,142,0.00,,,,,,
0802905000,P1900400,NO,142,0.00,,,,,,
0802908500,P1900400,NO,142,0.00,,,,,,
0804100000,P1900400,NO,142,0.00,,,,,,
0804201000,P1900400,NO,142,0.00,,,,,,
0805400000,P1900400,NO,142,0.00,,,,,,
0805900000,P1900400,NO,142,0.00,,,,,,
0806101000,P1900400,NO,142,0.00,,,,,2019-04-13,2019-07-20
0806109000,P1900400,NO,142,0.00,,,,,,
0808400000,P1900400,NO,142,0.00,,,,,,
0809409000,P1900400,NO,142,0.00,,,,,,
0810209000,P1900400,NO,142,0.00,,,,,,
0810301000,P1900400,NO,142,0.00,,,,,,
0810303000,P1900400,NO,142,0.00,,,,,,
0810309000,P1900400,NO,142,0.00,,,,,,
0810403000,P1900400,NO,142,0.00,,,,,,
0810405000,P1900400,NO,142,0.00,,,,,,
0810409000,P1900400,NO,142,0.00,,,,,,
0810600000,P1900400,NO,142,0.00,,,,,,
0810700000,P1900400,NO,142,0.00,,,,,,
0810907500,P1900400,NO,142,0.00,,,,,,
0811201115,P1900400,NO,142,0.00,,,,,,
0811201120,P1900400,NO,142,0.00,,,,,,
0811201125,P1900400,NO,142,0.00,,,,,,
0811201135,P1900400,NO,142,0.00,,,,,,
0811201140,P1900400,NO,142,0.00,,,,,,
0811201145,P1900400,NO,142,0.00,,,,,,
0811201915,P1900400,NO,142,0.00,,,,,,
0811201920,P1900400,NO,142,0.00,,,,,,
0811201925,P1900400,NO,142,0.00,,,,,,
0811201935,P1900400,NO,142,0.00,,,,,,
0811201940,P1900400,NO,142,0.00,,,,,,
0811201945,P1900400,NO,142,0.00,,,,,,
0811205100,P1900400,NO,142,0.00,,,,,,
0811205900,P1900400,NO,142,0.00,,,,,,
0811209000,P1900400,NO,142,0.00,,,,,,
0811909500,P1900400,NO,142,0.00,,,,,,
0812100000,P1900400,NO,142,0.00,,,,,,
0901000000,P1900400,NO,142,0.00,,,,,,
0902000000,P1900400,NO,142,0.00,,,,,,
0904120000,P1900400,NO,142,0.00,,,,,,
0904211000,P1900400,NO,142,0.00,,,,,,
0904220000,P1900400,NO,142,0.00,,,,,,
0905100000,P1900400,NO,142,0.00,,,,,,
0905200000,P1900400,NO,142,0.00,,,,,,
0907100000,P1900400,NO,142,0.00,,,,,,
0907200000,P1900400,NO,142,0.00,,,,,,
0910209000,P1900400,NO,142,0.00,,,,,,
0910919000,P1900400,NO,142,0.00,,,,,,
0910993300,P1900400,NO,142,0.00,,,,,,
0910993900,P1900400,NO,142,0.00,,,,,,
0910995000,P1900400,NO,142,0.00,,,,,,
0910999900,P1900400,NO,142,0.00,,,,,,
1008500000,P1900400,NO,142,0.00,,,,,,
1104290400,P1900400,NO,142,0.00,,,,,,
1104290500,P1900400,NO,142,0.00,,,,,,
1104290800,P1900400,NO,142,0.00,,,,,,
1104291700,P1900400,NO,142,0.00,,,,,,
1104293000,P1900400,NO,142,0.00,,,,,,
1104295100,P1900400,NO,142,0.00,,,,,,
1104295500,P1900400,NO,142,0.00,,,,,,
1104295900,P1900400,NO,142,0.00,,,,,,
1104298100,P1900400,NO,142,0.00,,,,,,
1104298500,P1900400,NO,142,0.00,,,,,,
1104298900,P1900400,NO,142,0.00,,,,,,
1106100000,P1900400,NO,142,0.00,,,,,,
1106301000,P1900400,NO,142,0.00,,,,,,
1106309000,P1900400,NO,142,0.00,,,,,,
1108110000,P1900400,NO,142,0.00,,,,,,
1108120000,P1900400,NO,142,0.00,,,,,,
1108140000,P1900400,NO,142,0.00,,,,,,
1108191000,P1900400,NO,142,0.00,,,,,,
1108199000,P1900400,NO,142,0.00,,,,,,
1108200000,P1900400,NO,142,0.00,,,,,,
1109000000,P1900400,NO,142,0.00,,,,,,
1209100000,P1900400,NO,142,0.00,,,,,,
1209913000,P1900400,NO,142,0.00,,,,,,
1209918000,P1900400,NO,142,0.00,,,,,,
1210100000,P1900400,NO,142,0.00,,,,,,
1210201000,P1900400,NO,142,0.00,,,,,,
1210209000,P1900400,NO,142,0.00,,,,,,
1302120000,P1900400,NO,142,0.00,,,,,,
1302130000,P1900400,NO,142,0.00,,,,,,
1302190500,P1900400,NO,142,0.00,,,,,,
1302201013,P1900400,NO,142,0.00,,,,,,
1302201015,P1900400,NO,142,0.00,,,,,,
1302201061,P1900400,NO,142,18.60,,,,,,
1302201069,P1900400,NO,142,18.60,,,,,,
1302201071,P1900400,NO,142,18.60,,,,,,
1302201079,P1900400,NO,142,18.60,,,,,,
1302209011,P1900400,NO,142,0.00,,,,,,
1302209020,P1900400,NO,142,0.00,,,,,,
1302209061,P1900400,NO,142,10.90,,,,,,
1302209069,P1900400,NO,142,10.90,,,,,,
1302209091,P1900400,NO,142,10.90,,,,,,
1302209099,P1900400,NO,142,10.90,,,,,,
1502109000,P1900400,NO,142,0.00,,,,,,
1502909000,P1900400,NO,142,0.00,,,,,,
1503001900,P1900400,NO,142,0.00,,,,,,
1503009000,P1900400,NO,142,0.00,,,,,,
1504101000,P1900400,NO,142,0.00,,,,,,
1504109900,P1900400,NO,142,0.00,,,,,,
1505001000,P1900400,NO,142,0.00,,,,,,
1507101000,P1900400,NO,142,0.00,,,,,,
1507109000,P1900400,NO,142,0.00,,,,,,
1507901000,P1900400,NO,142,0.00,,,,,,
1507909000,P1900400,NO,142,0.00,,,,,,
1508109000,P1900400,NO,142,0.00,,,,,,
1508901000,P1900400,NO,142,0.00,,,,,,
1508909000,P1900400,NO,142,0.00,,,,,,
1509101000,P1900400,NO,142,0.00,,,,,,
1509102000,P1900400,NO,142,0.00,,,,,,
1509108000,P1900400,NO,142,0.00,,,,,,
1509900000,P1900400,NO,142,0.00,,,,,,
1510001000,P1900400,NO,142,0.00,,,,,,
1510009000,P1900400,NO,142,0.00,,,,,,
1511109000,P1900400,NO,142,0.00,,,,,,
1511901100,P1900400,NO,142,0.00,,,,,,
1511901900,P1900400,NO,142,0.00,,,,,,
1511909100,P1900400,NO,142,0.00,,,,,,
1511909900,P1900400,NO,142,0.00,,,,,,
1512111000,P1900400,NO,142,0.00,,,,,,
1512119100,P1900400,NO,142,0.00,,,,,,
1512119900,P1900400,NO,142,0.00,,,,,,
1512191000,P1900400,NO,142,0.00,,,,,,
1512199000,P1900400,NO,142,0.00,,,,,,
1512211000,P1900400,NO,142,0.00,,,,,,
1512219000,P1900400,NO,142,0.00,,,,,,
1512291000,P1900400,NO,142,0.00,,,,,,
1512299000,P1900400,NO,142,0.00,,,,,,
1513111000,P1900400,NO,142,0.00,,,,,,
1513119100,P1900400,NO,142,0.00,,,,,,
1513119900,P1900400,NO,142,0.00,,,,,,
1513191100,P1900400,NO,142,0.00,,,,,,
1513191900,P1900400,NO,142,0.00,,,,,,
1513193000,P1900400,NO,142,0.00,,,,,,
1513199100,P1900400,NO,142,0.00,,,,,,
1513199900,P1900400,NO,142,0.00,,,,,,
1513211000,P1900400,NO,142,0.00,,,,,,
1513213000,P1900400,NO,142,0.00,,,,,,
1513219000,P1900400,NO,142,0.00,,,,,,
1513291100,P1900400,NO,142,0.00,,,,,,
1513291900,P1900400,NO,142,0.00,,,,,,
1513293000,P1900400,NO,142,0.00,,,,,,
1513295000,P1900400,NO,142,0.00,,,,,,
1513299000,P1900400,NO,142,0.00,,,,,,
1514111000,P1900400,NO,142,0.00,,,,,,
1514119000,P1900400,NO,142,0.00,,,,,,
1514191000,P1900400,NO,142,0.00,,,,,,
1514199000,P1900400,NO,142,0.00,,,,,,
1514911000,P1900400,NO,142,0.00,,,,,,
1514919000,P1900400,NO,142,0.00,,,,,,
1514991000,P1900400,NO,142,0.00,,,,,,
1514999000,P1900400,NO,142,0.00,,,,,,
1515110000,P1900400,NO,142,0.00,,,,,,
1515191000,P1900400,NO,142,0.00,,,,,,
1515199000,P1900400,NO,142,0.00,,,,,,
1515211000,P1900400,NO,142,0.00,,,,,,
1515219000,P1900400,NO,142,0.00,,,,,,
1515291000,P1900400,NO,142,0.00,,,,,,
1515299000,P1900400,NO,142,0.00,,,,,,
1515309000,P1900400,NO,142,0.00,,,,,,
1515501100,P1900400,NO,142,0.00,,,,,,
1515501900,P1900400,NO,142,0.00,,,,,,
1515509100,P1900400,NO,142,0.00,,,,,,
1515509900,P1900400,NO,142,0.00,,,,,,
1515902900,P1900400,NO,142,0.00,,,,,,
1515903900,P1900400,NO,142,0.00,,,,,,
1515904000,P1900400,NO,142,0.00,,,,,,
1515905100,P1900400,NO,142,0.00,,,,,,
1515905900,P1900400,NO,142,0.00,,,,,,
1515906000,P1900400,NO,142,0.00,,,,,,
1515909100,P1900400,NO,142,0.00,,,,,,
1515909900,P1900400,NO,142,0.00,,,,,,
1516101000,P1900400,NO,142,0.00,,,,,,
1516109000,P1900400,NO,142,0.00,,,,,,
1516201000,P1900400,NO,142,0.00,,,,,,
1516209100,P1900400,NO,142,0.00,,,,,,
1516209500,P1900400,NO,142,0.00,,,,,,
1516209600,P1900400,NO,142,0.00,,,,,,
1516209800,P1900400,NO,142,0.00,,,,,,
1517101000,P1900400,NO,142,0.00,26.100 EUR / 100 kg,,,,,
1517901000,P1900400,NO,142,0.00,26.100 EUR / 100 kg,,,,,
1517909100,P1900400,NO,142,0.00,,,,,,
1517909300,P1900400,NO,142,0.00,,,,,,
1517909900,P1900400,NO,142,0.00,,,,,,
1518001000,P1900400,NO,142,0.00,,,,,,
1518003100,P1900400,NO,142,0.00,,,,,,
1518003900,P1900400,NO,142,0.00,,,,,,
1518009100,P1900400,NO,142,0.00,,,,,,
1518009500,P1900400,NO,142,0.00,,,,,,
1518009900,P1900400,NO,142,0.00,,,,,,
1521000000,P1900400,NO,142,0.00,,,,,,
1522000000,P1900400,NO,142,0.00,,,,,,
1602201000,P1900400,NO,142,0.00,,,,,,
1603001000,P1900400,NO,142,0.00,,,,,,
1604121000,P1900400,NO,142,3.00,,,,,,
1604131100,P1900400,NO,142,3.70,,,,,,
1604131900,P1900400,NO,142,3.70,,,,,,
1604139010,P1900400,NO,142,3.70,,,,,,
1604139091,P1900400,NO,142,3.60,,,,,,
1604139092,P1900400,NO,142,3.70,,,,,,
1604139099,P1900400,NO,142,3.70,,,,,,
1604142100,P1900400,NO,142,7.20,,,,,,
1604142600,P1900400,NO,142,7.20,,,,,,
1604142800,P1900400,NO,142,7.20,,,,,,
1604143100,P1900400,NO,142,7.20,,,,,,
1604143600,P1900400,NO,142,7.20,,,,,,
1604143800,P1900400,NO,142,7.20,,,,,,
1604144100,P1900400,NO,142,7.20,,,,,,
1604144600,P1900400,NO,142,7.20,,,,,,
1604144800,P1900400,NO,142,7.20,,,,,,
1604149000,P1900400,NO,142,7.50,,,,,,
1604160000,P1900400,NO,142,7.50,,,,,,
1604170000,P1900400,NO,142,6.00,,,,,,
1604180000,P1900400,NO,142,6.00,,,,,,
1604191000,P1900400,NO,142,2.10,,,,,,
1604193100,P1900400,NO,142,7.20,,,,,,
1604193900,P1900400,NO,142,7.20,,,,,,
1604195000,P1900400,NO,142,3.70,,,,,,
1604199100,P1900400,NO,142,0.00,,,,,,
1604199200,P1900400,NO,142,6.00,,,,,,
1604199300,P1900400,NO,142,6.00,,,,,,
1604199400,P1900400,NO,142,6.00,,,,,,
1604199500,P1900400,NO,142,6.00,,,,,,
1604199700,P1900400,NO,142,6.00,,,,,,
1604200500,P1900400,NO,142,6.00,,,,,,
1604203000,P1900400,NO,142,2.10,,,,,,
1604204000,P1900400,NO,142,7.50,,,,,,
1604205010,P1900400,NO,142,7.50,,,,,,
1604205019,P1900400,NO,142,7.50,,,,,,
1604205030,P1900400,NO,142,7.50,,,,,,
1604205090,P1900400,NO,142,7.50,,,,,,
1604207000,P1900400,NO,142,7.20,,,,,,
1604209020,P1900400,NO,142,4.20,,,,,,
1604209030,P1900400,NO,142,3.60,,,,,,
1604209035,P1900400,NO,142,4.20,,,,,,
1604209050,P1900400,NO,142,4.20,,,,,,
1604209060,P1900400,NO,142,4.20,,,,,,
1604209090,P1900400,NO,142,4.20,,,,,,
1604310000,P1900400,NO,142,6.00,,,,,,
1604320000,P1900400,NO,142,0.00,,,,,,
1605100011,P1900400,NO,142,2.20,,,,,,
1605100021,P1900400,NO,142,2.20,,,,,,
1605100091,P1900400,NO,142,2.40,,,,,,
1605100095,P1900400,NO,142,2.40,,,,,,
1605100097,P1900400,NO,142,2.40,,,,,,
1605100029,P1900400,NO,142,2.20,,,,,,
1605211040,P1900400,NO,142,7.50,,,,,,
1605211050,P1900400,NO,142,7.50,,,,,,
1605211091,P1900400,NO,142,7.50,,,,,,
1605219040,P1900400,NO,142,7.50,,,,,,
1605219060,P1900400,NO,142,7.50,,,,,,
1605219091,P1900400,NO,142,7.50,,,,,,
1605290040,P1900400,NO,142,7.50,,,,,,
1605290045,P1900400,NO,142,7.50,,,,,,
1605290091,P1900400,NO,142,7.50,,,,,,
1605309000,P1900400,NO,142,6.00,,,,,,
1605400070,P1900400,NO,142,6.00,,,,,,
1605510000,P1900400,NO,142,6.00,,,,,,
1605520090,P1900400,NO,142,6.00,,,,,,
1605531000,P1900400,NO,142,6.00,,,,,,
1605539000,P1900400,NO,142,6.00,,,,,,
1605540000,P1900400,NO,142,6.00,,,,,,
1605550000,P1900400,NO,142,6.00,,,,,,
1605560000,P1900400,NO,142,6.00,,,,,,
1605570000,P1900400,NO,142,6.00,,,,,,
1605590090,P1900400,NO,142,6.00,,,,,,
1605610000,P1900400,NO,142,7.80,,,,,,
1605620000,P1900400,NO,142,7.80,,,,,,
1605630000,P1900400,NO,142,7.80,,,,,,
1605690000,P1900400,NO,142,7.80,,,,,,
1702201010,P1900400,NO,142,0.00,,,,,,
1702209010,P1900400,NO,142,0.00,,,,,,
1702500000,P1900400,NO,142,0.00,,,,,,
1702901000,P1900400,NO,142,0.00,,,,,,
1704101000,P1900400,NO,142,0.00,,MAX 17.90%,,,,
1704109000,P1900400,NO,142,0.00,,MAX 18.20%,,,,
1704901000,P1900400,NO,142,12.00,,,,,,
1704903000,P1900400,NO,142,0.00,,MAX 18.90%,,16.500 EUR / 100 kg,,
1704905100,P1900400,NO,142,0.00,,,,,,
1704905500,P1900400,NO,142,0.00,,,,,,
1704906100,P1900400,NO,142,0.00,,,,,,
1704906500,P1900400,NO,142,0.00,,,,,,
1704907100,P1900400,NO,142,0.00,,,,,,
1704907500,P1900400,NO,142,0.00,,,,,,
1704908100,P1900400,NO,142,0.00,,,,,,
1704909900,P1900400,NO,142,0.00,,,,,,
1803000000,P1900400,NO,142,0.00,,,,,,
1804000000,P1900400,NO,142,0.00,,,,,,
1805000000,P1900400,NO,142,0.00,,,,,,
1806101500,P1900400,NO,142,0.00,,,,,,
1806102000,P1900400,NO,142,0.00,24.380 EUR / 100 kg,,,,,
1806103000,P1900400,NO,142,0.00,30.480 EUR / 100 kg,,,,,
1806109000,P1900400,NO,142,0.00,40.640 EUR / 100 kg,,,,,
1806201000,P1900400,NO,142,0.00,,,,,,
1806203000,P1900400,NO,142,0.00,,,,,,
1806205000,P1900400,NO,142,0.00,,,,,,
1806207000,P1900400,NO,142,6.00,,,,,,
1806208000,P1900400,NO,142,0.00,,,,,,
1806209500,P1900400,NO,142,0.00,,,,,,
1806310000,P1900400,NO,142,0.00,,,,,,
1806320000,P1900400,NO,142,0.00,,,,,,
1806901100,P1900400,NO,142,0.00,,,,,,
1806901900,P1900400,NO,142,0.00,,,,,,
1806903100,P1900400,NO,142,0.00,,,,,,
1806903900,P1900400,NO,142,0.00,,,,,,
1806905000,P1900400,NO,142,0.00,,,,,,
1806906000,P1900400,NO,142,0.00,,,,,,
1806907000,P1900400,NO,142,0.00,,,,,,
1806909000,P1900400,NO,142,0.00,,,,,,
1901100000,P1900400,NO,142,0.00,,,,,,
1901200000,P1900400,NO,142,0.00,,,,,,
1901901100,P1900400,NO,142,0.00,14.790 EUR / 100 kg,,,,,
1901901900,P1900400,NO,142,0.00,12.060 EUR / 100 kg,,,,,
1901909100,P1900400,NO,142,0.00,,,,,,
1901909900,P1900400,NO,142,0.00,,,,,,
1902110000,P1900400,NO,142,0.00,12.660 EUR / 100 kg,,,,,
1902191000,P1900400,NO,142,0.00,12.660 EUR / 100 kg,,,,,
1902199000,P1900400,NO,142,0.00,12.660 EUR / 100 kg,,,,,
1902201000,P1900400,NO,142,8.20,,,,,,
1902209100,P1900400,NO,142,0.00,3.110 EUR / 100 kg,,,,,
1902209900,P1900400,NO,142,0.00,8.800 EUR / 100 kg,,,,,
1902301000,P1900400,NO,142,0.00,12.660 EUR / 100 kg,,,,,
1902309000,P1900400,NO,142,0.00,5.000 EUR / 100 kg,,,,,
1902401000,P1900400,NO,142,0.00,12.660 EUR / 100 kg,,,,,
1902409000,P1900400,NO,142,0.00,5.000 EUR / 100 kg,,,,,
1903000000,P1900400,NO,142,0.00,12.210 EUR / 100 kg,,,,,
1904101000,P1900400,NO,142,0.00,16.150 EUR / 100 kg,,,,,
1904103000,P1900400,NO,142,0.00,44.560 EUR / 100 kg,,,,,
1904109000,P1900400,NO,142,0.00,25.630 EUR / 100 kg,,,,,
1904201000,P1900400,NO,142,0.00,,,,,,
1904209100,P1900400,NO,142,0.00,16.150 EUR / 100 kg,,,,,
1904209500,P1900400,NO,142,0.00,44.560 EUR / 100 kg,,,,,
1904209900,P1900400,NO,142,0.00,25.630 EUR / 100 kg,,,,,
1904300000,P1900400,NO,142,0.00,13.190 EUR / 100 kg,,,,,
1904901000,P1900400,NO,142,0.00,44.560 EUR / 100 kg,,,,,
1904908000,P1900400,NO,142,0.00,13.190 EUR / 100 kg,,,,,
1905100000,P1900400,NO,142,0.00,10.620 EUR / 100 kg,,,,,
1905201000,P1900400,NO,142,0.00,16.530 EUR / 100 kg,,,,,
1905203000,P1900400,NO,142,0.00,23.070 EUR / 100 kg,,,,,
1905209000,P1900400,NO,142,0.00,29.600 EUR / 100 kg,,,,,
1905311100,P1900400,NO,142,0.00,,,,,,
1905311900,P1900400,NO,142,0.00,,,,,,
1905313000,P1900400,NO,142,0.00,,,,,,
1905319100,P1900400,NO,142,0.00,,,,,,
1905319900,P1900400,NO,142,0.00,,,,,,
1905320500,P1900400,NO,142,0.00,,,,,,
1905321100,P1900400,NO,142,0.00,,,,,,
1905321900,P1900400,NO,142,0.00,,,,,,
1905329100,P1900400,NO,142,0.00,,,,,,
1905329900,P1900400,NO,142,0.00,,,,,,
1905400000,P1900400,NO,142,0.00,,,,,,
1905901000,P1900400,NO,142,0.00,12.740 EUR / 100 kg,,,,,
1905902000,P1900400,NO,142,0.00,48.830 EUR / 100 kg,,,,,
1905903000,P1900400,NO,142,0.00,,,,,,
1905904500,P1900400,NO,142,0.00,,,,,,
1905905500,P1900400,NO,142,0.00,,,,,,
1905907000,P1900400,NO,142,0.00,,,,,,
1905908000,P1900400,NO,142,0.00,,,,,,
2001903000,P1900400,NO,142,0.00,7.580 EUR / 100 kg / net drained wt,,,,,
2001904000,P1900400,NO,142,8.30,3.030 EUR / 100 kg / net drained wt,,,,,
2001909210,P1900400,NO,142,0.00,,,,,,
2002900000,P1900400,NO,142,0.00,,,,,,
2003901000,P1900400,NO,142,0.00,,,,,,
2003909000,P1900400,NO,142,0.00,,,,,,
2004109100,P1900400,NO,142,0.00,,,,,,
2004901000,P1900400,NO,142,0.00,7.580 EUR / 100 kg / net drained wt,,,,,
2005201000,P1900400,NO,142,0.00,,,,,,
2005400000,P1900400,NO,142,0.00,,,,,,
2005800000,P1900400,NO,142,0.00,7.580 EUR / 100 kg / net drained wt,,,,,
2005910000,P1900400,NO,142,0.00,,,,,,
2006003811,P1900400,NO,142,0.00,9.120 EUR / 100 kg,,,,,
2006003819,P1900400,NO,142,0.00,9.120 EUR / 100 kg,,,,,
2006009991,P1900400,NO,142,0.00,9.120 EUR / 100 kg,,,,,
2007101000,P1900400,NO,142,13.98,4.070 EUR / 100 kg,,,,,
2007109100,P1900400,NO,142,13.14,,,,,,
2007109900,P1900400,NO,142,15.15,,,,,,
2007911000,P1900400,NO,142,11.64,22.310 EUR / 100 kg,,,,,
2007913000,P1900400,NO,142,11.64,4.070 EUR / 100 kg,,,,,
2007919000,P1900400,NO,142,18.90,,,,,,
2007991000,P1900400,NO,142,19.53,,,,,,
2007992000,P1900400,NO,142,13.98,19.110 EUR / 100 KG ,,,,,
2007993100,P1900400,NO,142,13.98,22.310 EUR / 100 KG ,,,,,
2007993300,P1900400,NO,142,13.98,22.310 EUR / 100 KG ,,,,,
2007993500,P1900400,NO,142,13.98,22.310 EUR / 100 KG ,,,,,
2007993900,P1900400,NO,142,7.00,22.310 EUR / 100 KG ,,,,,
2007995010,P1900400,NO,142,13.98,4.070 EUR / 100 KG ,,,,,
2007995025,P1900400,NO,142,13.98,4.070 EUR / 100 KG ,,,,,
2007995031,P1900400,NO,142,7.00,4.070 EUR / 100 KG ,,,,,
2007995032,P1900400,NO,142,7.00,4.070 EUR / 100 KG ,,,,,
2007995033,P1900400,NO,142,7.00,4.070 EUR / 100 KG ,,,,,
2007995093,P1900400,NO,142,7.00,4.070 EUR / 100 KG ,,,,,
2007995094,P1900400,NO,142,7.00,4.070 EUR / 100 KG ,,,,,
2007995095,P1900400,NO,142,7.00,4.070 EUR / 100 KG ,,,,,
2007995099,P1900400,NO,142,7.00,4.070 EUR / 100 KG ,,,,,
2007999300,P1900400,NO,142,13.14,,,,,,
2007999710,P1900400,NO,142,13.14,,,,,,
2007999721,P1900400,NO,142,16.31,,,,,,
2007999722,P1900400,NO,142,16.31,,,,,,
2007999723,P1900400,NO,142,16.31,,,,,,
2008111000,P1900400,NO,142,0.00,,,,,,
2008119110,P1900400,NO,142,0.00,,,,,,
2008119600,P1900400,NO,142,0.00,,,,,,
2008191200,P1900400,NO,142,0.00,,,,,,
2008191300,P1900400,NO,142,0.00,,,,,,
2008191900,P1900400,NO,142,0.00,,,,,,
2008199200,P1900400,NO,142,0.00,,,,,,
2008199300,P1900400,NO,142,0.00,,,,,,
2008199500,P1900400,NO,142,0.00,,,,,,
2008199900,P1900400,NO,142,0.00,,,,,,
2008910000,P1900400,NO,142,0.00,,,,,,
2008930000,P1900400,NO,142,0.00,,,,,,
2008970300,P1900400,NO,142,0.00,,,,,,
2008970500,P1900400,NO,142,0.00,,,,,,
2008971200,P1900400,NO,142,0.00,,,,,,
2008971400,P1900400,NO,142,0.00,,,,,,
2008971600,P1900400,NO,142,0.00,,,,,,
2008971800,P1900400,NO,142,0.00,,,,,,
2008973200,P1900400,NO,142,0.00,,,,,,
2008973400,P1900400,NO,142,0.00,,,,,,
2008973600,P1900400,NO,142,0.00,,,,,,
2008973800,P1900400,NO,142,0.00,,,,,,
2008975100,P1900400,NO,142,0.00,,,,,,
2008975900,P1900400,NO,142,0.00,,,,,,
2008977200,P1900400,NO,142,0.00,,,,,,
2008977400,P1900400,NO,142,0.00,,,,,,
2008977600,P1900400,NO,142,0.00,,,,,,
2008977800,P1900400,NO,142,0.00,,,,,,
2008979200,P1900400,NO,142,0.00,,,,,,
2008979300,P1900400,NO,142,0.00,,,,,,
2008979400,P1900400,NO,142,0.00,,,,,,
2008979600,P1900400,NO,142,0.00,,,,,,
2008979700,P1900400,NO,142,0.00,,,,,,
2008979800,P1900400,NO,142,0.00,,,,,,
2008994500,P1900400,NO,142,0.00,,,,,,
2008996700,P1900400,NO,142,0.00,,,,,,
2008997200,P1900400,NO,142,0.00,,,,,,
2008997800,P1900400,NO,142,0.00,,,,,,
2008998500,P1900400,NO,142,0.00,7.580 EUR / 100 kg / net drained wt,,,,,
2008999100,P1900400,NO,142,8.30,3.030 EUR / 100 kg / net drained wt,,,,,
2009119100,P1900400,NO,142,0.00,,,,,,
2009119900,P1900400,NO,142,0.00,,,,,,
2009191100,P1900400,NO,142,0.00,,,,,,
2009191900,P1900400,NO,142,0.00,,,,,,
2009311100,P1900400,NO,142,0.00,,,,,,
2009315100,P1900400,NO,142,0.00,,,,,,
2009319100,P1900400,NO,142,0.00,,,,,,
2009399100,P1900400,NO,142,0.00,,,,,,
2009419200,P1900400,NO,142,0.00,,,,,,
2009419900,P1900400,NO,142,0.00,,,,,,
2009810000,P1900400,NO,142,0.00,,,,,,
2009891100,P1900400,NO,142,0.00,,,,,,
2009891900,P1900400,NO,142,0.00,,,,,,
2009893400,P1900400,NO,142,0.00,,,,,,
2009893500,P1900400,NO,142,0.00,,,,,,
2009893600,P1900400,NO,142,0.00,,,,,,
2009893800,P1900400,NO,142,0.00,,,,,,
2009895000,P1900400,NO,142,0.00,,,,,,
2009896100,P1900400,NO,142,0.00,,,,,,
2009896300,P1900400,NO,142,0.00,,,,,,
2009896900,P1900400,NO,142,0.00,,,,,,
2009897100,P1900400,NO,142,0.00,,,,,,
2009897300,P1900400,NO,142,0.00,,,,,,
2009897900,P1900400,NO,142,0.00,,,,,,
2009898500,P1900400,NO,142,0.00,,,,,,
2009898600,P1900400,NO,142,0.00,,,,,,
2009898800,P1900400,NO,142,0.00,,,,,,
2009898900,P1900400,NO,142,0.00,,,,,,
2009899600,P1900400,NO,142,0.00,,,,,,
2009899700,P1900400,NO,142,0.00,,,,,,
2009899900,P1900400,NO,142,0.00,,,,,,
2101110000,P1900400,NO,142,0.00,,,,,,
2101129220,P1900400,NO,142,0.00,,,,,,
2101129292,P1900400,NO,142,0.00,,,,,,
2101129299,P1900400,NO,142,0.00,,,,,,
2101129820,P1900400,NO,142,0.00,,,,,,
2101129892,P1900400,NO,142,0.00,,,,,,
2101129894,P1900400,NO,142,0.00,,,,,,
2101129899,P1900400,NO,142,0.00,,,,,,
2101202000,P1900400,NO,142,0.00,,,,,,
2101209210,P1900400,NO,142,0.00,,,,,,
2101209282,P1900400,NO,142,0.00,,,,,,
2101209299,P1900400,NO,142,0.00,,,,,,
2101209810,P1900400,NO,142,0.00,,,,,,
2101209885,P1900400,NO,142,0.00,,,,,,
2101209887,P1900400,NO,142,0.00,,,,,,
2101209899,P1900400,NO,142,0.00,,,,,,
2101301100,P1900400,NO,142,0.00,,,,,,
2101301900,P1900400,NO,142,0.00,10.390 EUR / 100 kg,,,,,
2101309100,P1900400,NO,142,0.00,,,,,,
2101309900,P1900400,NO,142,0.00,18.580 EUR / 100 kg,,,,,
2102101000,P1900400,NO,142,0.00,,,,,,
2102103100,P1900400,NO,142,0.00,,,,,,
2102103900,P1900400,NO,142,0.00,,,,,,
2102109000,P1900400,NO,142,0.00,,,,,,
2102201100,P1900400,NO,142,0.00,,,,,,
2102201900,P1900400,NO,142,0.00,,,,,,
2102300000,P1900400,NO,142,0.00,,,,,,
2103100000,P1900400,NO,142,0.00,,,,,,
2103200000,P1900400,NO,142,0.00,,,,,,
2103309010,P1900400,NO,142,0.00,,,,,,
2103309090,P1900400,NO,142,0.00,,,,,,
2103909000,P1900400,NO,142,0.00,,,,,,
2104100000,P1900400,NO,142,0.00,,,,,,
2104200000,P1900400,NO,142,0.00,,,,,,
2105001000,P1900400,NO,142,0.00,20.200 EUR / 100 kg,MAX 19.40%,,9.400 EUR / 100 kg,,
2105009100,P1900400,NO,142,0.00,37.220 EUR / 100 kg,MAX 18.10%,,7.000 EUR / 100 kg,,
2105009900,P1900400,NO,142,0.00,52.400 EUR / 100 kg,MAX 17.80%,,6.900 EUR / 100 kg,,
2106102000,P1900400,NO,142,12.40,,,,,,
2106108000,P1900400,NO,142,0.00,,,,,,
2106902000,P1900400,NO,142,16.80,,,0.970 EUR ASV X,,,
2106909240,P1900400,NO,142,0.00,,,,,,
2106909245,P1900400,NO,142,0.00,,,,,,
2106909250,P1900400,NO,142,0.00,,,,,,
2106909260,P1900400,NO,142,0.00,,,,,,
2106909800,P1900400,NO,142,0.00,,,,,,
2202100000,P1900400,NO,142,0.00,,,,,,
2202910010,P1900400,NO,142,4.700 EUR HLT,,,,,,
2202991111,P1900400,NO,142,0.00,,,,,,
2202991119,P1900400,NO,142,0.00,,,,,,
2202991191,P1900400,NO,142,0.00,,,,,,
2202991199,P1900400,NO,142,0.00,,,,,,
2202991511,P1900400,NO,142,0.00,,,,,,
2202991519,P1900400,NO,142,0.00,,,,,,
2202991591,P1900400,NO,142,0.00,,,,,,
2202991599,P1900400,NO,142,0.00,,,,,,
2202991911,P1900400,NO,142,0.00,,,,,,
2202991919,P1900400,NO,142,0.00,,,,,,
2202991991,P1900400,NO,142,0.00,,,,,,
2202991999,P1900400,NO,142,0.00,,,,,,
2202999100,P1900400,NO,142,0.00,13.280 EUR / 100 kg,,,,,
2202999500,P1900400,NO,142,0.00,11.650 EUR / 100 kg,,,,,
2202999900,P1900400,NO,142,0.00,20.510 EUR / 100 kg,,,,,
2205000000,P1900400,NO,142,0.00,,,,,,
2206000000,P1900400,NO,142,0.00,,,,,,
2207200000,P1900400,NO,142,9.900 EUR / hl,,,,,,
2208400000,P1900400,NO,142,0.00,,,,,,
2208909100,P1900400,NO,142,0.00,,,,,,
2208909900,P1900400,NO,142,0.00,,,,,,
2209001100,P1900400,NO,142,3.100 EUR / hl,,,,,,
2209001900,P1900400,NO,142,2.330 EUR / hl,,,,,,
2209009100,P1900400,NO,142,2.490 EUR / hl,,,,,,
2209009900,P1900400,NO,142,1.500 EUR / hl,,,,,,
2302500000,P1900400,NO,142,0.00,,,,,,
2309903189,P1900400,NO,142,0.00,,,,,,
2402100000,P1900400,NO,142,12.60,,,,,,
2402201000,P1900400,NO,142,0.00,,,,,,
2402209000,P1900400,NO,142,27.95,,,,,,
2402900000,P1900400,NO,142,27.95,,,,,,
2403110000,P1900400,NO,142,36.35,,,,,,
2403190000,P1900400,NO,142,36.35,,,,,,
2403910000,P1900400,NO,142,8.05,,,,,,
2403991000,P1900400,NO,142,20.20,,,,,,
2403999000,P1900400,NO,142,0.00,,,,,,
2500000000,P1900400,NO,142,0.00,,,,,,
2701000000,P1900400,NO,142,0.00,,,,,,
2702000000,P1900400,NO,142,0.00,,,,,,
2703000000,P1900400,NO,142,0.00,,,,,,
2704000000,P1900400,NO,142,0.00,,,,,,
2705000000,P1900400,NO,142,0.00,,,,,,
2706000000,P1900400,NO,142,0.00,,,,,,
2707000000,P1900400,NO,142,0.00,,,,,,
2708000000,P1900400,NO,142,0.00,,,,,,
2709000000,P1900400,NO,142,0.00,,,,,,
2710000000,P1900400,NO,142,0.00,,,,,,
2711000000,P1900400,NO,142,0.00,,,,,,
2712000000,P1900400,NO,142,0.00,,,,,,
2713000000,P1900400,NO,142,0.00,,,,,,
2714000000,P1900400,NO,142,0.00,,,,,,
2715000000,P1900400,NO,142,0.00,,,,,,
2716000000,P1900400,NO,142,0.00,,,,,,
2800000000,P1900400,NO,142,0.00,,,,,,
2903000000,P1900400,NO,142,0.00,,,,,,
2904000000,P1900400,NO,142,0.00,,,,,,
2905110000,P1900400,NO,142,0.00,,,,,,
2905120000,P1900400,NO,142,0.00,,,,,,
2905130000,P1900400,NO,142,0.00,,,,,,
2905140000,P1900400,NO,142,0.00,,,,,,
2905160000,P1900400,NO,142,0.00,,,,,,
2905170000,P1900400,NO,142,0.00,,,,,,
2905190000,P1900400,NO,142,0.00,,,,,,
2905220000,P1900400,NO,142,0.00,,,,,,
2905290000,P1900400,NO,142,0.00,,,,,,
2905310000,P1900400,NO,142,0.00,,,,,,
2905320000,P1900400,NO,142,0.00,,,,,,
2905390000,P1900400,NO,142,0.00,,,,,,
2905410000,P1900400,NO,142,0.00,,,,,,
2905420000,P1900400,NO,142,0.00,,,,,,
2905430000,P1900400,NO,142,8.00,121.920 EUR / 100 kg,,,,,
2905441100,P1900400,NO,142,6.00,13.040 EUR / 100 kg,,,,,
2905441900,P1900400,NO,142,6.00,36.580 EUR / 100 kg,,,,,
2905449100,P1900400,NO,142,6.00,18.580 EUR / 100 kg,,,,,
2905449900,P1900400,NO,142,6.00,52.020 EUR / 100 kg,,,,,
2905450000,P1900400,NO,142,0.00,,,,,,
2905490000,P1900400,NO,142,0.00,,,,,,
2905590000,P1900400,NO,142,0.00,,,,,,
2906000000,P1900400,NO,142,0.00,,,,,,
2907000000,P1900400,NO,142,0.00,,,,,,
2908000000,P1900400,NO,142,0.00,,,,,,
2909000000,P1900400,NO,142,0.00,,,,,,
2910000000,P1900400,NO,142,0.00,,,,,,
2911000000,P1900400,NO,142,0.00,,,,,,
2912000000,P1900400,NO,142,0.00,,,,,,
2913000000,P1900400,NO,142,0.00,,,,,,
2914000000,P1900400,NO,142,0.00,,,,,,
2915000000,P1900400,NO,142,0.00,,,,,,
2916000000,P1900400,NO,142,0.00,,,,,,
2917000000,P1900400,NO,142,0.00,,,,,,
2918000000,P1900400,NO,142,0.00,,,,,,
2919000000,P1900400,NO,142,0.00,,,,,,
2920000000,P1900400,NO,142,0.00,,,,,,
2921000000,P1900400,NO,142,0.00,,,,,,
2922000000,P1900400,NO,142,0.00,,,,,,
2923000000,P1900400,NO,142,0.00,,,,,,
2924000000,P1900400,NO,142,0.00,,,,,,
2925000000,P1900400,NO,142,0.00,,,,,,
2926000000,P1900400,NO,142,0.00,,,,,,
2927000000,P1900400,NO,142,0.00,,,,,,
2928000000,P1900400,NO,142,0.00,,,,,,
2929000000,P1900400,NO,142,0.00,,,,,,
2930000000,P1900400,NO,142,0.00,,,,,,
2931000000,P1900400,NO,142,0.00,,,,,,
2932000000,P1900400,NO,142,0.00,,,,,,
2933000000,P1900400,NO,142,0.00,,,,,,
2934000000,P1900400,NO,142,0.00,,,,,,
2935000000,P1900400,NO,142,0.00,,,,,,
2938000000,P1900400,NO,142,0.00,,,,,,
2940000000,P1900400,NO,142,0.00,,,,,,
2941000000,P1900400,NO,142,0.00,,,,,,
2942000000,P1900400,NO,142,0.00,,,,,,
3100000000,P1900400,NO,142,0.00,,,,,,
3200000000,P1900400,NO,142,0.00,,,,,,
3301120000,P1900400,NO,142,0.00,,,,,,
3301130000,P1900400,NO,142,0.00,,,,,,
3301190000,P1900400,NO,142,0.00,,,,,,
3301240000,P1900400,NO,142,0.00,,,,,,
3301250000,P1900400,NO,142,0.00,,,,,,
3301290000,P1900400,NO,142,0.00,,,,,,
3301300000,P1900400,NO,142,0.00,,,,,,
3301901000,P1900400,NO,142,0.00,,,,,,
3301902100,P1900400,NO,142,0.00,,,,,,
3301909000,P1900400,NO,142,0.00,,,,,,
3302102100,P1900400,NO,142,6.00,,,,,,
3302102900,P1900400,NO,142,0.00,,,,,,
3306000000,P1900400,NO,142,0.00,,,,,,
3307000000,P1900400,NO,142,0.00,,,,,,
3400000000,P1900400,NO,142,0.00,,,,,,
3501101000,P1900400,NO,142,0.00,,,,,,
3501105010,P1900400,NO,142,0.00,,,,,,
3501105090,P1900400,NO,142,2.50,,,,,,
3501109000,P1900400,NO,142,12.00,,,,,,
3501901000,P1900400,NO,142,11.00,,,,,,
3501909000,P1900400,NO,142,8.00,,,,,,
3502909000,P1900400,NO,142,0.00,,,,,,
3503000000,P1900400,NO,142,0.00,,,,,,
3504000000,P1900400,NO,142,0.00,,,,,,
3505101000,P1900400,NO,142,0.00,14.330 EUR / 100 kg,,,,,
3505105000,P1900400,NO,142,7.50,,,,,,
3505109000,P1900400,NO,142,0.00,14.330 EUR / 100 kg,,,,,
3505201000,P1900400,NO,142,0.00,3.640 EUR / 100 kg,,,,,
3505203000,P1900400,NO,142,0.00,7.200 EUR / 100 kg,,,,,
3505205000,P1900400,NO,142,0.00,11.450 EUR / 100 kg,,,,,
3505209000,P1900400,NO,142,0.00,14.330 EUR / 100 kg,,,,,
3506000000,P1900400,NO,142,0.00,,,,,,
3507000000,P1900400,NO,142,0.00,,,,,,
3600000000,P1900400,NO,142,0.00,,,,,,
3700000000,P1900400,NO,142,0.00,,,,,,
3801000000,P1900400,NO,142,0.00,,,,,,
3802000000,P1900400,NO,142,0.00,,,,,,
3803000000,P1900400,NO,142,0.00,,,,,,
3804000000,P1900400,NO,142,0.00,,,,,,
3805000000,P1900400,NO,142,0.00,,,,,,
3806000000,P1900400,NO,142,0.00,,,,,,
3807000000,P1900400,NO,142,0.00,,,,,,
3808000000,P1900400,NO,142,0.00,,,,,,
3809101000,P1900400,NO,142,0.00,7.200 EUR / 100 kg,,,,,
3809103000,P1900400,NO,142,0.00,10.010 EUR / 100 kg,,,,,
3809105000,P1900400,NO,142,0.00,12.210 EUR / 100 kg,,,,,
3809109000,P1900400,NO,142,0.00,14.330 EUR / 100 kg,,,,,
3809910000,P1900400,NO,142,0.00,,,,,,
3809920000,P1900400,NO,142,0.00,,,,,,
3809930000,P1900400,NO,142,0.00,,,,,,
3810000000,P1900400,NO,142,0.00,,,,,,
3811000000,P1900400,NO,142,0.00,,,,,,
3812000000,P1900400,NO,142,0.00,,,,,,
3813000000,P1900400,NO,142,0.00,,,,,,
3814000000,P1900400,NO,142,0.00,,,,,,
3815000000,P1900400,NO,142,0.00,,,,,,
3816000000,P1900400,NO,142,0.00,,,,,,
3817000000,P1900400,NO,142,0.00,,,,,,
3819000000,P1900400,NO,142,0.00,,,,,,
3820000000,P1900400,NO,142,0.00,,,,,,
3821000000,P1900400,NO,142,0.00,,,,,,
3823110090,P1900400,NO,142,0.00,,,,,,
3823120090,P1900400,NO,142,0.00,,,,,,
3823130090,P1900400,NO,142,0.00,,,,,,
3823191090,P1900400,NO,142,0.00,,,,,,
3823193020,P1900400,NO,142,0.00,,,,,,
3823193089,P1900400,NO,142,0.00,,,,,,
3823199020,P1900400,NO,142,0.00,,,,,,
3823199089,P1900400,NO,142,0.00,,,,,,
3823700090,P1900400,NO,142,0.00,,,,,,
3824100000,P1900400,NO,142,0.00,,,,,,
3824300000,P1900400,NO,142,0.00,,,,,,
3824400000,P1900400,NO,142,0.00,,,,,,
3824500000,P1900400,NO,142,0.00,,,,,,
3824601100,P1900400,NO,142,6.00,13.040 EUR / 100 kg,,,,,
3824601900,P1900400,NO,142,6.00,36.580 EUR / 100 kg,,,,,
3824609100,P1900400,NO,142,6.00,18.580 EUR / 100 kg,,,,,
3824609900,P1900400,NO,142,6.00,52.020 EUR / 100 kg,,,,,
3824710000,P1900400,NO,142,0.00,,,,,,
3824720000,P1900400,NO,142,0.00,,,,,,
3824730000,P1900400,NO,142,0.00,,,,,,
3824740000,P1900400,NO,142,0.00,,,,,,
3824750000,P1900400,NO,142,0.00,,,,,,
3824760000,P1900400,NO,142,0.00,,,,,,
3824770000,P1900400,NO,142,0.00,,,,,,
3824780000,P1900400,NO,142,0.00,,,,,,
3824790000,P1900400,NO,142,0.00,,,,,,
3824840000,P1900400,NO,142,0.00,,,,,,
3824850000,P1900400,NO,142,0.00,,,,,,
3824860000,P1900400,NO,142,0.00,,,,,,
3824870000,P1900400,NO,142,0.00,,,,,,
3824880000,P1900400,NO,142,0.00,,,,,,
3824910000,P1900400,NO,142,0.00,,,,,,
3824991000,P1900400,NO,142,0.00,,,,,,
3824991500,P1900400,NO,142,0.00,,,,,,
3824992000,P1900400,NO,142,0.00,,,,,,
3824992500,P1900400,NO,142,0.00,,,,,,
3824993000,P1900400,NO,142,0.00,,,,,,
3824994500,P1900400,NO,142,0.00,,,,,,
3824995000,P1900400,NO,142,0.00,,,,,,
3824995500,P1900400,NO,142,0.00,,,,,,
3824995600,P1900400,NO,142,0.00,,,,,,
3824995700,P1900400,NO,142,0.00,,,,,,
3824996100,P1900400,NO,142,0.00,,,,,,
3824996400,P1900400,NO,142,0.00,,,,,,
3824996500,P1900400,NO,142,0.00,,,,,,
3824997000,P1900400,NO,142,0.00,,,,,,
3824998600,P1900400,NO,142,0.00,,,,,,
3824999200,P1900400,NO,142,0.00,,,,,,
3824999300,P1900400,NO,142,0.00,,,,,,
3824999600,P1900400,NO,142,0.00,,,,,,
3825000000,P1900400,NO,142,0.00,,,,,,
3826001000,P1900400,NO,142,0.00,,,,,,
3826009000,P1900400,NO,142,0.00,,,,,,
3900000000,P1900400,NO,142,0.00,,,,,,
4000000000,P1900400,NO,142,0.00,,,,,,
4100000000,P1900400,NO,142,0.00,,,,,,
4200000000,P1900400,NO,142,0.00,,,,,,
4300000000,P1900400,NO,142,0.00,,,,,,
4400000000,P1900400,NO,142,0.00,,,,,,
4503000000,P1900400,NO,142,0.00,,,,,,
4504000000,P1900400,NO,142,0.00,,,,,,
4600000000,P1900400,NO,142,0.00,,,,,,
5000000000,P1900400,NO,142,0.00,,,,,,
5100000000,P1900400,NO,142,0.00,,,,,,
5200000000,P1900400,NO,142,0.00,,,,,,
5300000000,P1900400,NO,142,0.00,,,,,,
5400000000,P1900400,NO,142,0.00,,,,,,
5500000000,P1900400,NO,142,0.00,,,,,,
5600000000,P1900400,NO,142,0.00,,,,,,
5700000000,P1900400,NO,142,0.00,,,,,,
5800000000,P1900400,NO,142,0.00,,,,,,
5900000000,P1900400,NO,142,0.00,,,,,,
6000000000,P1900400,NO,142,0.00,,,,,,
6100000000,P1900400,NO,142,0.00,,,,,,
6200000000,P1900400,NO,142,0.00,,,,,,
6300000000,P1900400,NO,142,0.00,,,,,,
6400000000,P1900400,NO,142,0.00,,,,,,
6500000000,P1900400,NO,142,0.00,,,,,,
6600000000,P1900400,NO,142,0.00,,,,,,
6700000000,P1900400,NO,142,0.00,,,,,,
6800000000,P1900400,NO,142,0.00,,,,,,
6900000000,P1900400,NO,142,0.00,,,,,,
7000000000,P1900400,NO,142,0.00,,,,,,
7100000000,P1900400,NO,142,0.00,,,,,,
7201000000,P1900400,NO,142,0.00,,,,,,
7202000000,P1900400,NO,142,0.00,,,,,,
7300000000,P1900400,NO,142,0.00,,,,,,
7400000000,P1900400,NO,142,0.00,,,,,,
7500000000,P1900400,NO,142,0.00,,,,,,
7600000000,P1900400,NO,142,0.00,,,,,,
7800000000,P1900400,NO,142,0.00,,,,,,
7900000000,P1900400,NO,142,0.00,,,,,,
8100000000,P1900400,NO,142,0.00,,,,,,
8200000000,P1900400,NO,142,0.00,,,,,,
8300000000,P1900400,NO,142,0.00,,,,,,
8400000000,P1900400,NO,142,0.00,,,,,,
8500000000,P1900400,NO,142,0.00,,,,,,
8600000000,P1900400,NO,142,0.00,,,,,,
8700000000,P1900400,NO,142,0.00,,,,,,
8800000000,P1900400,NO,142,0.00,,,,,,
8900000000,P1900400,NO,142,0.00,,,,,,
9000000000,P1900400,NO,142,0.00,,,,,,
9100000000,P1900400,NO,142,0.00,,,,,,
9200000000,P1900400,NO,142,0.00,,,,,,
9300000000,P1900400,NO,142,0.00,,,,,,
9400000000,P1900400,NO,142,0.00,,,,,,
9500000000,P1900400,NO,142,0.00,,,,,,
9600000000,P1900400,NO,142,0.00,,,,,,
