2020,0101299000,ID
2020,0101300000,ID
2020,0101900000,ID
2020,0104201000,ID
2020,0106141000,ID
2020,0106391000,ID
2020,0205002000,ID
2020,0205008000,ID
2020,0206809100,ID
2020,0206909100,ID
2020,0207149100,ID
2020,0207279100,ID
2020,0207459500,ID
2020,0207559500,ID
2020,0207609100,ID
2020,0208907000,ID
2020,0210929200,ID
2020,0210991000,ID
2020,0210995900,ID
2020,0210998500,ID
2020,0403105100,ID
2020,0403105300,ID
2020,0403105900,ID
2020,0403109100,ID
2020,0403109300,ID
2020,0403109900,ID
2020,0403907100,ID
2020,0403907300,ID
2020,0403907900,ID
2020,0403909100,ID
2020,0403909300,ID
2020,0403909900,ID
2020,0405201000,ID
2020,0405203000,ID
2020,0407199000,ID
2020,0407299000,ID
2020,0407909000,ID
2020,0410000000,ID
2020,0511993900,ID
2020,0601101000,KE
2020,0601102000,KE
2020,0601103000,KE
2020,0601104000,KE
2020,0601109000,KE
2020,0601201000,KE
2020,0601203000,KE
2020,0601209000,KE
2020,0602101000,KE
2020,0602109000,KE
2020,0602201000,KE
2020,0602202000,KE
2020,0602203000,KE
2020,0602208000,KE
2020,0602300000,KE
2020,0602400000,KE
2020,0602901000,KE
2020,0602902000,KE
2020,0602903000,KE
2020,0602904100,KE
2020,0602904500,KE
2020,0602904600,KE
2020,0602904700,KE
2020,0602904800,KE
2020,0602905000,KE
2020,0602907000,KE
2020,0602909100,KE
2020,0602909900,KE
2020,0603110000,KE
2020,0603120000,KE
2020,0603130000,KE
2020,0603140000,KE
2020,0603150000,KE
2020,0603191000,KE
2020,0603192000,KE
2020,0603197000,KE
2020,0603900000,KE
2020,0604201100,KE
2020,0604201900,KE
2020,0604202000,KE
2020,0604204000,KE
2020,0604209000,KE
2020,0604901100,KE
2020,0604901900,KE
2020,0604909100,KE
2020,0604909900,KE
2020,1501900000,ID
2020,1502109000,ID
2020,1502909000,ID
2020,1503001900,ID
2020,1503009000,ID
2020,1504101000,ID
2020,1504109100,ID
2020,1504109900,ID
2020,1504201000,ID
2020,1504209000,ID
2020,1504301000,ID
2020,1504309000,ID
2020,1505001000,ID
2020,1507101000,ID
2020,1507109000,ID
2020,1507901000,ID
2020,1507909000,ID
2020,1508101000,ID
2020,1508109000,ID
2020,1508901000,ID
2020,1508909000,ID
2020,1511109000,ID
2020,1511901100,ID
2020,1511901900,ID
2020,1511909100,ID
2020,1511909900,ID
2020,1512111000,ID
2020,1512119100,ID
2020,1512119900,ID
2020,1512191000,ID
2020,1512199000,ID
2020,1512211000,ID
2020,1512219000,ID
2020,1512291000,ID
2020,1512299000,ID
2020,1513111000,ID
2020,1513119100,ID
2020,1513119900,ID
2020,1513191100,ID
2020,1513191900,ID
2020,1513193000,ID
2020,1513199100,ID
2020,1513199900,ID
2020,1513211000,ID
2020,1513213000,ID
2020,1513219000,ID
2020,1513291100,ID
2020,1513291900,ID
2020,1513293000,ID
2020,1513295000,ID
2020,1513299000,ID
2020,1514111000,ID
2020,1514119000,ID
2020,1514191000,ID
2020,1514199000,ID
2020,1514911000,ID
2020,1514919000,ID
2020,1514991000,ID
2020,1514999000,ID
2020,1515110000,ID
2020,1515191000,ID
2020,1515199000,ID
2020,1515211000,ID
2020,1515219000,ID
2020,1515291000,ID
2020,1515299000,ID
2020,1515301000,ID
2020,1515309000,ID
2020,1515501100,ID
2020,1515501900,ID
2020,1515509100,ID
2020,1515509900,ID
2020,1515901100,ID
2020,1515902100,ID
2020,1515902900,ID
2020,1515903100,ID
2020,1515903900,ID
2020,1515904000,ID
2020,1515905100,ID
2020,1515905900,ID
2020,1515906000,ID
2020,1515909100,ID
2020,1515909900,ID
2020,1516101000,ID
2020,1516109000,ID
2020,1516201000,ID
2020,1516209100,ID
2020,1516209500,ID
2020,1516209600,ID
2020,1516209800,ID
2020,1517101000,ID
2020,1517109000,ID
2020,1517901000,ID
2020,1517909100,ID
2020,1517909300,ID
2020,1517909900,ID
2020,1518001000,ID
2020,1518003100,ID
2020,1518003900,ID
2020,1518009100,ID
2020,1518009500,ID
2020,1518009900,ID
2020,1521909900,ID
2020,1522001000,ID
2020,1522009100,ID
2020,2519901000,IN
2020,2522100000,IN
2020,2522200000,IN
2020,2522300000,IN
2020,2523100000,IN
2020,2523210000,IN
2020,2523290000,IN
2020,2523300000,IN
2020,2523900000,IN
2020,2701110000,IN
2020,2701121000,IN
2020,2701129000,IN
2020,2701190000,IN
2020,2701200000,IN
2020,2702100000,IN
2020,2702200000,IN
2020,2703000000,IN
2020,2704001000,IN
2020,2704003000,IN
2020,2704009000,IN
2020,2705000000,IN
2020,2706000000,IN
2020,2707100000,IN
2020,2707200000,IN
2020,2707300000,IN
2020,2707400000,IN
2020,2707500000,IN
2020,2707910000,IN
2020,2707991100,IN
2020,2707991900,IN
2020,2707992000,IN
2020,2707995000,IN
2020,2707998000,IN
2020,2707999100,IN
2020,2707999900,IN
2020,2708100000,IN
2020,2708200000,IN
2020,2709001000,IN
2020,2709009000,IN
2020,2710121100,IN
2020,2710121500,IN
2020,2710122100,IN
2020,2710122500,IN
2020,2710123100,IN
2020,2710124100,IN
2020,2710124500,IN
2020,2710124900,IN
2020,2710125100,IN
2020,2710125900,IN
2020,2710127000,IN
2020,2710129000,IN
2020,2710191100,IN
2020,2710191500,IN
2020,2710192100,IN
2020,2710192500,IN
2020,2710192900,IN
2020,2710193100,IN
2020,2710193500,IN
2020,2710194300,IN
2020,2710194600,IN
2020,2710194700,IN
2020,2710194800,IN
2020,2710195100,IN
2020,2710195500,IN
2020,2710196200,IN
2020,2710196400,IN
2020,2710196800,IN
2020,2710197100,IN
2020,2710197500,IN
2020,2710198100,IN
2020,2710198300,IN
2020,2710198500,IN
2020,2710198700,IN
2020,2710199100,IN
2020,2710199300,IN
2020,2710199900,IN
2020,2710201100,IN
2020,2710201500,IN
2020,2710201700,IN
2020,2710201900,IN
2020,2710203100,IN
2020,2710203500,IN
2020,2710203900,IN
2020,2710209000,IN
2020,2710910000,IN
2020,2710990000,IN
2020,2711110000,IN
2020,2711121100,IN
2020,2711121900,IN
2020,2711129100,IN
2020,2711129300,IN
2020,2711129400,IN
2020,2711129700,IN
2020,2711131000,IN
2020,2711133000,IN
2020,2711139100,IN
2020,2711139700,IN
2020,2711140000,IN
2020,2711190000,IN
2020,2711210000,IN
2020,2711290000,IN
2020,2712101000,IN
2020,2712109000,IN
2020,2712201000,IN
2020,2712209000,IN
2020,2712901100,IN
2020,2712901900,IN
2020,2712903100,IN
2020,2712903300,IN
2020,2712903900,IN
2020,2712909100,IN
2020,2712909900,IN
2020,2713110000,IN
2020,2713120000,IN
2020,2713200000,IN
2020,2713901000,IN
2020,2713909000,IN
2020,2714100000,IN
2020,2714900000,IN
2020,2715000000,IN
2020,2716000000,IN
2020,2801100000,IN
2020,2801200000,IN
2020,2801301000,IN
2020,2801309000,IN
2020,2802000000,IN
2020,2804100000,IN
2020,2804210000,IN
2020,2804291000,IN
2020,2804299000,IN
2020,2804300000,IN
2020,2804400000,IN
2020,2804501000,IN
2020,2804509000,IN
2020,2804610000,IN
2020,2804700000,IN
2020,2804800000,IN
2020,2804900000,IN
2020,2805191000,IN
2020,2805199000,IN
2020,2805301000,IN
2020,2805302000,IN
2020,2805303000,IN
2020,2805304000,IN
2020,2805308000,IN
2020,2806100000,IN
2020,2806200000,IN
2020,2807000000,IN
2020,2808000000,IN
2020,2809100000,IN
2020,2809200000,IN
2020,2810009000,IN
2020,2811110000,IN
2020,2811120000,IN
2020,2811191000,IN
2020,2811198000,IN
2020,2811210000,IN
2020,2811220000,IN
2020,2811290500,IN
2020,2811291000,IN
2020,2811293000,IN
2020,2811299000,IN
2020,2812110000,IN
2020,2812120000,IN
2020,2812130000,IN
2020,2812140000,IN
2020,2812150000,IN
2020,2812160000,IN
2020,2812170000,IN
2020,2812191000,IN
2020,2812199000,IN
2020,2812900000,IN
2020,2813100000,IN
2020,2813901000,IN
2020,2813909000,IN
2020,2814100000,IN
2020,2814200000,IN
2020,2815110000,IN
2020,2815120000,IN
2020,2815200000,IN
2020,2815300000,IN
2020,2816100000,IN
2020,2816400000,IN
2020,2817000000,IN
2020,2818101100,IN
2020,2818101900,IN
2020,2818109100,IN
2020,2818109900,IN
2020,2818200000,IN
2020,2819100000,IN
2020,2819901000,IN
2020,2819909000,IN
2020,2820100000,IN
2020,2820901000,IN
2020,2820909000,IN
2020,2821100000,IN
2020,2821200000,IN
2020,2822000000,IN
2020,2823000000,IN
2020,2824100000,IN
2020,2824900000,IN
2020,2825100000,IN
2020,2825200000,IN
2020,2825300000,IN
2020,2825400000,IN
2020,2825500000,IN
2020,2825600000,IN
2020,2825700000,IN
2020,2825800000,IN
2020,2825901100,IN
2020,2825901900,IN
2020,2825902000,IN
2020,2825904000,IN
2020,2825906000,IN
2020,2825908500,IN
2020,2826120000,IN
2020,2826191000,IN
2020,2826199000,IN
2020,2826300000,IN
2020,2826901000,IN
2020,2826908000,IN
2020,2827100000,IN
2020,2827200000,IN
2020,2827310000,IN
2020,2827320000,IN
2020,2827350000,IN
2020,2827391000,IN
2020,2827392000,IN
2020,2827393000,IN
2020,2827398500,IN
2020,2827410000,IN
2020,2827491000,IN
2020,2827499000,IN
2020,2827510000,IN
2020,2827590000,IN
2020,2827600000,IN
2020,2828100000,IN
2020,2828900000,IN
2020,2829110000,IN
2020,2829190000,IN
2020,2829901000,IN
2020,2829904000,IN
2020,2829908000,IN
2020,2830100000,IN
2020,2830901100,IN
2020,2830908500,IN
2020,2831100000,IN
2020,2831900000,IN
2020,2832100000,IN
2020,2832200000,IN
2020,2832300000,IN
2020,2833110000,IN
2020,2833190000,IN
2020,2833210000,IN
2020,2833220000,IN
2020,2833240000,IN
2020,2833250000,IN
2020,2833270000,IN
2020,2833292000,IN
2020,2833293000,IN
2020,2833296000,IN
2020,2833298000,IN
2020,2833300000,IN
2020,2834100000,IN
2020,2834210000,IN
2020,2834292000,IN
2020,2834294000,IN
2020,2834298000,IN
2020,2835100000,IN
2020,2835220000,IN
2020,2835240000,IN
2020,2835250000,IN
2020,2835260000,IN
2020,2835291000,IN
2020,2835293000,IN
2020,2835299000,IN
2020,2835310000,IN
2020,2835390000,IN
2020,2836200000,IN
2020,2836300000,IN
2020,2836400000,IN
2020,2836500000,IN
2020,2836600000,IN
2020,2836910000,IN
2020,2836920000,IN
2020,2836991100,IN
2020,2836991700,IN
2020,2836999000,IN
2020,2841300000,IN
2020,2841500000,IN
2020,2841610000,IN
2020,2841690000,IN
2020,2841700000,IN
2020,2841800000,IN
2020,2841903000,IN
2020,2841908500,IN
2020,2842100000,IN
2020,2842901000,IN
2020,2842908000,IN
2020,2843101000,IN
2020,2843109000,IN
2020,2843210000,IN
2020,2843290000,IN
2020,2843300000,IN
2020,2843901000,IN
2020,2843909000,IN
2020,2845909000,IN
2020,2846100000,IN
2020,2846901000,IN
2020,2846902000,IN
2020,2846903000,IN
2020,2846909000,IN
2020,2847000000,IN
2020,2849100000,IN
2020,2849200000,IN
2020,2849901000,IN
2020,2849903000,IN
2020,2849905000,IN
2020,2849909000,IN
2020,2850002000,IN
2020,2850006000,IN
2020,2850009000,IN
2020,2852100000,IN
2020,2852900000,IN
2020,2853100000,IN
2020,2853901000,IN
2020,2853903000,IN
2020,2853909000,IN
2020,2903110000,IN
2020,2903120000,IN
2020,2903130000,IN
2020,2903140000,IN
2020,2903150000,IN
2020,2903190000,IN
2020,2903210000,IN
2020,2903220000,IN
2020,2903230000,IN
2020,2903290000,IN
2020,2903310000,IN
2020,2903391100,IN
2020,2903391500,IN
2020,2903391900,IN
2020,2903392100,IN
2020,2903392300,IN
2020,2903392400,IN
2020,2903392500,IN
2020,2903392600,IN
2020,2903392700,IN
2020,2903392800,IN
2020,2903392900,IN
2020,2903393100,IN
2020,2903393500,IN
2020,2903393900,IN
2020,2903398000,IN
2020,2903710000,IN
2020,2903720000,IN
2020,2903730000,IN
2020,2903740000,IN
2020,2903750000,IN
2020,2903761000,IN
2020,2903762000,IN
2020,2903769000,IN
2020,2903776000,IN
2020,2903779000,IN
2020,2903780000,IN
2020,2903793000,IN
2020,2903798000,IN
2020,2903810000,IN
2020,2903820000,IN
2020,2903830000,IN
2020,2903891000,IN
2020,2903898000,IN
2020,2903910000,IN
2020,2903920000,IN
2020,2903930000,IN
2020,2903940000,IN
2020,2903991000,IN
2020,2903998000,IN
2020,2904100000,IN
2020,2904200000,IN
2020,2904310000,IN
2020,2904320000,IN
2020,2904330000,IN
2020,2904340000,IN
2020,2904350000,IN
2020,2904360000,IN
2020,2904910000,IN
2020,2904990000,IN
2020,2905110000,IN
2020,2905120000,IN
2020,2905130000,IN
2020,2905141000,IN
2020,2905149000,IN
2020,2905162000,IN
2020,2905168500,IN
2020,2905170000,IN
2020,2905190000,IN
2020,2905220000,IN
2020,2905291000,IN
2020,2905299000,IN
2020,2905310000,IN
2020,2905320000,IN
2020,2905392000,IN
2020,2905392600,IN
2020,2905392800,IN
2020,2905393000,IN
2020,2905399500,IN
2020,2905410000,IN
2020,2905420000,IN
2020,2905450000,IN
2020,2905490000,IN
2020,2905599800,IN
2020,2906110000,IN
2020,2906120000,IN
2020,2906131000,IN
2020,2906139000,IN
2020,2906190000,IN
2020,2906210000,IN
2020,2906290000,IN
2020,2907110000,IN
2020,2907120000,IN
2020,2907130000,IN
2020,2907151000,IN
2020,2907159000,IN
2020,2907191000,IN
2020,2907199000,IN
2020,2907210000,IN
2020,2907220000,IN
2020,2907230000,IN
2020,2907290000,IN
2020,2908110000,IN
2020,2908190000,IN
2020,2908910000,IN
2020,2908920000,IN
2020,2908990000,IN
2020,2909110000,IN
2020,2909191000,IN
2020,2909199000,IN
2020,2909200000,IN
2020,2909301000,IN
2020,2909303100,IN
2020,2909303500,IN
2020,2909303800,IN
2020,2909309000,IN
2020,2909410000,IN
2020,2909430000,IN
2020,2909440000,IN
2020,2909491100,IN
2020,2909498000,IN
2020,2909500000,IN
2020,2909600000,IN
2020,2910100000,IN
2020,2910200000,IN
2020,2910300000,IN
2020,2910400000,IN
2020,2910500000,IN
2020,2910900000,IN
2020,2911000000,IN
2020,2912110000,IN
2020,2912120000,IN
2020,2912190000,IN
2020,2912210000,IN
2020,2912290000,IN
2020,2912410000,IN
2020,2912420000,IN
2020,2912490000,IN
2020,2912500000,IN
2020,2912600000,IN
2020,2913000000,IN
2020,2914110000,IN
2020,2914120000,IN
2020,2914130000,IN
2020,2914191000,IN
2020,2914199000,IN
2020,2914220000,IN
2020,2914230000,IN
2020,2914290000,IN
2020,2914310000,IN
2020,2914390000,IN
2020,2914401000,IN
2020,2914409000,IN
2020,2914500000,IN
2020,2914610000,IN
2020,2914620000,IN
2020,2914691000,IN
2020,2914698000,IN
2020,2914710000,IN
2020,2914790000,IN
2020,2915110000,IN
2020,2915120000,IN
2020,2915130000,IN
2020,2915210000,IN
2020,2915240000,IN
2020,2915290000,IN
2020,2915310000,IN
2020,2915320000,IN
2020,2915330000,IN
2020,2915360000,IN
2020,2915390000,IN
2020,2915400000,IN
2020,2915500000,IN
2020,2915601100,IN
2020,2915601900,IN
2020,2915609000,IN
2020,2915704000,IN
2020,2915705000,IN
2020,2915903000,IN
2020,2915907000,IN
2020,2916110000,IN
2020,2916120000,IN
2020,2916130000,IN
2020,2916140000,IN
2020,2916150000,IN
2020,2916160000,IN
2020,2916191000,IN
2020,2916194000,IN
2020,2916199500,IN
2020,2916200000,IN
2020,2916310000,IN
2020,2916320000,IN
2020,2916340000,IN
2020,2916391000,IN
2020,2916399000,IN
2020,2917110000,IN
2020,2917120000,IN
2020,2917131000,IN
2020,2917139000,IN
2020,2917140000,IN
2020,2917191000,IN
2020,2917192000,IN
2020,2917198000,IN
2020,2917200000,IN
2020,2917320000,IN
2020,2917330000,IN
2020,2917340000,IN
2020,2917350000,IN
2020,2917360000,IN
2020,2917370000,IN
2020,2917392000,IN
2020,2917399500,IN
2020,2918110000,IN
2020,2918120000,IN
2020,2918130000,IN
2020,2918140000,IN
2020,2918150000,IN
2020,2918160000,IN
2020,2918170000,IN
2020,2918180000,IN
2020,2918193000,IN
2020,2918194000,IN
2020,2918199800,IN
2020,2918210000,IN
2020,2918220000,IN
2020,2918230000,IN
2020,2918290000,IN
2020,2918300000,IN
2020,2918910000,IN
2020,2918994000,IN
2020,2918999000,IN
2020,2919100000,IN
2020,2919900000,IN
2020,2920110000,IN
2020,2920190000,IN
2020,2920210000,IN
2020,2920220000,IN
2020,2920230000,IN
2020,2920240000,IN
2020,2920290000,IN
2020,2920300000,IN
2020,2920901000,IN
2020,2920907000,IN
2020,2921110000,IN
2020,2921120000,IN
2020,2921130000,IN
2020,2921140000,IN
2020,2921194000,IN
2020,2921195000,IN
2020,2921199900,IN
2020,2921210000,IN
2020,2921220000,IN
2020,2921290000,IN
2020,2921301000,IN
2020,2921309100,IN
2020,2921309900,IN
2020,2921410000,IN
2020,2921420000,IN
2020,2921430000,IN
2020,2921440000,IN
2020,2921450000,IN
2020,2921460000,IN
2020,2921490000,IN
2020,2921511100,IN
2020,2921511900,IN
2020,2921519000,IN
2020,2921595000,IN
2020,2921599000,IN
2020,2922110000,IN
2020,2922120000,IN
2020,2922140000,IN
2020,2922150000,IN
2020,2922160000,IN
2020,2922170000,IN
2020,2922180000,IN
2020,2922190000,IN
2020,2922210000,IN
2020,2922290000,IN
2020,2922310000,IN
2020,2922390000,IN
2020,2922410000,IN
2020,2922420000,IN
2020,2922430000,IN
2020,2922440000,IN
2020,2922492000,IN
2020,2922498500,IN
2020,2922500000,IN
2020,2923100000,IN
2020,2923200000,IN
2020,2923300000,IN
2020,2923400000,IN
2020,2923900000,IN
2020,2924110000,IN
2020,2924120000,IN
2020,2924190000,IN
2020,2924210000,IN
2020,2924230000,IN
2020,2924240000,IN
2020,2924250000,IN
2020,2924291000,IN
2020,2924297000,IN
2020,2925110000,IN
2020,2925120000,IN
2020,2925192000,IN
2020,2925199500,IN
2020,2925210000,IN
2020,2925290000,IN
2020,2926100000,IN
2020,2926200000,IN
2020,2926300000,IN
2020,2926400000,IN
2020,2926902000,IN
2020,2926907000,IN
2020,2927000000,IN
2020,2928009000,IN
2020,2929100000,IN
2020,2929900000,IN
2020,2930200000,IN
2020,2930300000,IN
2020,2930401000,IN
2020,2930409000,IN
2020,2930600000,IN
2020,2930700000,IN
2020,2930800000,IN
2020,2930901300,IN
2020,2930901600,IN
2020,2930903000,IN
2020,2930904000,IN
2020,2930905000,IN
2020,2930909800,IN
2020,2931100000,IN
2020,2931200000,IN
2020,2931310000,IN
2020,2931320000,IN
2020,2931330000,IN
2020,2931340000,IN
2020,2931350000,IN
2020,2931360000,IN
2020,2931370000,IN
2020,2931380000,IN
2020,2931392000,IN
2020,2931393000,IN
2020,2931395000,IN
2020,2931396000,IN
2020,2931399000,IN
2020,2931900000,IN
2020,2932110000,IN
2020,2932120000,IN
2020,2932130000,IN
2020,2932140000,IN
2020,2932190000,IN
2020,2932201000,IN
2020,2932202000,IN
2020,2932209000,IN
2020,2932910000,IN
2020,2932920000,IN
2020,2932930000,IN
2020,2932940000,IN
2020,2932950000,IN
2020,2932990000,IN
2020,2933111000,IN
2020,2933119000,IN
2020,2933191000,IN
2020,2933199000,IN
2020,2933210000,IN
2020,2933291000,IN
2020,2933299000,IN
2020,2933310000,IN
2020,2933320000,IN
2020,2933330000,IN
2020,2933391000,IN
2020,2933392000,IN
2020,2933392500,IN
2020,2933393500,IN
2020,2933394000,IN
2020,2933394500,IN
2020,2933395000,IN
2020,2933395500,IN
2020,2933399900,IN
2020,2933410000,IN
2020,2933491000,IN
2020,2933493000,IN
2020,2933499000,IN
2020,2933520000,IN
2020,2933531000,IN
2020,2933539000,IN
2020,2933540000,IN
2020,2933550000,IN
2020,2933591000,IN
2020,2933592000,IN
2020,2933599500,IN
2020,2933610000,IN
2020,2933691000,IN
2020,2933694000,IN
2020,2933698000,IN
2020,2933710000,IN
2020,2933720000,IN
2020,2933790000,IN
2020,2933911000,IN
2020,2933919000,IN
2020,2933920000,IN
2020,2933992000,IN
2020,2933995000,IN
2020,2933998000,IN
2020,2934100000,IN
2020,2934202000,IN
2020,2934208000,IN
2020,2934301000,IN
2020,2934309000,IN
2020,2934910000,IN
2020,2934996000,IN
2020,2934999000,IN
2020,2935100000,IN
2020,2935200000,IN
2020,2935300000,IN
2020,2935400000,IN
2020,2935500000,IN
2020,2935903000,IN
2020,2935909000,IN
2020,2938100000,IN
2020,2938901000,IN
2020,2938903000,IN
2020,2938909000,IN
2020,2940000000,IN
2020,2941203000,IN
2020,2942000000,IN
2020,5001000000,IN
2020,5002000000,IN
2020,5003000000,IN
2020,5004001000,IN
2020,5004009000,IN
2020,5005001000,IN
2020,5005009000,IN
2020,5006001000,IN
2020,5006009000,IN
2020,5007100000,IN
2020,5007201100,IN
2020,5007201900,IN
2020,5007202100,IN
2020,5007203100,IN
2020,5007203900,IN
2020,5007204100,IN
2020,5007205100,IN
2020,5007205900,IN
2020,5007206100,IN
2020,5007206900,IN
2020,5007207100,IN
2020,5007901000,IN
2020,5007903000,IN
2020,5007905000,IN
2020,5007909000,IN
2020,5101110000,IN
2020,5101190000,IN
2020,5101210000,IN
2020,5101290000,IN
2020,5101300000,IN
2020,5102110000,IN
2020,5102191000,IN
2020,5102193000,IN
2020,5102194000,IN
2020,5102199000,IN
2020,5102200000,IN
2020,5103101000,IN
2020,5103109000,IN
2020,5103200000,IN
2020,5103300000,IN
2020,5104000000,IN
2020,5106101000,IN
2020,5106109000,IN
2020,5106201000,IN
2020,5106209100,IN
2020,5106209900,IN
2020,5107101000,IN
2020,5107109000,IN
2020,5107201000,IN
2020,5107203000,IN
2020,5107205100,IN
2020,5107205900,IN
2020,5107209100,IN
2020,5107209900,IN
2020,5108101000,IN
2020,5108109000,IN
2020,5108201000,IN
2020,5108209000,IN
2020,5109101000,IN
2020,5109109000,IN
2020,5109900000,IN
2020,5110000000,IN
2020,5111110000,IN
2020,5111190000,IN
2020,5111200000,IN
2020,5111301000,IN
2020,5111308000,IN
2020,5111901000,IN
2020,5111909100,IN
2020,5111909800,IN
2020,5112110000,IN
2020,5112190000,IN
2020,5112200000,IN
2020,5112301000,IN
2020,5112308000,IN
2020,5112901000,IN
2020,5112909100,IN
2020,5112909800,IN
2020,5113000000,IN
2020,5201001000,IN
2020,5201009000,IN
2020,5202100000,IN
2020,5202910000,IN
2020,5202990000,IN
2020,5203000000,IN
2020,5204110000,IN
2020,5204190000,IN
2020,5204200000,IN
2020,5205110000,IN
2020,5205120000,IN
2020,5205130000,IN
2020,5205140000,IN
2020,5205151000,IN
2020,5205159000,IN
2020,5205210000,IN
2020,5205220000,IN
2020,5205230000,IN
2020,5205240000,IN
2020,5205260000,IN
2020,5205270000,IN
2020,5205280000,IN
2020,5205310000,IN
2020,5205320000,IN
2020,5205330000,IN
2020,5205340000,IN
2020,5205350000,IN
2020,5205410000,IN
2020,5205420000,IN
2020,5205430000,IN
2020,5205440000,IN
2020,5205460000,IN
2020,5205470000,IN
2020,5205480000,IN
2020,5206110000,IN
2020,5206120000,IN
2020,5206130000,IN
2020,5206140000,IN
2020,5206150000,IN
2020,5206210000,IN
2020,5206220000,IN
2020,5206230000,IN
2020,5206240000,IN
2020,5206250000,IN
2020,5206310000,IN
2020,5206320000,IN
2020,5206330000,IN
2020,5206340000,IN
2020,5206350000,IN
2020,5206410000,IN
2020,5206420000,IN
2020,5206430000,IN
2020,5206440000,IN
2020,5206450000,IN
2020,5207100000,IN
2020,5207900000,IN
2020,5208111000,IN
2020,5208119000,IN
2020,5208121600,IN
2020,5208121900,IN
2020,5208129600,IN
2020,5208129900,IN
2020,5208130000,IN
2020,5208190000,IN
2020,5208211000,IN
2020,5208219000,IN
2020,5208221600,IN
2020,5208221900,IN
2020,5208229600,IN
2020,5208229900,IN
2020,5208230000,IN
2020,5208290000,IN
2020,5208310000,IN
2020,5208321600,IN
2020,5208321900,IN
2020,5208329600,IN
2020,5208329900,IN
2020,5208330000,IN
2020,5208390000,IN
2020,5208410000,IN
2020,5208420000,IN
2020,5208430000,IN
2020,5208490000,IN
2020,5208510000,IN
2020,5208520000,IN
2020,5208591000,IN
2020,5208599000,IN
2020,5209110000,IN
2020,5209120000,IN
2020,5209190000,IN
2020,5209210000,IN
2020,5209220000,IN
2020,5209290000,IN
2020,5209310000,IN
2020,5209320000,IN
2020,5209390000,IN
2020,5209410000,IN
2020,5209420000,IN
2020,5209430000,IN
2020,5209490000,IN
2020,5209510000,IN
2020,5209520000,IN
2020,5209590000,IN
2020,5210110000,IN
2020,5210190000,IN
2020,5210210000,IN
2020,5210290000,IN
2020,5210310000,IN
2020,5210320000,IN
2020,5210390000,IN
2020,5210410000,IN
2020,5210490000,IN
2020,5210510000,IN
2020,5210590000,IN
2020,5211110000,IN
2020,5211120000,IN
2020,5211190000,IN
2020,5211200000,IN
2020,5211310000,IN
2020,5211320000,IN
2020,5211390000,IN
2020,5211410000,IN
2020,5211420000,IN
2020,5211430000,IN
2020,5211491000,IN
2020,5211499000,IN
2020,5211510000,IN
2020,5211520000,IN
2020,5211590000,IN
2020,5212111000,IN
2020,5212119000,IN
2020,5212121000,IN
2020,5212129000,IN
2020,5212131000,IN
2020,5212139000,IN
2020,5212141000,IN
2020,5212149000,IN
2020,5212151000,IN
2020,5212159000,IN
2020,5212211000,IN
2020,5212219000,IN
2020,5212221000,IN
2020,5212229000,IN
2020,5212231000,IN
2020,5212239000,IN
2020,5212241000,IN
2020,5212249000,IN
2020,5212251000,IN
2020,5212259000,IN
2020,5301100000,IN
2020,5301210000,IN
2020,5301290000,IN
2020,5301300000,IN
2020,5302100000,IN
2020,5302900000,IN
2020,5303100000,IN
2020,5303900000,IN
2020,5305000000,IN
2020,5306101000,IN
2020,5306103000,IN
2020,5306105000,IN
2020,5306109000,IN
2020,5306201000,IN
2020,5306209000,IN
2020,5307100000,IN
2020,5307200000,IN
2020,5308100000,IN
2020,5308201000,IN
2020,5308209000,IN
2020,5308901200,IN
2020,5308901900,IN
2020,5308905000,IN
2020,5308909000,IN
2020,5309111000,IN
2020,5309119000,IN
2020,5309190000,IN
2020,5309210000,IN
2020,5309290000,IN
2020,5310101000,IN
2020,5310109000,IN
2020,5310900000,IN
2020,5311001000,IN
2020,5311009000,IN
2020,5401101200,IN
2020,5401101400,IN
2020,5401101600,IN
2020,5401101800,IN
2020,5401109000,IN
2020,5401201000,IN
2020,5401209000,IN
2020,5402110000,IN
2020,5402190000,IN
2020,5402200000,IN
2020,5402310000,IN
2020,5402320000,IN
2020,5402330000,IN
2020,5402340000,IN
2020,5402390000,IN
2020,5402440000,IN
2020,5402450000,IN
2020,5402460000,IN
2020,5402470000,IN
2020,5402480000,IN
2020,5402490000,IN
2020,5402510000,IN
2020,5402520000,IN
2020,5402530000,IN
2020,5402590000,IN
2020,5402610000,IN
2020,5402620000,IN
2020,5402630000,IN
2020,5402690000,IN
2020,5403100000,IN
2020,5403310000,IN
2020,5403320000,IN
2020,5403330000,IN
2020,5403390000,IN
2020,5403410000,IN
2020,5403420000,IN
2020,5403490000,IN
2020,5404110000,IN
2020,5404120000,IN
2020,5404190000,IN
2020,5404901000,IN
2020,5404909000,IN
2020,5405000000,IN
2020,5406000000,IN
2020,5407100000,IN
2020,5407201100,IN
2020,5407201900,IN
2020,5407209000,IN
2020,5407300000,IN
2020,5407410000,IN
2020,5407420000,IN
2020,5407430000,IN
2020,5407440000,IN
2020,5407510000,IN
2020,5407520000,IN
2020,5407530000,IN
2020,5407540000,IN
2020,5407611000,IN
2020,5407613000,IN
2020,5407615000,IN
2020,5407619000,IN
2020,5407691000,IN
2020,5407699000,IN
2020,5407710000,IN
2020,5407720000,IN
2020,5407730000,IN
2020,5407740000,IN
2020,5407810000,IN
2020,5407820000,IN
2020,5407830000,IN
2020,5407840000,IN
2020,5407910000,IN
2020,5407920000,IN
2020,5407930000,IN
2020,5407940000,IN
2020,5408100000,IN
2020,5408210000,IN
2020,5408221000,IN
2020,5408229000,IN
2020,5408230000,IN
2020,5408240000,IN
2020,5408310000,IN
2020,5408320000,IN
2020,5408330000,IN
2020,5408340000,IN
2020,5501100000,IN
2020,5501200000,IN
2020,5501300000,IN
2020,5501400000,IN
2020,5501900000,IN
2020,5502100000,IN
2020,5502900000,IN
2020,5503110000,IN
2020,5503190000,IN
2020,5503200000,IN
2020,5503300000,IN
2020,5503400000,IN
2020,5503900000,IN
2020,5504100000,IN
2020,5504900000,IN
2020,5505101000,IN
2020,5505103000,IN
2020,5505105000,IN
2020,5505107000,IN
2020,5505109000,IN
2020,5505200000,IN
2020,5506100000,IN
2020,5506200000,IN
2020,5506300000,IN
2020,5506400000,IN
2020,5506900000,IN
2020,5507000000,IN
2020,5508101000,IN
2020,5508109000,IN
2020,5508201000,IN
2020,5508209000,IN
2020,5509110000,IN
2020,5509120000,IN
2020,5509210000,IN
2020,5509220000,IN
2020,5509310000,IN
2020,5509320000,IN
2020,5509410000,IN
2020,5509420000,IN
2020,5509510000,IN
2020,5509520000,IN
2020,5509530000,IN
2020,5509590000,IN
2020,5509610000,IN
2020,5509620000,IN
2020,5509690000,IN
2020,5509910000,IN
2020,5509920000,IN
2020,5509990000,IN
2020,5510110000,IN
2020,5510120000,IN
2020,5510200000,IN
2020,5510300000,IN
2020,5510900000,IN
2020,5511100000,IN
2020,5511200000,IN
2020,5511300000,IN
2020,5512110000,IN
2020,5512191000,IN
2020,5512199000,IN
2020,5512210000,IN
2020,5512291000,IN
2020,5512299000,IN
2020,5512910000,IN
2020,5512991000,IN
2020,5512999000,IN
2020,5513112000,IN
2020,5513119000,IN
2020,5513120000,IN
2020,5513130000,IN
2020,5513190000,IN
2020,5513210000,IN
2020,5513231000,IN
2020,5513239000,IN
2020,5513290000,IN
2020,5513310000,IN
2020,5513390000,IN
2020,5513410000,IN
2020,5513490000,IN
2020,5514110000,IN
2020,5514120000,IN
2020,5514191000,IN
2020,5514199000,IN
2020,5514210000,IN
2020,5514220000,IN
2020,5514230000,IN
2020,5514290000,IN
2020,5514301000,IN
2020,5514303000,IN
2020,5514305000,IN
2020,5514309000,IN
2020,5514410000,IN
2020,5514420000,IN
2020,5514430000,IN
2020,5514490000,IN
2020,5515111000,IN
2020,5515113000,IN
2020,5515119000,IN
2020,5515121000,IN
2020,5515123000,IN
2020,5515129000,IN
2020,5515131100,IN
2020,5515131900,IN
2020,5515139100,IN
2020,5515139900,IN
2020,5515191000,IN
2020,5515193000,IN
2020,5515199000,IN
2020,5515211000,IN
2020,5515213000,IN
2020,5515219000,IN
2020,5515221100,IN
2020,5515221900,IN
2020,5515229100,IN
2020,5515229900,IN
2020,5515290000,IN
2020,5515911000,IN
2020,5515913000,IN
2020,5515919000,IN
2020,5515992000,IN
2020,5515994000,IN
2020,5515998000,IN
2020,5516110000,IN
2020,5516120000,IN
2020,5516130000,IN
2020,5516140000,IN
2020,5516210000,IN
2020,5516220000,IN
2020,5516231000,IN
2020,5516239000,IN
2020,5516240000,IN
2020,5516310000,IN
2020,5516320000,IN
2020,5516330000,IN
2020,5516340000,IN
2020,5516410000,IN
2020,5516420000,IN
2020,5516430000,IN
2020,5516440000,IN
2020,5516910000,IN
2020,5516920000,IN
2020,5516930000,IN
2020,5516940000,IN
2020,5601211000,IN
2020,5601219000,IN
2020,5601221000,IN
2020,5601229000,IN
2020,5601290000,IN
2020,5601300000,IN
2020,5602101100,IN
2020,5602101900,IN
2020,5602103100,IN
2020,5602103800,IN
2020,5602109000,IN
2020,5602210000,IN
2020,5602290000,IN
2020,5602900000,IN
2020,5603111000,IN
2020,5603119000,IN
2020,5603121000,IN
2020,5603129000,IN
2020,5603131000,IN
2020,5603139000,IN
2020,5603141000,IN
2020,5603149000,IN
2020,5603911000,IN
2020,5603919000,IN
2020,5603921000,IN
2020,5603929000,IN
2020,5603931000,IN
2020,5603939000,IN
2020,5603941000,IN
2020,5603949000,IN
2020,5604100000,IN
2020,5604901000,IN
2020,5604909000,IN
2020,5605000000,IN
2020,5606001000,IN
2020,5606009100,IN
2020,5606009900,IN
2020,5607210000,IN
2020,5607290000,IN
2020,5607410000,IN
2020,5607491100,IN
2020,5607491900,IN
2020,5607499000,IN
2020,5607501100,IN
2020,5607501900,IN
2020,5607503000,IN
2020,5607509000,IN
2020,5607902000,IN
2020,5607909000,IN
2020,5608112000,IN
2020,5608118000,IN
2020,5608191100,IN
2020,5608191900,IN
2020,5608193000,IN
2020,5608199000,IN
2020,5608900000,IN
2020,5609000000,IN
2020,5701101000,IN
2020,5701109000,IN
2020,5701901000,IN
2020,5701909000,IN
2020,5702100000,IN
2020,5702200000,IN
2020,5702311000,IN
2020,5702318000,IN
2020,5702320000,IN
2020,5702390000,IN
2020,5702411000,IN
2020,5702419000,IN
2020,5702420000,IN
2020,5702490000,IN
2020,5702501000,IN
2020,5702503100,IN
2020,5702503900,IN
2020,5702509000,IN
2020,5702910000,IN
2020,5702921000,IN
2020,5702929000,IN
2020,5702990000,IN
2020,5703100000,IN
2020,5703201200,IN
2020,5703201800,IN
2020,5703209200,IN
2020,5703209800,IN
2020,5703301200,IN
2020,5703301800,IN
2020,5703308200,IN
2020,5703308800,IN
2020,5703902000,IN
2020,5703908000,IN
2020,5704100000,IN
2020,5704200000,IN
2020,5704900000,IN
2020,5705003000,IN
2020,5705008000,IN
2020,5801100000,IN
2020,5801210000,IN
2020,5801220000,IN
2020,5801230000,IN
2020,5801260000,IN
2020,5801270000,IN
2020,5801310000,IN
2020,5801320000,IN
2020,5801330000,IN
2020,5801360000,IN
2020,5801370000,IN
2020,5801901000,IN
2020,5801909000,IN
2020,5802110000,IN
2020,5802190000,IN
2020,5802200000,IN
2020,5802300000,IN
2020,5803001000,IN
2020,5803003000,IN
2020,5803009000,IN
2020,5804101000,IN
2020,5804109000,IN
2020,5804210000,IN
2020,5804290000,IN
2020,5804300000,IN
2020,5805000000,IN
2020,5806100000,IN
2020,5806200000,IN
2020,5806310000,IN
2020,5806321000,IN
2020,5806329000,IN
2020,5806390000,IN
2020,5806400000,IN
2020,5807101000,IN
2020,5807109000,IN
2020,5807901000,IN
2020,5807909000,IN
2020,5808100000,IN
2020,5808900000,IN
2020,5809000000,IN
2020,5810101000,IN
2020,5810109000,IN
2020,5810911000,IN
2020,5810919000,IN
2020,5810921000,IN
2020,5810929000,IN
2020,5810991000,IN
2020,5810999000,IN
2020,5811000000,IN
2020,5901100000,IN
2020,5901900000,IN
2020,5902101000,IN
2020,5902109000,IN
2020,5902201000,IN
2020,5902209000,IN
2020,5902901000,IN
2020,5902909000,IN
2020,5903101000,IN
2020,5903109000,IN
2020,5903201000,IN
2020,5903209000,IN
2020,5903901000,IN
2020,5903909100,IN
2020,5903909900,IN
2020,5904100000,IN
2020,5904900000,IN
2020,5905001000,IN
2020,5905003000,IN
2020,5905005000,IN
2020,5905007000,IN
2020,5905009000,IN
2020,5906100000,IN
2020,5906910000,IN
2020,5906991000,IN
2020,5906999000,IN
2020,5907000000,IN
2020,5908000000,IN
2020,5909001000,IN
2020,5909009000,IN
2020,5910000000,IN
2020,5911100000,IN
2020,5911200000,IN
2020,5911311100,IN
2020,5911311900,IN
2020,5911319000,IN
2020,5911321100,IN
2020,5911321900,IN
2020,5911329000,IN
2020,5911400000,IN
2020,5911901000,IN
2020,5911909100,IN
2020,5911909900,IN
2020,6001100000,IN
2020,6001210000,IN
2020,6001220000,IN
2020,6001290000,IN
2020,6001910000,IN
2020,6001920000,IN
2020,6001990000,IN
2020,6002400000,IN
2020,6002900000,IN
2020,6003100000,IN
2020,6003200000,IN
2020,6003301000,IN
2020,6003309000,IN
2020,6003400000,IN
2020,6003900000,IN
2020,6004100000,IN
2020,6004900000,IN
2020,6005210000,IN
2020,6005220000,IN
2020,6005230000,IN
2020,6005240000,IN
2020,6005350000,IN
2020,6005360000,IN
2020,6005370000,IN
2020,6005380000,IN
2020,6005390000,IN
2020,6005410000,IN
2020,6005420000,IN
2020,6005430000,IN
2020,6005440000,IN
2020,6005901000,IN
2020,6005909000,IN
2020,6006100000,IN
2020,6006210000,IN
2020,6006220000,IN
2020,6006230000,IN
2020,6006240000,IN
2020,6006310000,IN
2020,6006320000,IN
2020,6006330000,IN
2020,6006340000,IN
2020,6006410000,IN
2020,6006420000,IN
2020,6006430000,IN
2020,6006440000,IN
2020,6006900000,IN
2020,7101100000,IN
2020,7101210000,IN
2020,7101220000,IN
2020,7102100000,IN
2020,7102210000,IN
2020,7102290000,IN
2020,7102310000,IN
2020,7102390000,IN
2020,7103100000,IN
2020,7103910000,IN
2020,7103990000,IN
2020,7104100000,IN
2020,7104200000,IN
2020,7104900000,IN
2020,7105100000,IN
2020,7105900000,IN
2020,7106100000,IN
2020,7106910000,IN
2020,7106920000,IN
2020,7107000000,IN
2020,7108110000,IN
2020,7108120000,IN
2020,7108131000,IN
2020,7108138000,IN
2020,7108200000,IN
2020,7109000000,IN
2020,7110110000,IN
2020,7110191000,IN
2020,7110198000,IN
2020,7110210000,IN
2020,7110290000,IN
2020,7110310000,IN
2020,7110390000,IN
2020,7110410000,IN
2020,7110490000,IN
2020,7111000000,IN
2020,7112300000,IN
2020,7112910000,IN
2020,7112920000,IN
2020,7112990000,IN
2020,7113110000,IN
2020,7113190000,IN
2020,7113200000,IN
2020,7114110000,IN
2020,7114190000,IN
2020,7114200000,IN
2020,7115100000,IN
2020,7115900000,IN
2020,7116100000,IN
2020,7116201100,IN
2020,7116208000,IN
2020,7117110000,IN
2020,7117190000,IN
2020,7117900000,IN
2020,7118100000,IN
2020,7118900000,IN
2020,7202190000,IN
2020,7202210000,IN
2020,7202291000,IN
2020,7202299000,IN
2020,7202300000,IN
2020,7202411000,IN
2020,7202419000,IN
2020,7202491000,IN
2020,7202495000,IN
2020,7202499000,IN
2020,7202500000,IN
2020,7202600000,IN
2020,7202700000,IN
2020,7202800000,IN
2020,7202910000,IN
2020,7202920000,IN
2020,7202930000,IN
2020,7202991000,IN
2020,7202993000,IN
2020,7202998000,IN
2020,7301100000,IN
2020,7301200000,IN
2020,7302101000,IN
2020,7302102200,IN
2020,7302102800,IN
2020,7302104000,IN
2020,7302105000,IN
2020,7302109000,IN
2020,7302300000,IN
2020,7302400000,IN
2020,7302900000,IN
2020,7303001000,IN
2020,7303009000,IN
2020,7304110000,IN
2020,7304191000,IN
2020,7304193000,IN
2020,7304199000,IN
2020,7304220000,IN
2020,7304230000,IN
2020,7304240000,IN
2020,7304291000,IN
2020,7304293000,IN
2020,7304299000,IN
2020,7304312000,IN
2020,7304318000,IN
2020,7304391000,IN
2020,7304395200,IN
2020,7304395800,IN
2020,7304399200,IN
2020,7304399300,IN
2020,7304399800,IN
2020,7304410000,IN
2020,7304491000,IN
2020,7304499300,IN
2020,7304499500,IN
2020,7304499900,IN
2020,7304511200,IN
2020,7304511800,IN
2020,7304518100,IN
2020,7304518900,IN
2020,7304591000,IN
2020,7304593200,IN
2020,7304593800,IN
2020,7304599200,IN
2020,7304599300,IN
2020,7304599900,IN
2020,7304900000,IN
2020,7305110000,IN
2020,7305120000,IN
2020,7305190000,IN
2020,7305200000,IN
2020,7305310000,IN
2020,7305390000,IN
2020,7305900000,IN
2020,7306111000,IN
2020,7306119000,IN
2020,7306191000,IN
2020,7306199000,IN
2020,7306210000,IN
2020,7306290000,IN
2020,7306301100,IN
2020,7306301900,IN
2020,7306304100,IN
2020,7306304900,IN
2020,7306307200,IN
2020,7306307700,IN
2020,7306308000,IN
2020,7306402000,IN
2020,7306408000,IN
2020,7306502000,IN
2020,7306508000,IN
2020,7306611000,IN
2020,7306619200,IN
2020,7306619900,IN
2020,7306691000,IN
2020,7306699000,IN
2020,7306900000,IN
2020,7307111000,IN
2020,7307119000,IN
2020,7307191000,IN
2020,7307199000,IN
2020,7307210000,IN
2020,7307221000,IN
2020,7307229000,IN
2020,7307231000,IN
2020,7307239000,IN
2020,7307291000,IN
2020,7307298000,IN
2020,7307910000,IN
2020,7307921000,IN
2020,7307929000,IN
2020,7307931100,IN
2020,7307931900,IN
2020,7307939100,IN
2020,7307939900,IN
2020,7307991000,IN
2020,7307998000,IN
2020,7308100000,IN
2020,7308200000,IN
2020,7308300000,IN
2020,7308400000,IN
2020,7308905100,IN
2020,7308905900,IN
2020,7308909800,IN
2020,7309001000,IN
2020,7309003000,IN
2020,7309005100,IN
2020,7309005900,IN
2020,7309009000,IN
2020,7310100000,IN
2020,7310211100,IN
2020,7310211900,IN
2020,7310219100,IN
2020,7310219900,IN
2020,7310291000,IN
2020,7310299000,IN
2020,7311001100,IN
2020,7311001300,IN
2020,7311001900,IN
2020,7311003000,IN
2020,7311009100,IN
2020,7311009900,IN
2020,7312102000,IN
2020,7312104100,IN
2020,7312104900,IN
2020,7312106100,IN
2020,7312106500,IN
2020,7312106900,IN
2020,7312108100,IN
2020,7312108300,IN
2020,7312108500,IN
2020,7312108900,IN
2020,7312109800,IN
2020,7312900000,IN
2020,7313000000,IN
2020,7314120000,IN
2020,7314140000,IN
2020,7314190000,IN
2020,7314201000,IN
2020,7314209000,IN
2020,7314310000,IN
2020,7314390000,IN
2020,7314410000,IN
2020,7314420000,IN
2020,7314490000,IN
2020,7314500000,IN
2020,7315111000,IN
2020,7315119000,IN
2020,7315120000,IN
2020,7315190000,IN
2020,7315200000,IN
2020,7315810000,IN
2020,7315820000,IN
2020,7315890000,IN
2020,7315900000,IN
2020,7316000000,IN
2020,7317002000,IN
2020,7317006000,IN
2020,7317008000,IN
2020,7318110000,IN
2020,7318121000,IN
2020,7318129000,IN
2020,7318130000,IN
2020,7318141000,IN
2020,7318149100,IN
2020,7318149900,IN
2020,7318152000,IN
2020,7318153500,IN
2020,7318154200,IN
2020,7318154800,IN
2020,7318155200,IN
2020,7318155800,IN
2020,7318156200,IN
2020,7318156800,IN
2020,7318157500,IN
2020,7318158200,IN
2020,7318158800,IN
2020,7318159500,IN
2020,7318163100,IN
2020,7318163900,IN
2020,7318164000,IN
2020,7318166000,IN
2020,7318169200,IN
2020,7318169900,IN
2020,7318190000,IN
2020,7318210000,IN
2020,7318220000,IN
2020,7318230000,IN
2020,7318240000,IN
2020,7318290000,IN
2020,7319400000,IN
2020,7319901000,IN
2020,7319909000,IN
2020,7320101100,IN
2020,7320101900,IN
2020,7320109000,IN
2020,7320202000,IN
2020,7320208100,IN
2020,7320208500,IN
2020,7320208900,IN
2020,7320901000,IN
2020,7320903000,IN
2020,7320909000,IN
2020,7321111000,IN
2020,7321119000,IN
2020,7321120000,IN
2020,7321190000,IN
2020,7321810000,IN
2020,7321820000,IN
2020,7321890000,IN
2020,7321900000,IN
2020,7322110000,IN
2020,7322190000,IN
2020,7322900000,IN
2020,7323100000,IN
2020,7323910000,IN
2020,7323920000,IN
2020,7323930000,IN
2020,7323940000,IN
2020,7323990000,IN
2020,7324100000,IN
2020,7324210000,IN
2020,7324290000,IN
2020,7324900000,IN
2020,7325100000,IN
2020,7325910000,IN
2020,7325991000,IN
2020,7325999000,IN
2020,7326110000,IN
2020,7326191000,IN
2020,7326199000,IN
2020,7326200000,IN
2020,7326903000,IN
2020,7326904000,IN
2020,7326905000,IN
2020,7326906000,IN
2020,7326909200,IN
2020,7326909400,IN
2020,7326909600,IN
2020,7326909800,IN
2020,7401000000,IN
2020,7402000000,IN
2020,7403110000,IN
2020,7403120000,IN
2020,7403130000,IN
2020,7403190000,IN
2020,7403210000,IN
2020,7403220000,IN
2020,7403290000,IN
2020,7404001000,IN
2020,7404009100,IN
2020,7404009900,IN
2020,7405000000,IN
2020,7406100000,IN
2020,7406200000,IN
2020,7407100000,IN
2020,7407211000,IN
2020,7407219000,IN
2020,7407290000,IN
2020,7408110000,IN
2020,7408191000,IN
2020,7408199000,IN
2020,7408210000,IN
2020,7408220000,IN
2020,7408290000,IN
2020,7409110000,IN
2020,7409190000,IN
2020,7409210000,IN
2020,7409290000,IN
2020,7409310000,IN
2020,7409390000,IN
2020,7409400000,IN
2020,7409900000,IN
2020,7410110000,IN
2020,7410120000,IN
2020,7410210000,IN
2020,7410220000,IN
2020,7411101000,IN
2020,7411109000,IN
2020,7411211000,IN
2020,7411219000,IN
2020,7411220000,IN
2020,7411290000,IN
2020,7412100000,IN
2020,7412200000,IN
2020,7413000000,IN
2020,7415100000,IN
2020,7415210000,IN
2020,7415290000,IN
2020,7415330000,IN
2020,7415390000,IN
2020,7418101000,IN
2020,7418109000,IN
2020,7418200000,IN
2020,7419100000,IN
2020,7419910000,IN
2020,7419991000,IN
2020,7419993000,IN
2020,7419999000,IN
2020,7505120000,IN
2020,7505220000,IN
2020,7506200000,IN
2020,7507200000,IN
2020,7602001100,IN
2020,7602001900,IN
2020,7602009000,IN
2020,7603100000,IN
2020,7603200000,IN
2020,7604101000,IN
2020,7604109000,IN
2020,7604210000,IN
2020,7604291000,IN
2020,7604299000,IN
2020,7605110000,IN
2020,7605190000,IN
2020,7605210000,IN
2020,7605290000,IN
2020,7606111000,IN
2020,7606119100,IN
2020,7606119300,IN
2020,7606119900,IN
2020,7606122000,IN
2020,7606129200,IN
2020,7606129300,IN
2020,7606129900,IN
2020,7606910000,IN
2020,7606920000,IN
2020,7607111100,IN
2020,7607111900,IN
2020,7607119000,IN
2020,7607191000,IN
2020,7607199000,IN
2020,7607201000,IN
2020,7607209000,IN
2020,7608100000,IN
2020,7608202000,IN
2020,7608208100,IN
2020,7608208900,IN
2020,7609000000,IN
2020,7610100000,IN
2020,7610901000,IN
2020,7610909000,IN
2020,7611000000,IN
2020,7612100000,IN
2020,7612902000,IN
2020,7612903000,IN
2020,7612908000,IN
2020,7613000000,IN
2020,7614100000,IN
2020,7614900000,IN
2020,7615101000,IN
2020,7615103000,IN
2020,7615108000,IN
2020,7615200000,IN
2020,7616100000,IN
2020,7616910000,IN
2020,7616991000,IN
2020,7616999000,IN
2020,7801999000,IN
2020,7802000000,IN
2020,7804110000,IN
2020,7804190000,IN
2020,7804200000,IN
2020,7806001000,IN
2020,7806008000,IN
2020,7902000000,IN
2020,7904000000,IN
2020,7905000000,IN
2020,7907000000,IN
2020,8101940000,IN
2020,8101960000,IN
2020,8101970000,IN
2020,8101991000,IN
2020,8101999000,IN
2020,8102950000,IN
2020,8102960000,IN
2020,8102970000,IN
2020,8102990000,IN
2020,8103200000,IN
2020,8103300000,IN
2020,8103901000,IN
2020,8103909000,IN
2020,8104110000,IN
2020,8104190000,IN
2020,8104200000,IN
2020,8104300000,IN
2020,8104900000,IN
2020,8105200000,IN
2020,8105300000,IN
2020,8105900000,IN
2020,8106001000,IN
2020,8106009000,IN
2020,8107200000,IN
2020,8107300000,IN
2020,8107900000,IN
2020,8108200000,IN
2020,8108300000,IN
2020,8108903000,IN
2020,8108905000,IN
2020,8108906000,IN
2020,8108909000,IN
2020,8109300000,IN
2020,8109900000,IN
2020,8110200000,IN
2020,8110900000,IN
2020,8111001100,IN
2020,8111001900,IN
2020,8111009000,IN
2020,8112190000,IN
2020,8112211000,IN
2020,8112220000,IN
2020,8112290000,IN
2020,8112520000,IN
2020,8112992000,IN
2020,8112993000,IN
2020,8112997000,IN
2020,8113004000,IN
2020,8113009000,IN
2020,8201100000,IN
2020,8201300000,IN
2020,8201400000,IN
2020,8201500000,IN
2020,8201600000,IN
2020,8201900000,IN
2020,8202100000,IN
2020,8202200000,IN
2020,8202310000,IN
2020,8202390000,IN
2020,8202400000,IN
2020,8202910000,IN
2020,8202992000,IN
2020,8202998000,IN
2020,8203100000,IN
2020,8203200000,IN
2020,8203300000,IN
2020,8203400000,IN
2020,8204110000,IN
2020,8204120000,IN
2020,8204200000,IN
2020,8205100000,IN
2020,8205200000,IN
2020,8205300000,IN
2020,8205400000,IN
2020,8205510000,IN
2020,8205591000,IN
2020,8205598000,IN
2020,8205600000,IN
2020,8205700000,IN
2020,8205901000,IN
2020,8205909000,IN
2020,8206000000,IN
2020,8207130000,IN
2020,8207191000,IN
2020,8207199000,IN
2020,8207201000,IN
2020,8207209000,IN
2020,8207301000,IN
2020,8207309000,IN
2020,8207401000,IN
2020,8207403000,IN
2020,8207409000,IN
2020,8207501000,IN
2020,8207503000,IN
2020,8207505000,IN
2020,8207506000,IN
2020,8207507000,IN
2020,8207509000,IN
2020,8207601000,IN
2020,8207603000,IN
2020,8207605000,IN
2020,8207607000,IN
2020,8207609000,IN
2020,8207701000,IN
2020,8207703100,IN
2020,8207703700,IN
2020,8207709000,IN
2020,8207801100,IN
2020,8207801900,IN
2020,8207809000,IN
2020,8207901000,IN
2020,8207903000,IN
2020,8207905000,IN
2020,8207907100,IN
2020,8207907800,IN
2020,8207909100,IN
2020,8207909900,IN
2020,8208100000,IN
2020,8208200000,IN
2020,8208300000,IN
2020,8208400000,IN
2020,8208900000,IN
2020,8209002000,IN
2020,8209008000,IN
2020,8210000000,IN
2020,8211100000,IN
2020,8211910000,IN
2020,8211920000,IN
2020,8211930000,IN
2020,8211940000,IN
2020,8211950000,IN
2020,8212101000,IN
2020,8212109000,IN
2020,8212200000,IN
2020,8212900000,IN
2020,8213000000,IN
2020,8214100000,IN
2020,8214200000,IN
2020,8214900000,IN
2020,8215102000,IN
2020,8215103000,IN
2020,8215108000,IN
2020,8215201000,IN
2020,8215209000,IN
2020,8215910000,IN
2020,8215991000,IN
2020,8215999000,IN
2020,8301100000,IN
2020,8301200000,IN
2020,8301300000,IN
2020,8301401100,IN
2020,8301401900,IN
2020,8301409000,IN
2020,8301500000,IN
2020,8301600000,IN
2020,8301700000,IN
2020,8302100000,IN
2020,8302200000,IN
2020,8302300000,IN
2020,8302411000,IN
2020,8302415000,IN
2020,8302419000,IN
2020,8302420000,IN
2020,8302490000,IN
2020,8302500000,IN
2020,8302600000,IN
2020,8303004000,IN
2020,8303009000,IN
2020,8304000000,IN
2020,8305100000,IN
2020,8305200000,IN
2020,8305900000,IN
2020,8306100000,IN
2020,8306210000,IN
2020,8306290000,IN
2020,8306300000,IN
2020,8307100000,IN
2020,8307900000,IN
2020,8308100000,IN
2020,8308200000,IN
2020,8308900000,IN
2020,8309100000,IN
2020,8309901000,IN
2020,8309909000,IN
2020,8310000000,IN
2020,8311100000,IN
2020,8311200000,IN
2020,8311300000,IN
2020,8311900000,IN
2020,8701100000,IN
2020,8701201000,IN
2020,8701209000,IN
2020,8701300000,IN
2020,8701911000,IN
2020,8701919000,IN
2020,8701921000,IN
2020,8701929000,IN
2020,8701931000,IN
2020,8701939000,IN
2020,8701941000,IN
2020,8701949000,IN
2020,8701951000,IN
2020,8701959000,IN
2020,8702101100,IN
2020,8702101900,IN
2020,8702109100,IN
2020,8702109900,IN
2020,8702201000,IN
2020,8702209000,IN
2020,8702301000,IN
2020,8702309000,IN
2020,8702400000,IN
2020,8702901100,IN
2020,8702901900,IN
2020,8702903100,IN
2020,8702903900,IN
2020,8702909000,IN
2020,8703101100,IN
2020,8703101800,IN
2020,8703211000,IN
2020,8703219000,IN
2020,8703221000,IN
2020,8703229000,IN
2020,8703231100,IN
2020,8703231900,IN
2020,8703239000,IN
2020,8703241000,IN
2020,8703249000,IN
2020,8703311000,IN
2020,8703319000,IN
2020,8703321100,IN
2020,8703321900,IN
2020,8703329000,IN
2020,8703331100,IN
2020,8703331900,IN
2020,8703339000,IN
2020,8703401000,IN
2020,8703409000,IN
2020,8703500000,IN
2020,8703601000,IN
2020,8703609000,IN
2020,8703700000,IN
2020,8703801000,IN
2020,8703809000,IN
2020,8703900000,IN
2020,8704101000,IN
2020,8704109000,IN
2020,8704211000,IN
2020,8704213100,IN
2020,8704213900,IN
2020,8704219100,IN
2020,8704219900,IN
2020,8704221000,IN
2020,8704229100,IN
2020,8704229900,IN
2020,8704231000,IN
2020,8704239100,IN
2020,8704239900,IN
2020,8704311000,IN
2020,8704313100,IN
2020,8704313900,IN
2020,8704319100,IN
2020,8704319900,IN
2020,8704321000,IN
2020,8704329100,IN
2020,8704329900,IN
2020,8704900000,IN
2020,8705100000,IN
2020,8705200000,IN
2020,8705300000,IN
2020,8705400000,IN
2020,8705903000,IN
2020,8705908000,IN
2020,8706001100,IN
2020,8706001900,IN
2020,8706009100,IN
2020,8706009900,IN
2020,8707101000,IN
2020,8707109000,IN
2020,8707901000,IN
2020,8707909000,IN
2020,8708101000,IN
2020,8708109000,IN
2020,8708211000,IN
2020,8708219000,IN
2020,8708291000,IN
2020,8708299000,IN
2020,8708301000,IN
2020,8708309100,IN
2020,8708309900,IN
2020,8708402000,IN
2020,8708405000,IN
2020,8708409100,IN
2020,8708409900,IN
2020,8708502000,IN
2020,8708503500,IN
2020,8708505500,IN
2020,8708509100,IN
2020,8708509900,IN
2020,8708701000,IN
2020,8708705000,IN
2020,8708709100,IN
2020,8708709900,IN
2020,8708802000,IN
2020,8708803500,IN
2020,8708805500,IN
2020,8708809100,IN
2020,8708809900,IN
2020,8708912000,IN
2020,8708913500,IN
2020,8708919100,IN
2020,8708919900,IN
2020,8708922000,IN
2020,8708923500,IN
2020,8708929100,IN
2020,8708929900,IN
2020,8708931000,IN
2020,8708939000,IN
2020,8708942000,IN
2020,8708943500,IN
2020,8708949100,IN
2020,8708949900,IN
2020,8708951000,IN
2020,8708959100,IN
2020,8708959900,IN
2020,8708991000,IN
2020,8708999300,IN
2020,8708999700,IN
2020,8709111000,IN
2020,8709119000,IN
2020,8709191000,IN
2020,8709199000,IN
2020,8709900000,IN
2020,8710000000,IN
2020,8711100000,IN
2020,8711201000,IN
2020,8711209200,IN
2020,8711209800,IN
2020,8711301000,IN
2020,8711309000,IN
2020,8711400000,IN
2020,8711500000,IN
2020,8711601000,IN
2020,8711609000,IN
2020,8711900000,IN
2020,8712003000,IN
2020,8712007000,IN
2020,8713100000,IN
2020,8713900000,IN
2020,8714101000,IN
2020,8714102000,IN
2020,8714103000,IN
2020,8714104000,IN
2020,8714105000,IN
2020,8714109000,IN
2020,8714200000,IN
2020,8714911000,IN
2020,8714913000,IN
2020,8714919000,IN
2020,8714921000,IN
2020,8714929000,IN
2020,8714930000,IN
2020,8714942000,IN
2020,8714949000,IN
2020,8714950000,IN
2020,8714961000,IN
2020,8714963000,IN
2020,8714969000,IN
2020,8714991000,IN
2020,8714993000,IN
2020,8714995000,IN
2020,8714999000,IN
2020,8715001000,IN
2020,8715009000,IN
2020,8716109200,IN
2020,8716109800,IN
2020,8716200000,IN
2020,8716310000,IN
2020,8716391000,IN
2020,8716393000,IN
2020,8716395000,IN
2020,8716398000,IN
2020,8716400000,IN
2020,8716800000,IN
2020,8716901000,IN
2020,8716903000,IN
2020,8716905000,IN
2020,8716909000,IN
2020,8801001000,IN
2020,8801009000,IN
2020,8802110000,IN
2020,8802120000,IN
2020,8802200000,IN
2020,8802300000,IN
2020,8802400000,IN
2020,8802601100,IN
2020,8802601900,IN
2020,8802609000,IN
2020,8803100000,IN
2020,8803200000,IN
2020,8803300000,IN
2020,8803901000,IN
2020,8803902100,IN
2020,8803902900,IN
2020,8803903000,IN
2020,8803909000,IN
2020,8804000000,IN
2020,8805101000,IN
2020,8805109000,IN
2020,8805210000,IN
2020,8805290000,IN
2020,8901101000,IN
2020,8901109000,IN
2020,8901201000,IN
2020,8901209000,IN
2020,8901301000,IN
2020,8901309000,IN
2020,8901901000,IN
2020,8901909000,IN
2020,8902001000,IN
2020,8902009000,IN
2020,8903101000,IN
2020,8903109000,IN
2020,8903911000,IN
2020,8903919000,IN
2020,8903921000,IN
2020,8903929100,IN
2020,8903929900,IN
2020,8903991000,IN
2020,8903999100,IN
2020,8903999900,IN
2020,8904001000,IN
2020,8904009100,IN
2020,8904009900,IN
2020,8905101000,IN
2020,8905109000,IN
2020,8905200000,IN
2020,8905901000,IN
2020,8905909000,IN
2020,8906100000,IN
2020,8906901000,IN
2020,8906909100,IN
2020,8906909900,IN
2020,8907100000,IN
2020,8907900000,IN
2020,8908000000,IN
