Order number,Start date,End date,Mapped
090006,2017-06-16 00:00:00,2018-02-14 00:00:00,True
090006,2018-06-16 00:00:00,2019-02-14 00:00:00,True
090007,2018-01-01 00:00:00,2018-12-31 00:00:00,True
090009,2018-01-01 00:00:00,2018-12-31 00:00:00,True
090013,2018-01-01 00:00:00,2018-12-31 00:00:00,True
090019,2018-01-01 00:00:00,2018-12-31 00:00:00,True
090021,2018-01-01 00:00:00,2018-12-31 00:00:00,True
090023,2018-01-01 00:00:00,2018-12-31 00:00:00,True
090025,2018-02-01 00:00:00,2018-04-30 00:00:00,True
090027,2018-02-01 00:00:00,2018-04-30 00:00:00,True
090033,2018-01-01 00:00:00,2018-12-31 00:00:00,True
090035,2018-01-01 00:00:00,2018-12-31 00:00:00,True
090039,2018-01-15 00:00:00,2018-06-14 00:00:00,True
090040,2018-05-21 00:00:00,2018-07-15 00:00:00,True
090041,2018-01-01 00:00:00,2018-12-31 00:00:00,True
090043,2017-07-01 00:00:00,2018-06-30 00:00:00,True
090043,2018-07-01 00:00:00,2019-06-30 00:00:00,True
090045,2018-01-01 00:00:00,2018-12-31 00:00:00,True
090046,2018-01-01 00:00:00,2018-12-31 00:00:00,True
090047,2018-01-01 00:00:00,2018-12-31 00:00:00,True
090048,2018-01-01 00:00:00,2018-12-31 00:00:00,True
090050,2018-01-01 00:00:00,2018-12-31 00:00:00,True
090051,2018-01-01 00:00:00,2018-12-31 00:00:00,True
090052,2017-07-01 00:00:00,2018-06-30 00:00:00,True
090052,2018-07-01 00:00:00,2019-06-30 00:00:00,True
090053,2017-07-01 00:00:00,2018-06-30 00:00:00,True
090053,2018-07-01 00:00:00,2019-06-30 00:00:00,True
090054,2017-07-01 00:00:00,2018-06-30 00:00:00,True
090054,2018-07-01 00:00:00,2019-06-30 00:00:00,True
090055,2018-01-01 00:00:00,2018-05-15 00:00:00,True
090056,2018-01-01 00:00:00,2018-12-31 00:00:00,True
090057,2018-01-01 00:00:00,2018-12-31 00:00:00,True
090058,2017-08-01 00:00:00,2018-05-31 00:00:00,True
090058,2018-08-01 00:00:00,2019-05-31 00:00:00,True
090059,2017-11-01 00:00:00,2018-05-15 00:00:00,True
090059,2018-11-01 00:00:00,2019-05-15 00:00:00,True
090060,2018-07-21 00:00:00,2018-10-31 00:00:00,True
090061,2018-04-01 00:00:00,2018-07-31 00:00:00,True
090062,2018-08-01 00:00:00,2018-12-31 00:00:00,True
090063,2018-06-01 00:00:00,2018-07-31 00:00:00,True
090067,2017-09-01 00:00:00,2018-08-31 00:00:00,True
090067,2018-09-01 00:00:00,2019-08-31 00:00:00,True
090070,2018-01-01 00:00:00,2018-12-31 00:00:00,True
090071,2017-07-01 00:00:00,2018-06-30 00:00:00,True
090071,2018-07-01 00:00:00,2019-06-30 00:00:00,True
090072,2018-01-01 00:00:00,2018-12-31 00:00:00,True
090073,2018-01-01 00:00:00,2018-12-31 00:00:00,True
090074,2017-07-01 00:00:00,2018-06-30 00:00:00,True
090074,2018-07-01 00:00:00,2019-06-30 00:00:00,True
090075,2018-01-01 00:00:00,2018-12-31 00:00:00,True
090076,2018-01-01 00:00:00,2018-12-31 00:00:00,True
090083,2018-01-01 00:00:00,2018-12-31 00:00:00,True
090084,2018-01-01 00:00:00,2018-12-31 00:00:00,True
090085,2018-01-01 00:00:00,2018-12-31 00:00:00,True
090086,2018-01-01 00:00:00,2018-12-31 00:00:00,True
090087,2018-01-01 00:00:00,2018-12-31 00:00:00,True
090088,2018-01-01 00:00:00,2018-12-31 00:00:00,True
090089,2018-01-01 00:00:00,2018-12-31 00:00:00,True
090090,2018-01-01 00:00:00,2018-12-31 00:00:00,True
090091,2017-07-01 00:00:00,2018-06-30 00:00:00,True
090091,2018-07-01 00:00:00,2019-06-30 00:00:00,True
090092,2018-01-01 00:00:00,2018-12-31 00:00:00,True
090093,2018-01-01 00:00:00,2018-12-31 00:00:00,True
090094,2018-05-15 00:00:00,2018-10-31 00:00:00,True
090095,2018-01-01 00:00:00,2018-12-31 00:00:00,True
090096,2017-07-01 00:00:00,2018-06-30 00:00:00,True
090096,2018-07-01 00:00:00,2019-06-30 00:00:00,True
090097,2018-01-01 00:00:00,2018-12-31 00:00:00,True
090098,2018-01-01 00:00:00,2018-12-31 00:00:00,True
090101,2018-01-01 00:00:00,2018-12-31 00:00:00,True
090103,2018-01-01 00:00:00,2018-12-31 00:00:00,True
090104,2018-01-01 00:00:00,2018-12-31 00:00:00,True
090106,2018-01-01 00:00:00,2018-12-31 00:00:00,True
090107,2018-01-01 00:00:00,2018-12-31 00:00:00,True
090109,2018-01-01 00:00:00,2018-12-31 00:00:00,True
090111,2018-01-01 00:00:00,2018-12-31 00:00:00,True
090113,2017-07-01 00:00:00,2018-06-30 00:00:00,True
090113,2018-07-01 00:00:00,2019-06-30 00:00:00,True
090114,2017-07-01 00:00:00,2018-06-30 00:00:00,True
090114,2018-07-01 00:00:00,2019-06-30 00:00:00,True
090115,2017-07-01 00:00:00,2018-06-30 00:00:00,True
090115,2018-07-01 00:00:00,2019-06-30 00:00:00,True
090118,2017-07-01 00:00:00,2018-06-30 00:00:00,True
090118,2018-07-01 00:00:00,2019-06-30 00:00:00,True
090119,2018-01-01 00:00:00,2018-12-31 00:00:00,True
090120,2017-07-01 00:00:00,2018-06-30 00:00:00,True
090120,2018-07-01 00:00:00,2019-06-30 00:00:00,True
090121,2017-07-01 00:00:00,2018-06-30 00:00:00,True
090121,2018-07-01 00:00:00,2019-06-30 00:00:00,True
090122,2017-07-01 00:00:00,2018-06-30 00:00:00,True
090122,2018-07-01 00:00:00,2019-06-30 00:00:00,True
090123,2017-07-01 00:00:00,2018-06-30 00:00:00,True
090123,2018-07-01 00:00:00,2019-06-30 00:00:00,True
090124,2018-01-01 00:00:00,2018-12-31 00:00:00,True
090125,2018-01-01 00:00:00,2018-12-31 00:00:00,True
090126,2018-01-01 00:00:00,2018-12-31 00:00:00,True
090127,2018-01-01 00:00:00,2018-12-31 00:00:00,True
090128,2018-01-01 00:00:00,2018-12-31 00:00:00,True
090129,2018-01-01 00:00:00,2018-12-31 00:00:00,True
090130,2018-01-01 00:00:00,2018-12-31 00:00:00,True
090131,2018-01-01 00:00:00,2018-12-31 00:00:00,True
090132,2018-01-01 00:00:00,2018-12-31 00:00:00,True
090202,2018-01-01 00:00:00,2018-12-31 00:00:00,True
090204,2018-05-01 00:00:00,2018-11-14 00:00:00,True
090206,2018-01-01 00:00:00,2018-12-31 00:00:00,True
090208,2018-01-01 00:00:00,2018-12-31 00:00:00,True
090211,2017-05-16 00:00:00,2018-02-14 00:00:00,True
090211,2018-05-16 00:00:00,2019-02-14 00:00:00,True
090212,2018-01-01 00:00:00,2018-12-31 00:00:00,True
090213,2017-05-01 00:00:00,2018-01-14 00:00:00,True
090213,2018-05-01 00:00:00,2019-01-14 00:00:00,True
090214,2018-01-01 00:00:00,2018-12-31 00:00:00,True
090215,2018-03-01 00:00:00,2018-11-30 00:00:00,True
090219,2018-01-01 00:00:00,2018-12-31 00:00:00,True
090221,2018-01-01 00:00:00,2018-12-31 00:00:00,True
090223,2018-01-01 00:00:00,2018-12-31 00:00:00,True
090225,2018-01-01 00:00:00,2018-12-31 00:00:00,True
090227,2018-01-01 00:00:00,2018-12-31 00:00:00,True
090228,2018-01-01 00:00:00,2018-12-31 00:00:00,True
090229,2018-01-01 00:00:00,2018-12-31 00:00:00,True
090230,2018-01-01 00:00:00,2018-12-31 00:00:00,True
090231,2018-01-01 00:00:00,2018-12-31 00:00:00,True
090232,2018-01-01 00:00:00,2018-12-31 00:00:00,True
090233,2018-01-01 00:00:00,2018-12-31 00:00:00,True
090234,2018-01-01 00:00:00,2018-12-31 00:00:00,True
090235,2018-01-01 00:00:00,2018-12-31 00:00:00,True
090236,2018-01-01 00:00:00,2018-12-31 00:00:00,True
090237,2018-01-01 00:00:00,2018-12-31 00:00:00,True
090238,2018-01-01 00:00:00,2018-12-31 00:00:00,True
090239,2018-01-01 00:00:00,2018-12-31 00:00:00,True
090240,2018-01-01 00:00:00,2018-12-31 00:00:00,True
090242,2018-01-01 00:00:00,2018-12-31 00:00:00,True
090243,2018-01-01 00:00:00,2018-12-31 00:00:00,True
090244,2018-01-01 00:00:00,2018-12-31 00:00:00,True
090671,2018-01-01 00:00:00,2018-12-31 00:00:00,True
090672,2018-01-01 00:00:00,2018-12-31 00:00:00,True
090674,2018-01-01 00:00:00,2018-12-31 00:00:00,True
090675,2018-01-01 00:00:00,2018-12-31 00:00:00,True
090676,2018-01-01 00:00:00,2018-12-31 00:00:00,True
090679,2018-01-01 00:00:00,2018-12-31 00:00:00,True
090681,2018-01-01 00:00:00,2018-12-31 00:00:00,True
090689,2018-01-01 00:00:00,2018-12-31 00:00:00,True
090690,2018-01-01 00:00:00,2018-12-31 00:00:00,True
090691,2018-01-01 00:00:00,2018-12-31 00:00:00,True
090692,2018-01-01 00:00:00,2018-12-31 00:00:00,True
090693,2018-01-01 00:00:00,2018-12-31 00:00:00,True
090700,2017-05-01 00:00:00,2018-04-30 00:00:00,True
090700,2018-05-01 00:00:00,2019-04-30 00:00:00,True
090701,2018-01-01 00:00:00,2018-12-31 00:00:00,True
090702,2017-05-01 00:00:00,2018-04-30 00:00:00,True
090702,2018-05-01 00:00:00,2019-04-30 00:00:00,True
090703,2018-04-01 00:00:00,2018-12-31 00:00:00,True
090704,2018-01-01 00:00:00,2018-12-31 00:00:00,True
090705,2018-01-01 00:00:00,2018-12-31 00:00:00,True
090706,2018-01-01 00:00:00,2018-12-31 00:00:00,True
090707,2018-01-01 00:00:00,2018-12-31 00:00:00,True
090708,2018-01-01 00:00:00,2018-12-31 00:00:00,True
090710,2017-05-01 00:00:00,2018-04-30 00:00:00,True
090710,2018-05-01 00:00:00,2019-04-30 00:00:00,True
090711,2018-01-01 00:00:00,2018-12-31 00:00:00,True
090712,2017-05-01 00:00:00,2018-04-30 00:00:00,True
090712,2018-05-01 00:00:00,2019-04-30 00:00:00,True
090713,2017-05-01 00:00:00,2018-04-30 00:00:00,True
090713,2018-05-01 00:00:00,2019-04-30 00:00:00,True
090714,2017-05-01 00:00:00,2018-04-30 00:00:00,True
090714,2018-05-01 00:00:00,2019-04-30 00:00:00,True
090715,2018-01-01 00:00:00,2018-12-31 00:00:00,True
090716,2018-01-01 00:00:00,2018-12-31 00:00:00,True
090717,2018-01-01 00:00:00,2018-12-31 00:00:00,True
090718,2018-01-01 00:00:00,2018-12-31 00:00:00,True
090719,2018-01-01 00:00:00,2018-12-31 00:00:00,True
090720,2018-01-01 00:00:00,2018-12-31 00:00:00,True
090721,2018-01-01 00:00:00,2018-12-31 00:00:00,True
090722,2018-01-01 00:00:00,2018-12-31 00:00:00,True
090723,2017-06-16 00:00:00,2018-02-14 00:00:00,True
090723,2018-06-16 00:00:00,2019-02-14 00:00:00,True
090724,2017-06-16 00:00:00,2018-02-14 00:00:00,True
090724,2018-06-16 00:00:00,2019-02-14 00:00:00,True
090725,2017-06-16 00:00:00,2018-02-14 00:00:00,True
090725,2018-06-16 00:00:00,2019-02-14 00:00:00,True
090726,2018-01-01 00:00:00,2018-12-31 00:00:00,True
090727,2018-01-01 00:00:00,2018-12-31 00:00:00,True
090728,2018-01-01 00:00:00,2018-12-31 00:00:00,True
090729,2018-01-01 00:00:00,2018-12-31 00:00:00,True
090730,2018-01-01 00:00:00,2018-12-31 00:00:00,True
090731,2018-01-01 00:00:00,2018-12-31 00:00:00,True
090732,2018-01-01 00:00:00,2018-12-31 00:00:00,True
090733,2018-01-01 00:00:00,2018-12-31 00:00:00,True
090734,2018-01-01 00:00:00,2018-12-31 00:00:00,True
090735,2018-01-01 00:00:00,2018-12-31 00:00:00,True
090736,2018-01-01 00:00:00,2018-12-31 00:00:00,True
090737,2018-01-01 00:00:00,2018-12-31 00:00:00,True
090738,2018-01-01 00:00:00,2018-12-31 00:00:00,True
090739,2018-01-01 00:00:00,2018-12-31 00:00:00,True
090740,2018-01-01 00:00:00,2018-12-31 00:00:00,True
090741,2018-01-01 00:00:00,2018-12-31 00:00:00,True
090742,2018-01-01 00:00:00,2018-12-31 00:00:00,True
090743,2018-01-01 00:00:00,2018-12-31 00:00:00,True
090744,2018-01-01 00:00:00,2018-12-31 00:00:00,True
090745,2018-01-01 00:00:00,2018-12-31 00:00:00,True
090746,2018-01-01 00:00:00,2018-12-31 00:00:00,True
090748,2018-01-01 00:00:00,2018-12-31 00:00:00,True
090749,2017-05-01 00:00:00,2018-04-30 00:00:00,True
090749,2018-05-01 00:00:00,2019-04-30 00:00:00,True
090750,2017-05-01 00:00:00,2018-04-30 00:00:00,True
090750,2018-05-01 00:00:00,2019-04-30 00:00:00,True
090751,2018-08-01 00:00:00,2018-10-31 00:00:00,True
090752,2018-01-01 00:00:00,2018-12-31 00:00:00,True
090756,2018-01-01 00:00:00,2018-12-31 00:00:00,True
090759,2018-09-01 00:00:00,2018-10-15 00:00:00,True
090761,2018-06-09 00:00:00,2018-07-31 00:00:00,True
090762,2018-08-01 00:00:00,2018-09-15 00:00:00,True
090764,2018-01-01 00:00:00,2018-12-31 00:00:00,True
090765,2018-01-01 00:00:00,2018-12-31 00:00:00,True
090771,2018-01-01 00:00:00,2018-12-31 00:00:00,True
090772,2018-01-01 00:00:00,2018-12-31 00:00:00,True
090774,2018-01-01 00:00:00,2018-12-31 00:00:00,True
090776,2018-01-01 00:00:00,2018-12-31 00:00:00,True
090779,2018-01-01 00:00:00,2018-12-31 00:00:00,True
090783,2018-01-01 00:00:00,2018-12-31 00:00:00,True
090784,2018-01-01 00:00:00,2018-12-31 00:00:00,True
090786,2018-01-01 00:00:00,2018-12-31 00:00:00,True
090787,2018-01-01 00:00:00,2018-12-31 00:00:00,True
090792,2018-01-01 00:00:00,2018-12-31 00:00:00,True
090793,2018-01-01 00:00:00,2018-12-31 00:00:00,True
090794,2018-01-01 00:00:00,2018-12-31 00:00:00,True
090795,2018-01-01 00:00:00,2018-12-31 00:00:00,True
090796,2018-01-01 00:00:00,2018-12-31 00:00:00,True
090797,2018-01-01 00:00:00,2018-12-31 00:00:00,True
090798,2018-01-01 00:00:00,2018-12-31 00:00:00,True
090799,2018-01-01 00:00:00,2018-12-31 00:00:00,True
090810,2017-05-01 00:00:00,2018-04-30 00:00:00,True
090810,2018-05-01 00:00:00,2019-04-30 00:00:00,True
090811,2017-05-01 00:00:00,2018-04-30 00:00:00,True
090811,2018-05-01 00:00:00,2019-04-30 00:00:00,True
090812,2017-05-01 00:00:00,2018-04-30 00:00:00,True
090812,2018-05-01 00:00:00,2019-04-30 00:00:00,True
090815,2018-01-01 00:00:00,2018-12-31 00:00:00,True
090816,2018-01-01 00:00:00,2018-12-31 00:00:00,True
090817,2018-01-01 00:00:00,2018-12-31 00:00:00,True
090818,2017-05-01 00:00:00,2018-04-30 00:00:00,True
090818,2018-05-01 00:00:00,2019-04-30 00:00:00,True
090819,2017-05-01 00:00:00,2018-04-30 00:00:00,True
090819,2018-05-01 00:00:00,2019-04-30 00:00:00,True
090820,2017-05-01 00:00:00,2018-04-30 00:00:00,True
090820,2018-05-01 00:00:00,2019-04-30 00:00:00,True
090822,2018-10-01 00:00:00,2018-12-31 00:00:00,True
090823,2018-10-01 00:00:00,2018-12-31 00:00:00,True
090824,2018-10-01 00:00:00,2018-12-31 00:00:00,True
090825,2018-10-01 00:00:00,2018-12-31 00:00:00,True
090826,2018-10-01 00:00:00,2018-12-31 00:00:00,True
090827,2018-10-01 00:00:00,2018-12-31 00:00:00,True
090828,2018-10-01 00:00:00,2018-12-31 00:00:00,True
090830,2018-05-01 00:00:00,2018-12-31 00:00:00,True
090831,2018-05-01 00:00:00,2018-12-31 00:00:00,True
090832,2018-05-01 00:00:00,2018-12-31 00:00:00,True
090833,2018-09-01 00:00:00,2018-12-31 00:00:00,True
090919,2018-01-01 00:00:00,2018-12-31 00:00:00,True
090921,2018-01-01 00:00:00,2018-12-31 00:00:00,True
090922,2018-01-01 00:00:00,2018-12-31 00:00:00,True
090923,2018-01-01 00:00:00,2018-12-31 00:00:00,True
090924,2018-01-01 00:00:00,2018-12-31 00:00:00,True
090925,2018-01-01 00:00:00,2018-12-31 00:00:00,True
090926,2018-01-01 00:00:00,2018-12-31 00:00:00,True
090927,2018-01-01 00:00:00,2018-12-31 00:00:00,True
090928,2018-01-01 00:00:00,2018-12-31 00:00:00,True
090929,2018-01-01 00:00:00,2018-12-31 00:00:00,True
090930,2018-01-01 00:00:00,2018-12-31 00:00:00,True
090931,2018-01-01 00:00:00,2018-12-31 00:00:00,True
090932,2018-01-01 00:00:00,2018-12-31 00:00:00,True
090933,2018-01-01 00:00:00,2018-12-31 00:00:00,True
090934,2018-01-01 00:00:00,2018-12-31 00:00:00,True
090935,2018-01-01 00:00:00,2018-12-31 00:00:00,True
090936,2018-01-01 00:00:00,2018-12-31 00:00:00,True
090937,2018-01-01 00:00:00,2018-12-31 00:00:00,True
090938,2018-01-01 00:00:00,2018-12-31 00:00:00,True
090939,2018-01-01 00:00:00,2018-12-31 00:00:00,True
090940,2018-01-01 00:00:00,2018-12-31 00:00:00,True
090941,2018-01-01 00:00:00,2018-12-31 00:00:00,True
090942,2018-01-01 00:00:00,2018-12-31 00:00:00,True
090943,2018-01-01 00:00:00,2018-12-31 00:00:00,True
090944,2018-01-01 00:00:00,2018-12-31 00:00:00,True
090945,2018-01-01 00:00:00,2018-12-31 00:00:00,True
090946,2018-01-01 00:00:00,2018-12-31 00:00:00,True
090948,2018-01-01 00:00:00,2018-12-31 00:00:00,True
090950,2018-01-01 00:00:00,2018-12-31 00:00:00,True
091001,2018-01-01 00:00:00,2018-12-31 00:00:00,True
091002,2018-01-01 00:00:00,2018-12-31 00:00:00,True
091003,2018-01-01 00:00:00,2018-12-31 00:00:00,True
091004,2018-01-01 00:00:00,2018-12-31 00:00:00,True
091005,2018-01-01 00:00:00,2018-12-31 00:00:00,True
091006,2018-01-01 00:00:00,2018-03-31 00:00:00,True
091007,2018-01-01 00:00:00,2018-12-31 00:00:00,True
091008,2017-11-01 00:00:00,2018-03-31 00:00:00,True
091008,2018-11-01 00:00:00,2019-03-31 00:00:00,True
091009,2018-01-01 00:00:00,2018-12-31 00:00:00,True
091010,2018-01-01 00:00:00,2018-12-31 00:00:00,True
091011,2018-01-01 00:00:00,2018-12-31 00:00:00,True
091012,2018-01-01 00:00:00,2018-12-31 00:00:00,True
091013,2018-01-01 00:00:00,2018-12-31 00:00:00,True
091014,2018-01-01 00:00:00,2018-12-31 00:00:00,True
091021,2018-01-01 00:00:00,2018-12-31 00:00:00,True
091022,2018-01-01 00:00:00,2018-12-31 00:00:00,True
091023,2018-01-01 00:00:00,2018-12-31 00:00:00,True
091100,2018-01-01 00:00:00,2018-12-31 00:00:00,True
091101,2018-05-01 00:00:00,2018-05-31 00:00:00,True
091103,2018-01-01 00:00:00,2018-12-31 00:00:00,True
091104,2018-01-01 00:00:00,2018-01-31 00:00:00,True
091104,2018-02-01 00:00:00,2018-02-28 00:00:00,True
091104,2018-03-01 00:00:00,2018-03-31 00:00:00,True
091104,2018-04-01 00:00:00,2018-04-30 00:00:00,True
091104,2018-05-01 00:00:00,2018-05-31 00:00:00,True
091104,2018-10-01 00:00:00,2018-10-31 00:00:00,True
091104,2018-11-01 00:00:00,2018-11-30 00:00:00,True
091104,2018-12-01 00:00:00,2018-12-31 00:00:00,True
091112,2017-11-01 00:00:00,2018-05-31 00:00:00,True
091112,2018-11-01 00:00:00,2019-05-31 00:00:00,True
091118,2018-04-01 00:00:00,2018-04-30 00:00:00,True
091130,2017-11-01 00:00:00,2018-02-28 00:00:00,True
091130,2018-11-01 00:00:00,2019-02-28 00:00:00,True
091133,2017-10-01 00:00:00,2018-04-20 00:00:00,True
091133,2018-10-01 00:00:00,2019-04-20 00:00:00,True
091137,2017-11-01 00:00:00,2018-05-31 00:00:00,True
091137,2018-11-01 00:00:00,2019-05-31 00:00:00,True
091152,2018-01-01 00:00:00,2018-12-31 00:00:00,True
091166,2018-01-01 00:00:00,2018-12-31 00:00:00,True
091171,2018-01-01 00:00:00,2018-05-31 00:00:00,True
091172,2018-06-01 00:00:00,2018-07-31 00:00:00,True
091173,2018-10-01 00:00:00,2018-12-31 00:00:00,True
091174,2018-01-01 00:00:00,2018-12-31 00:00:00,True
091175,2018-01-01 00:00:00,2018-12-31 00:00:00,True
091176,2018-01-01 00:00:00,2018-12-31 00:00:00,True
091177,2018-01-01 00:00:00,2018-12-31 00:00:00,True
091178,2018-01-01 00:00:00,2018-12-31 00:00:00,True
091179,2017-10-01 00:00:00,2018-07-11 00:00:00,True
091179,2018-10-01 00:00:00,2019-07-11 00:00:00,True
091180,2017-10-01 00:00:00,2018-07-11 00:00:00,True
091180,2018-10-01 00:00:00,2019-07-11 00:00:00,True
091181,2018-01-01 00:00:00,2018-12-31 00:00:00,True
091182,2018-01-01 00:00:00,2018-12-31 00:00:00,True
091183,2018-01-01 00:00:00,2018-12-31 00:00:00,True
091184,2018-01-01 00:00:00,2018-12-31 00:00:00,True
091185,2018-05-01 00:00:00,2018-08-31 00:00:00,True
091186,2018-01-01 00:00:00,2018-12-31 00:00:00,True
091187,2018-01-01 00:00:00,2018-12-31 00:00:00,True
091193,2018-01-01 00:00:00,2018-01-31 00:00:00,True
091193,2018-02-01 00:00:00,2018-02-28 00:00:00,True
091193,2018-03-01 00:00:00,2018-03-31 00:00:00,True
091193,2018-04-01 00:00:00,2018-04-30 00:00:00,True
091193,2018-05-01 00:00:00,2018-05-31 00:00:00,True
091193,2018-11-01 00:00:00,2018-11-30 00:00:00,True
091193,2018-12-01 00:00:00,2018-12-31 00:00:00,True
091201,2018-01-01 00:00:00,2018-12-31 00:00:00,True
091203,2018-01-01 00:00:00,2018-12-31 00:00:00,True
091205,2018-01-01 00:00:00,2018-12-31 00:00:00,True
091207,2018-01-01 00:00:00,2018-12-31 00:00:00,True
091209,2018-01-01 00:00:00,2018-12-31 00:00:00,True
091211,2018-01-01 00:00:00,2018-12-31 00:00:00,True
091213,2018-01-01 00:00:00,2018-03-31 00:00:00,True
091215,2018-01-01 00:00:00,2018-12-31 00:00:00,True
091217,2018-01-01 00:00:00,2018-12-31 00:00:00,True
091218,2018-01-01 00:00:00,2018-12-31 00:00:00,True
091219,2018-01-01 00:00:00,2018-12-31 00:00:00,True
091220,2018-01-01 00:00:00,2018-12-31 00:00:00,True
091300,2018-01-01 00:00:00,2018-06-30 00:00:00,True
091302,2018-01-01 00:00:00,2018-12-31 00:00:00,True
091303,2018-01-01 00:00:00,2018-12-31 00:00:00,True
091304,2018-01-01 00:00:00,2018-12-31 00:00:00,True
091306,2018-01-01 00:00:00,2018-12-31 00:00:00,True
091323,2018-01-01 00:00:00,2018-12-31 00:00:00,True
091331,2018-01-01 00:00:00,2018-12-31 00:00:00,True
091333,2018-01-01 00:00:00,2018-12-31 00:00:00,True
091341,2017-11-01 00:00:00,2018-04-15 00:00:00,True
091341,2018-11-01 00:00:00,2019-04-15 00:00:00,True
091342,2018-01-01 00:00:00,2018-12-31 00:00:00,True
091353,2018-01-01 00:00:00,2018-12-31 00:00:00,True
091354,2018-01-01 00:00:00,2018-12-31 00:00:00,True
091361,2018-01-01 00:00:00,2018-12-31 00:00:00,True
091368,2018-01-01 00:00:00,2018-12-31 00:00:00,True
091369,2018-01-01 00:00:00,2018-12-31 00:00:00,True
091370,2018-01-01 00:00:00,2018-12-31 00:00:00,True
091371,2018-03-15 00:00:00,2018-09-30 00:00:00,True
091372,2018-01-01 00:00:00,2018-12-31 00:00:00,True
091373,2018-01-01 00:00:00,2018-12-31 00:00:00,True
091374,2018-01-01 00:00:00,2018-12-31 00:00:00,True
091375,2018-01-01 00:00:00,2018-12-31 00:00:00,True
091376,2018-01-01 00:00:00,2018-12-31 00:00:00,True
091377,2018-01-01 00:00:00,2018-12-31 00:00:00,True
091378,2018-01-01 00:00:00,2018-12-31 00:00:00,True
091379,2018-01-01 00:00:00,2018-12-31 00:00:00,True
091380,2018-01-01 00:00:00,2018-12-31 00:00:00,True
091397,2017-08-01 00:00:00,2018-05-31 00:00:00,True
091397,2018-08-01 00:00:00,2019-05-31 00:00:00,True
091398,2017-11-01 00:00:00,2018-04-30 00:00:00,True
091398,2018-11-01 00:00:00,2019-04-30 00:00:00,True
091399,2018-01-01 00:00:00,2018-12-31 00:00:00,True
091500,2018-01-01 00:00:00,2018-12-31 00:00:00,True
091501,2018-01-01 00:00:00,2018-12-31 00:00:00,True
091502,2018-01-01 00:00:00,2018-12-31 00:00:00,True
091503,2018-01-01 00:00:00,2018-12-31 00:00:00,True
091504,2018-01-01 00:00:00,2018-12-31 00:00:00,True
091505,2018-01-01 00:00:00,2018-12-31 00:00:00,True
091506,2018-01-01 00:00:00,2018-12-31 00:00:00,True
091508,2018-01-01 00:00:00,2018-12-31 00:00:00,True
091512,2018-01-01 00:00:00,2018-12-31 00:00:00,True
091513,2018-01-01 00:00:00,2018-12-31 00:00:00,True
091514,2018-01-01 00:00:00,2018-12-31 00:00:00,True
091516,2018-01-01 00:00:00,2018-12-31 00:00:00,True
091518,2018-01-01 00:00:00,2018-12-31 00:00:00,True
091520,2018-01-01 00:00:00,2018-12-31 00:00:00,True
091522,2018-01-01 00:00:00,2018-12-31 00:00:00,True
091524,2018-01-01 00:00:00,2018-12-31 00:00:00,True
091525,2018-01-01 00:00:00,2018-12-31 00:00:00,True
091526,2018-01-01 00:00:00,2018-12-31 00:00:00,True
091527,2018-01-01 00:00:00,2018-12-31 00:00:00,True
091528,2018-01-01 00:00:00,2018-12-31 00:00:00,True
091529,2018-01-01 00:00:00,2018-12-31 00:00:00,True
091530,2018-01-01 00:00:00,2018-12-31 00:00:00,True
091545,2018-01-01 00:00:00,2018-12-31 00:00:00,True
091546,2018-01-01 00:00:00,2018-12-31 00:00:00,True
091558,2018-01-01 00:00:00,2018-12-31 00:00:00,True
091559,2018-01-01 00:00:00,2018-12-31 00:00:00,True
091570,2018-01-01 00:00:00,2018-12-31 00:00:00,True
091572,2018-01-01 00:00:00,2018-12-31 00:00:00,True
091592,2018-01-01 00:00:00,2018-12-31 00:00:00,True
091594,2018-01-01 00:00:00,2018-12-31 00:00:00,True
091595,2018-01-01 00:00:00,2018-12-31 00:00:00,True
091596,2018-01-01 00:00:00,2018-12-31 00:00:00,True
091597,2018-01-01 00:00:00,2018-12-31 00:00:00,True
091598,2018-01-01 00:00:00,2018-12-31 00:00:00,True
091599,2018-01-01 00:00:00,2018-12-31 00:00:00,True
091600,2018-01-01 00:00:00,2018-12-31 00:00:00,True
091618,2018-01-01 00:00:00,2018-12-31 00:00:00,True
091619,2018-01-01 00:00:00,2018-12-31 00:00:00,True
091623,2017-02-01 00:00:00,2018-01-31 00:00:00,True
091623,2018-02-01 00:00:00,2019-01-31 00:00:00,True
091624,2017-02-01 00:00:00,2018-01-31 00:00:00,True
091624,2018-02-01 00:00:00,2019-01-31 00:00:00,True
091625,2017-02-01 00:00:00,2018-01-31 00:00:00,True
091625,2018-02-01 00:00:00,2019-01-31 00:00:00,True
091641,2018-01-01 00:00:00,2018-12-31 00:00:00,True
091712,2018-01-15 00:00:00,2018-06-30 00:00:00,True
091783,2017-11-15 00:00:00,2018-05-15 00:00:00,True
091783,2018-11-15 00:00:00,2019-05-15 00:00:00,True
091784,2017-12-01 00:00:00,2018-05-31 00:00:00,True
091784,2018-12-01 00:00:00,2019-05-31 00:00:00,True
091785,2018-01-01 00:00:00,2018-12-31 00:00:00,True
091786,2018-01-01 00:00:00,2018-12-31 00:00:00,True
091787,2018-01-01 00:00:00,2018-12-31 00:00:00,True
091788,2018-01-01 00:00:00,2018-12-31 00:00:00,True
091789,2018-01-01 00:00:00,2018-12-31 00:00:00,True
091790,2018-01-01 00:00:00,2018-12-31 00:00:00,True
091791,2018-01-01 00:00:00,2018-12-31 00:00:00,True
091792,2018-01-01 00:00:00,2018-12-31 00:00:00,True
091793,2018-01-01 00:00:00,2018-12-31 00:00:00,True
091794,2018-01-01 00:00:00,2018-12-31 00:00:00,True
091795,2018-01-01 00:00:00,2018-12-31 00:00:00,True
091796,2018-01-01 00:00:00,2018-12-31 00:00:00,True
091797,2018-01-01 00:00:00,2018-12-31 00:00:00,True
091798,2018-01-01 00:00:00,2018-12-31 00:00:00,True
091799,2017-10-01 00:00:00,2018-04-30 00:00:00,True
091799,2018-10-01 00:00:00,2019-04-30 00:00:00,True
091801,2018-01-01 00:00:00,2018-12-31 00:00:00,True
091802,2018-01-01 00:00:00,2018-12-31 00:00:00,True
091804,2018-01-01 00:00:00,2018-12-31 00:00:00,True
091806,2018-01-01 00:00:00,2018-12-31 00:00:00,True
091808,2018-01-01 00:00:00,2018-12-31 00:00:00,True
091818,2018-01-01 00:00:00,2018-12-31 00:00:00,True
091820,2018-01-01 00:00:00,2018-12-31 00:00:00,True
091822,2018-01-01 00:00:00,2018-12-31 00:00:00,True
091824,2018-01-01 00:00:00,2018-12-31 00:00:00,True
091826,2018-01-01 00:00:00,2018-12-31 00:00:00,True
091829,2018-01-01 00:00:00,2018-12-31 00:00:00,True
091830,2018-01-01 00:00:00,2018-12-31 00:00:00,True
091831,2017-07-01 00:00:00,2018-06-30 00:00:00,True
091831,2018-07-01 00:00:00,2019-06-30 00:00:00,True
091832,2017-07-01 00:00:00,2018-06-30 00:00:00,True
091832,2018-07-01 00:00:00,2019-06-30 00:00:00,True
091833,2017-07-01 00:00:00,2018-06-30 00:00:00,True
091833,2018-07-01 00:00:00,2019-06-30 00:00:00,True
091835,2018-06-01 00:00:00,2018-10-31 00:00:00,True
091837,2018-06-01 00:00:00,2018-10-31 00:00:00,True
091839,2017-11-01 00:00:00,2018-05-31 00:00:00,True
091839,2018-11-01 00:00:00,2019-05-31 00:00:00,True
091841,2017-11-01 00:00:00,2018-05-31 00:00:00,True
091841,2018-11-01 00:00:00,2019-05-31 00:00:00,True
091843,2018-03-01 00:00:00,2018-11-30 00:00:00,True
091845,2017-07-01 00:00:00,2018-06-30 00:00:00,True
091845,2018-07-01 00:00:00,2019-06-30 00:00:00,True
091849,2017-10-01 00:00:00,2018-05-31 00:00:00,True
091849,2018-10-01 00:00:00,2019-05-31 00:00:00,True
091851,2017-07-01 00:00:00,2018-06-30 00:00:00,True
091851,2018-07-01 00:00:00,2019-06-30 00:00:00,True
091853,2017-07-01 00:00:00,2018-06-30 00:00:00,True
091853,2018-07-01 00:00:00,2019-06-30 00:00:00,True
091854,2018-01-01 00:00:00,2018-12-31 00:00:00,True
091855,2017-07-01 00:00:00,2018-06-30 00:00:00,True
091855,2018-07-01 00:00:00,2019-06-30 00:00:00,True
091857,2017-07-01 00:00:00,2018-06-30 00:00:00,True
091857,2018-07-01 00:00:00,2019-06-30 00:00:00,True
091859,2017-07-01 00:00:00,2018-06-30 00:00:00,True
091859,2018-07-01 00:00:00,2019-06-30 00:00:00,True
091861,2017-07-01 00:00:00,2018-06-30 00:00:00,True
091861,2018-07-01 00:00:00,2019-06-30 00:00:00,True
091863,2017-07-01 00:00:00,2018-06-30 00:00:00,True
091863,2018-07-01 00:00:00,2019-06-30 00:00:00,True
091865,2017-07-01 00:00:00,2018-06-30 00:00:00,True
091865,2018-07-01 00:00:00,2019-06-30 00:00:00,True
091867,2017-07-01 00:00:00,2018-06-30 00:00:00,True
091867,2018-07-01 00:00:00,2019-06-30 00:00:00,True
091869,2017-07-01 00:00:00,2018-06-30 00:00:00,True
091869,2018-07-01 00:00:00,2019-06-30 00:00:00,True
091875,2017-07-01 00:00:00,2018-06-30 00:00:00,True
091875,2018-07-01 00:00:00,2019-06-30 00:00:00,True
091877,2017-07-01 00:00:00,2018-06-30 00:00:00,True
091877,2018-07-01 00:00:00,2019-06-30 00:00:00,True
091879,2017-07-01 00:00:00,2018-06-30 00:00:00,True
091879,2018-07-01 00:00:00,2019-06-30 00:00:00,True
091881,2017-07-01 00:00:00,2018-06-30 00:00:00,True
091881,2018-07-01 00:00:00,2019-06-30 00:00:00,True
091883,2017-07-01 00:00:00,2018-06-30 00:00:00,True
091883,2018-07-01 00:00:00,2019-06-30 00:00:00,True
091885,2017-07-01 00:00:00,2018-06-30 00:00:00,True
091885,2018-07-01 00:00:00,2019-06-30 00:00:00,True
091887,2017-07-01 00:00:00,2018-06-30 00:00:00,True
091887,2018-07-01 00:00:00,2019-06-30 00:00:00,True
091892,2018-01-01 00:00:00,2018-12-31 00:00:00,True
091893,2018-01-01 00:00:00,2018-12-31 00:00:00,True
091894,2018-01-01 00:00:00,2018-12-31 00:00:00,True
091921,2018-01-01 00:00:00,2018-12-31 00:00:00,True
091922,2018-01-01 00:00:00,2018-12-31 00:00:00,True
091923,2018-01-01 00:00:00,2018-12-31 00:00:00,True
091924,2018-01-01 00:00:00,2018-12-31 00:00:00,True
091925,2018-01-01 00:00:00,2018-12-31 00:00:00,True
091926,2018-01-01 00:00:00,2018-12-31 00:00:00,True
091927,2018-01-01 00:00:00,2018-12-31 00:00:00,True
091928,2018-01-01 00:00:00,2018-12-31 00:00:00,True
091931,2018-01-01 00:00:00,2018-12-31 00:00:00,True
091932,2018-01-01 00:00:00,2018-12-31 00:00:00,True
091933,2018-01-01 00:00:00,2018-12-31 00:00:00,True
091934,2018-01-01 00:00:00,2018-12-31 00:00:00,True
091935,2018-01-01 00:00:00,2018-12-31 00:00:00,True
091936,2018-01-01 00:00:00,2018-12-31 00:00:00,True
091944,2018-01-01 00:00:00,2018-12-31 00:00:00,True
092011,2018-01-01 00:00:00,2018-12-31 00:00:00,True
092012,2018-01-01 00:00:00,2018-12-31 00:00:00,True
092013,2018-01-01 00:00:00,2018-12-31 00:00:00,True
092014,2018-01-01 00:00:00,2018-12-31 00:00:00,True
092015,2018-01-01 00:00:00,2018-12-31 00:00:00,True
092016,2018-01-01 00:00:00,2018-12-31 00:00:00,True
092019,2018-01-01 00:00:00,2018-12-31 00:00:00,True
092101,2018-01-01 00:00:00,2018-12-31 00:00:00,True
092102,2018-01-01 00:00:00,2018-12-31 00:00:00,True
092105,2018-01-01 00:00:00,2018-12-31 00:00:00,True
092106,2018-01-01 00:00:00,2018-12-31 00:00:00,True
092109,2018-01-01 00:00:00,2018-12-31 00:00:00,True
092110,2018-01-01 00:00:00,2018-12-31 00:00:00,True
092111,2018-01-01 00:00:00,2018-12-31 00:00:00,True
092112,2018-01-01 00:00:00,2018-12-31 00:00:00,True
092115,2018-01-01 00:00:00,2018-12-31 00:00:00,True
092116,2018-01-01 00:00:00,2018-12-31 00:00:00,True
092118,2018-05-01 00:00:00,2018-12-31 00:00:00,True
092125,2018-01-01 00:00:00,2018-12-31 00:00:00,True
092126,2018-01-01 00:00:00,2018-12-31 00:00:00,True
092129,2018-01-01 00:00:00,2018-12-31 00:00:00,True
092130,2018-01-01 00:00:00,2018-12-31 00:00:00,True
092131,2018-01-01 00:00:00,2018-12-31 00:00:00,True
092132,2018-01-01 00:00:00,2018-12-31 00:00:00,True
092171,2018-01-01 00:00:00,2018-12-31 00:00:00,True
092175,2018-01-01 00:00:00,2018-12-31 00:00:00,True
092178,2018-01-01 00:00:00,2018-12-31 00:00:00,True
092179,2018-01-01 00:00:00,2018-12-31 00:00:00,True
092181,2018-01-01 00:00:00,2018-12-31 00:00:00,True
092201,2017-07-01 00:00:00,2018-06-30 00:00:00,True
092201,2018-07-01 00:00:00,2019-06-30 00:00:00,True
092202,2018-01-01 00:00:00,2018-03-31 00:00:00,True
092202,2018-04-01 00:00:00,2018-06-30 00:00:00,True
092202,2018-07-01 00:00:00,2018-09-30 00:00:00,True
092202,2018-10-01 00:00:00,2018-12-31 00:00:00,True
092450,2017-07-01 00:00:00,2018-06-30 00:00:00,True
092450,2018-07-01 00:00:00,2019-06-30 00:00:00,True
092451,2017-07-01 00:00:00,2018-06-30 00:00:00,True
092451,2018-07-01 00:00:00,2019-06-30 00:00:00,True
092452,2017-07-01 00:00:00,2018-06-30 00:00:00,True
092452,2018-07-01 00:00:00,2019-06-30 00:00:00,True
092453,2017-07-01 00:00:00,2018-06-30 00:00:00,True
092453,2018-07-01 00:00:00,2019-06-30 00:00:00,True
092454,2017-07-01 00:00:00,2018-06-30 00:00:00,True
092454,2018-07-01 00:00:00,2019-06-30 00:00:00,True
092455,2017-07-01 00:00:00,2018-06-30 00:00:00,True
092455,2018-07-01 00:00:00,2019-06-30 00:00:00,True
092456,2017-07-01 00:00:00,2018-06-30 00:00:00,True
092456,2018-07-01 00:00:00,2019-06-30 00:00:00,True
092457,2017-07-01 00:00:00,2018-06-30 00:00:00,True
092457,2018-07-01 00:00:00,2019-06-30 00:00:00,True
092458,2017-07-01 00:00:00,2018-06-30 00:00:00,True
092458,2018-07-01 00:00:00,2019-06-30 00:00:00,True
092459,2017-07-01 00:00:00,2018-06-30 00:00:00,True
092459,2018-07-01 00:00:00,2019-06-30 00:00:00,True
092460,2017-07-01 00:00:00,2018-06-30 00:00:00,True
092460,2018-07-01 00:00:00,2019-06-30 00:00:00,True
092461,2017-07-01 00:00:00,2018-06-30 00:00:00,True
092461,2018-07-01 00:00:00,2019-06-30 00:00:00,True
092501,2017-09-01 00:00:00,2018-08-31 00:00:00,True
092501,2018-09-01 00:00:00,2019-08-31 00:00:00,True
092903,2018-01-01 00:00:00,2018-12-31 00:00:00,True
092905,2018-01-01 00:00:00,2018-12-31 00:00:00,True
096700,2018-01-01 00:00:00,2018-12-31 00:00:00,True
096701,2018-01-01 00:00:00,2018-12-31 00:00:00,True
096702,2018-01-01 00:00:00,2018-12-31 00:00:00,True
096703,2018-01-01 00:00:00,2018-12-31 00:00:00,True
096704,2018-01-01 00:00:00,2018-12-31 00:00:00,True
096705,2018-01-01 00:00:00,2018-12-31 00:00:00,True
096706,2018-01-01 00:00:00,2018-12-31 00:00:00,True
096707,2018-01-01 00:00:00,2018-12-31 00:00:00,True
096708,2018-01-01 00:00:00,2018-12-31 00:00:00,True
096709,2018-01-01 00:00:00,2018-12-31 00:00:00,True
096710,2018-01-01 00:00:00,2018-12-31 00:00:00,True
096711,2018-01-01 00:00:00,2018-12-31 00:00:00,True
096712,2018-01-01 00:00:00,2018-12-31 00:00:00,True
096713,2018-01-01 00:00:00,2018-12-31 00:00:00,True
096714,2018-01-01 00:00:00,2018-12-31 00:00:00,True
096715,2018-01-01 00:00:00,2018-12-31 00:00:00,True
096716,2018-01-01 00:00:00,2018-12-31 00:00:00,True
096717,2018-01-01 00:00:00,2018-12-31 00:00:00,True
096718,2018-01-01 00:00:00,2018-12-31 00:00:00,True
096719,2018-01-01 00:00:00,2018-12-31 00:00:00,True
096720,2018-01-01 00:00:00,2018-12-31 00:00:00,True
096721,2018-01-01 00:00:00,2018-12-31 00:00:00,True
096722,2018-01-01 00:00:00,2018-12-31 00:00:00,True
096723,2018-01-01 00:00:00,2018-12-31 00:00:00,True
096724,2018-01-01 00:00:00,2018-12-31 00:00:00,True
096725,2018-01-01 00:00:00,2018-12-31 00:00:00,True
096726,2018-01-01 00:00:00,2018-12-31 00:00:00,True
096750,2017-10-01 00:00:00,2018-09-30 00:00:00,True
096750,2018-10-01 00:00:00,2019-09-30 00:00:00,True
096751,2017-10-01 00:00:00,2018-09-30 00:00:00,True
096751,2018-10-01 00:00:00,2019-09-30 00:00:00,True
096752,2017-10-01 00:00:00,2018-09-30 00:00:00,True
096752,2018-10-01 00:00:00,2019-09-30 00:00:00,True
096753,2017-10-01 00:00:00,2018-09-30 00:00:00,True
096753,2018-10-01 00:00:00,2019-09-30 00:00:00,True
096754,2017-10-01 00:00:00,2018-09-30 00:00:00,True
096754,2018-10-01 00:00:00,2019-09-30 00:00:00,True
096800,2018-01-01 00:00:00,2018-12-31 00:00:00,True
096801,2018-01-01 00:00:00,2018-12-31 00:00:00,True
096802,2018-01-01 00:00:00,2018-12-31 00:00:00,True
096803,2018-01-01 00:00:00,2018-12-31 00:00:00,True
096804,2018-01-01 00:00:00,2018-12-31 00:00:00,True
096805,2018-01-01 00:00:00,2018-12-31 00:00:00,True
096820,2018-01-01 00:00:00,2018-12-31 00:00:00,True
097014,2017-08-01 00:00:00,2018-07-31 00:00:00,True
097014,2018-08-01 00:00:00,2019-07-31 00:00:00,True
097015,2017-08-01 00:00:00,2018-07-31 00:00:00,True
097015,2018-08-01 00:00:00,2019-07-31 00:00:00,True
097016,2018-01-01 00:00:00,2018-12-31 00:00:00,True
097017,2018-01-01 00:00:00,2018-12-31 00:00:00,True
097018,2018-01-01 00:00:00,2018-12-31 00:00:00,True
097019,2018-01-01 00:00:00,2018-12-31 00:00:00,True
097020,2018-01-01 00:00:00,2018-12-31 00:00:00,True
097021,2018-01-01 00:00:00,2018-12-31 00:00:00,True
097022,2018-01-01 00:00:00,2018-12-31 00:00:00,True
097023,2018-01-01 00:00:00,2018-12-31 00:00:00,True
097024,2018-01-01 00:00:00,2018-12-31 00:00:00,True
097025,2018-01-01 00:00:00,2018-12-31 00:00:00,True
097026,2018-01-01 00:00:00,2018-12-31 00:00:00,True
097027,2018-01-01 00:00:00,2018-12-31 00:00:00,True
097028,2018-01-01 00:00:00,2018-12-31 00:00:00,True
097029,2018-01-01 00:00:00,2018-12-31 00:00:00,True
097030,2018-01-01 00:00:00,2018-12-31 00:00:00,True
097031,2018-01-01 00:00:00,2018-12-31 00:00:00,True
097032,2018-01-01 00:00:00,2018-12-31 00:00:00,True
097033,2018-01-01 00:00:00,2018-12-31 00:00:00,True
097034,2018-01-01 00:00:00,2018-12-31 00:00:00,True
097035,2018-01-01 00:00:00,2018-12-31 00:00:00,True
097036,2018-01-01 00:00:00,2018-12-31 00:00:00,True
097037,2018-01-01 00:00:00,2018-12-31 00:00:00,True
097038,2018-01-01 00:00:00,2018-12-31 00:00:00,True
097039,2018-01-01 00:00:00,2018-12-31 00:00:00,True
097040,2018-01-01 00:00:00,2018-12-31 00:00:00,True
097041,2018-01-01 00:00:00,2018-12-31 00:00:00,True
097042,2018-01-01 00:00:00,2018-12-31 00:00:00,True
097043,2018-01-01 00:00:00,2018-12-31 00:00:00,True
097044,2018-01-01 00:00:00,2018-12-31 00:00:00,True
097045,2018-01-01 00:00:00,2018-12-31 00:00:00,True
097046,2018-01-01 00:00:00,2018-12-31 00:00:00,True
097047,2018-01-01 00:00:00,2018-12-31 00:00:00,True
097048,2018-01-01 00:00:00,2018-12-31 00:00:00,True
097049,2018-01-01 00:00:00,2018-12-31 00:00:00,True
097050,2018-01-01 00:00:00,2018-12-31 00:00:00,True
097051,2018-01-01 00:00:00,2018-12-31 00:00:00,True
097052,2018-01-01 00:00:00,2018-12-31 00:00:00,True
097053,2018-01-01 00:00:00,2018-12-31 00:00:00,True
097054,2018-01-01 00:00:00,2018-12-31 00:00:00,True
097055,2018-01-01 00:00:00,2018-12-31 00:00:00,True
097056,2018-01-01 00:00:00,2018-12-31 00:00:00,True
097057,2018-01-01 00:00:00,2018-12-31 00:00:00,True
097058,2018-01-01 00:00:00,2018-12-31 00:00:00,True
097059,2018-01-01 00:00:00,2018-12-31 00:00:00,True
097060,2018-01-01 00:00:00,2018-12-31 00:00:00,True
097061,2018-01-01 00:00:00,2018-12-31 00:00:00,True
097062,2018-01-01 00:00:00,2018-12-31 00:00:00,True
097063,2018-01-01 00:00:00,2018-12-31 00:00:00,True
097064,2018-01-01 00:00:00,2018-12-31 00:00:00,True
097065,2018-01-01 00:00:00,2018-12-31 00:00:00,True
097066,2018-01-01 00:00:00,2018-12-31 00:00:00,True
097067,2018-01-01 00:00:00,2018-12-31 00:00:00,True
097068,2018-01-01 00:00:00,2018-12-31 00:00:00,True
097069,2018-01-01 00:00:00,2018-12-31 00:00:00,True
097070,2018-01-01 00:00:00,2018-12-31 00:00:00,True
097071,2018-01-01 00:00:00,2018-12-31 00:00:00,True
097072,2018-01-01 00:00:00,2018-12-31 00:00:00,True
097073,2018-01-01 00:00:00,2018-12-31 00:00:00,True
097074,2018-01-01 00:00:00,2018-12-31 00:00:00,True
097075,2018-01-01 00:00:00,2018-12-31 00:00:00,True
097076,2018-01-01 00:00:00,2018-12-31 00:00:00,True
097078,2018-01-01 00:00:00,2018-12-31 00:00:00,True
097079,2018-01-01 00:00:00,2018-12-31 00:00:00,True
097080,2018-01-01 00:00:00,2018-12-31 00:00:00,True
097081,2018-01-01 00:00:00,2018-12-31 00:00:00,True
097082,2018-01-01 00:00:00,2018-12-31 00:00:00,True
097083,2018-01-01 00:00:00,2018-12-31 00:00:00,True
097084,2018-01-01 00:00:00,2018-12-31 00:00:00,True
097085,2018-01-01 00:00:00,2018-12-31 00:00:00,True
097086,2018-01-01 00:00:00,2018-12-31 00:00:00,True
097087,2018-01-01 00:00:00,2018-12-31 00:00:00,True
097088,2018-01-01 00:00:00,2018-12-31 00:00:00,True
097089,2018-01-01 00:00:00,2018-12-31 00:00:00,True
097090,2018-01-01 00:00:00,2018-12-31 00:00:00,True
097091,2018-01-01 00:00:00,2018-12-31 00:00:00,True
097092,2018-01-01 00:00:00,2018-12-31 00:00:00,True
097093,2018-01-01 00:00:00,2018-12-31 00:00:00,True
097094,2018-01-01 00:00:00,2018-12-31 00:00:00,True
097095,2018-01-01 00:00:00,2018-12-31 00:00:00,True
097096,2018-01-01 00:00:00,2018-12-31 00:00:00,True
097097,2018-01-01 00:00:00,2018-12-31 00:00:00,True
097098,2018-01-01 00:00:00,2018-12-31 00:00:00,True
097099,2018-01-01 00:00:00,2018-12-31 00:00:00,True
097100,2018-01-01 00:00:00,2018-12-31 00:00:00,True
097101,2018-01-01 00:00:00,2018-12-31 00:00:00,True
097102,2018-01-01 00:00:00,2018-12-31 00:00:00,True
097103,2018-01-01 00:00:00,2018-12-31 00:00:00,True
097105,2018-01-01 00:00:00,2018-12-31 00:00:00,True
097106,2018-01-01 00:00:00,2018-12-31 00:00:00,True
097107,2018-01-01 00:00:00,2018-12-31 00:00:00,True
097108,2018-01-01 00:00:00,2018-12-31 00:00:00,True
097109,2018-01-01 00:00:00,2018-12-31 00:00:00,True
097110,2018-01-01 00:00:00,2018-12-31 00:00:00,True
097111,2018-01-01 00:00:00,2018-12-31 00:00:00,True
097112,2018-01-01 00:00:00,2018-12-31 00:00:00,True
097113,2018-01-01 00:00:00,2018-12-31 00:00:00,True
097114,2018-01-01 00:00:00,2018-12-31 00:00:00,True
097115,2018-01-01 00:00:00,2018-12-31 00:00:00,True
097116,2018-01-01 00:00:00,2018-12-31 00:00:00,True
097117,2018-01-01 00:00:00,2018-12-31 00:00:00,True
097118,2018-01-01 00:00:00,2018-12-31 00:00:00,True
097119,2018-01-01 00:00:00,2018-12-31 00:00:00,True
097120,2018-01-01 00:00:00,2018-12-31 00:00:00,True
097121,2018-01-01 00:00:00,2018-12-31 00:00:00,True
097122,2018-01-01 00:00:00,2018-12-31 00:00:00,True
097123,2018-01-01 00:00:00,2018-12-31 00:00:00,True
097124,2018-01-01 00:00:00,2018-12-31 00:00:00,True
097125,2018-01-01 00:00:00,2018-12-31 00:00:00,True
097126,2018-01-01 00:00:00,2018-12-31 00:00:00,True
097127,2018-01-01 00:00:00,2018-12-31 00:00:00,True
097128,2018-01-01 00:00:00,2018-12-31 00:00:00,True
097129,2018-01-01 00:00:00,2018-12-31 00:00:00,True
097130,2018-01-01 00:00:00,2018-12-31 00:00:00,True
097131,2018-01-01 00:00:00,2018-12-31 00:00:00,True
097132,2018-01-01 00:00:00,2018-12-31 00:00:00,True
097133,2018-01-01 00:00:00,2018-12-31 00:00:00,True
097134,2018-01-01 00:00:00,2018-12-31 00:00:00,True
097135,2018-01-01 00:00:00,2018-12-31 00:00:00,True
097136,2018-01-01 00:00:00,2018-12-31 00:00:00,True
097137,2018-01-01 00:00:00,2018-12-31 00:00:00,True
097138,2018-01-01 00:00:00,2018-12-31 00:00:00,True
097140,2017-08-01 00:00:00,2018-07-31 00:00:00,True
097140,2018-08-01 00:00:00,2019-07-31 00:00:00,True
097141,2017-08-01 00:00:00,2018-07-31 00:00:00,True
097141,2018-08-01 00:00:00,2019-07-31 00:00:00,True
097142,2017-08-01 00:00:00,2018-07-31 00:00:00,True
097142,2018-08-01 00:00:00,2019-07-31 00:00:00,True
097143,2017-08-01 00:00:00,2018-07-31 00:00:00,True
097143,2018-08-01 00:00:00,2019-07-31 00:00:00,True
097144,2017-08-01 00:00:00,2018-07-31 00:00:00,True
097144,2018-08-01 00:00:00,2019-07-31 00:00:00,True
097145,2017-08-01 00:00:00,2018-07-31 00:00:00,True
097145,2018-08-01 00:00:00,2019-07-31 00:00:00,True
097146,2017-08-01 00:00:00,2018-07-31 00:00:00,True
097146,2018-08-01 00:00:00,2019-07-31 00:00:00,True
097147,2017-08-01 00:00:00,2018-07-31 00:00:00,True
097147,2018-08-01 00:00:00,2019-07-31 00:00:00,True
097148,2017-08-01 00:00:00,2018-07-31 00:00:00,True
097148,2018-08-01 00:00:00,2019-07-31 00:00:00,True
097161,2017-08-01 00:00:00,2018-07-31 00:00:00,True
097161,2018-08-01 00:00:00,2019-07-31 00:00:00,True
097162,2017-08-01 00:00:00,2018-07-31 00:00:00,True
097162,2018-08-01 00:00:00,2019-07-31 00:00:00,True
097163,2017-08-01 00:00:00,2018-07-31 00:00:00,True
097163,2018-08-01 00:00:00,2019-07-31 00:00:00,True
097170,2017-03-01 00:00:00,2018-02-28 00:00:00,True
097170,2018-03-01 00:00:00,2019-02-28 00:00:00,True
097171,2017-03-01 00:00:00,2018-02-28 00:00:00,True
097171,2018-03-01 00:00:00,2019-02-28 00:00:00,True
097172,2017-03-01 00:00:00,2018-02-28 00:00:00,True
097172,2018-03-01 00:00:00,2019-02-28 00:00:00,True
097173,2017-03-01 00:00:00,2018-02-28 00:00:00,True
097173,2018-03-01 00:00:00,2019-02-28 00:00:00,True
097174,2017-03-01 00:00:00,2018-02-28 00:00:00,True
097174,2018-03-01 00:00:00,2019-02-28 00:00:00,True
097175,2017-03-01 00:00:00,2018-02-28 00:00:00,True
097175,2018-03-01 00:00:00,2019-02-28 00:00:00,True
097176,2017-03-01 00:00:00,2018-02-28 00:00:00,True
097176,2018-03-01 00:00:00,2019-02-28 00:00:00,True
097177,2017-03-01 00:00:00,2018-02-28 00:00:00,True
097177,2018-03-01 00:00:00,2019-02-28 00:00:00,True
097178,2017-03-01 00:00:00,2018-02-28 00:00:00,True
097178,2018-03-01 00:00:00,2019-02-28 00:00:00,True
097179,2017-03-01 00:00:00,2018-02-28 00:00:00,True
097179,2018-03-01 00:00:00,2019-02-28 00:00:00,True
097192,2017-03-01 00:00:00,2018-02-28 00:00:00,True
097192,2018-03-01 00:00:00,2019-02-28 00:00:00,True
097193,2017-03-01 00:00:00,2018-02-28 00:00:00,True
097193,2018-03-01 00:00:00,2019-02-28 00:00:00,True
097194,2017-03-01 00:00:00,2018-02-28 00:00:00,True
097194,2018-03-01 00:00:00,2019-02-28 00:00:00,True
097195,2017-03-01 00:00:00,2018-02-28 00:00:00,True
097195,2018-03-01 00:00:00,2019-02-28 00:00:00,True
097196,2017-03-01 00:00:00,2018-02-28 00:00:00,True
097196,2018-03-01 00:00:00,2019-02-28 00:00:00,True
097197,2017-03-01 00:00:00,2018-02-28 00:00:00,True
097197,2018-03-01 00:00:00,2019-02-28 00:00:00,True
097198,2017-03-01 00:00:00,2018-02-28 00:00:00,True
097198,2018-03-01 00:00:00,2019-02-28 00:00:00,True
097199,2017-03-01 00:00:00,2018-02-28 00:00:00,True
097199,2018-03-01 00:00:00,2019-02-28 00:00:00,True
097200,2017-03-01 00:00:00,2018-02-28 00:00:00,True
097200,2018-03-01 00:00:00,2019-02-28 00:00:00,True
097201,2017-03-01 00:00:00,2018-02-28 00:00:00,True
097201,2018-03-01 00:00:00,2019-02-28 00:00:00,True
097202,2017-03-01 00:00:00,2018-02-28 00:00:00,True
097202,2018-03-01 00:00:00,2019-02-28 00:00:00,True
097203,2017-03-01 00:00:00,2018-02-28 00:00:00,True
097203,2018-03-01 00:00:00,2019-02-28 00:00:00,True
097204,2017-03-01 00:00:00,2018-02-28 00:00:00,True
097204,2018-03-01 00:00:00,2019-02-28 00:00:00,True
097205,2017-03-01 00:00:00,2018-02-28 00:00:00,True
097205,2018-03-01 00:00:00,2019-02-28 00:00:00,True
097210,2018-01-01 00:00:00,2018-12-31 00:00:00,True
097211,2018-01-01 00:00:00,2018-12-31 00:00:00,True
097212,2018-01-01 00:00:00,2018-12-31 00:00:00,True
097213,2018-01-01 00:00:00,2018-12-31 00:00:00,True
097214,2018-01-01 00:00:00,2018-12-31 00:00:00,True
097215,2018-01-01 00:00:00,2018-12-31 00:00:00,True
097216,2018-01-01 00:00:00,2018-12-31 00:00:00,True
097217,2018-01-01 00:00:00,2018-12-31 00:00:00,True
097218,2018-01-01 00:00:00,2018-12-31 00:00:00,True
097219,2018-01-01 00:00:00,2018-12-31 00:00:00,True
097220,2018-01-01 00:00:00,2018-12-31 00:00:00,True
097221,2018-01-01 00:00:00,2018-12-31 00:00:00,True
097222,2018-01-01 00:00:00,2018-12-31 00:00:00,True
097223,2018-01-01 00:00:00,2018-12-31 00:00:00,True
097224,2018-01-01 00:00:00,2018-12-31 00:00:00,True
097225,2018-01-01 00:00:00,2018-12-31 00:00:00,True
097226,2018-01-01 00:00:00,2018-12-31 00:00:00,True
097227,2018-01-01 00:00:00,2018-12-31 00:00:00,True
097230,2018-01-01 00:00:00,2018-12-31 00:00:00,True
097231,2018-01-01 00:00:00,2018-12-31 00:00:00,True
097232,2018-01-01 00:00:00,2018-12-31 00:00:00,True
097233,2018-01-01 00:00:00,2018-12-31 00:00:00,True
097234,2018-01-01 00:00:00,2018-12-31 00:00:00,True
097235,2018-01-01 00:00:00,2018-12-31 00:00:00,True
097236,2018-01-01 00:00:00,2018-12-31 00:00:00,True
097237,2018-01-01 00:00:00,2018-12-31 00:00:00,True
097300,2018-01-01 00:00:00,2018-12-31 00:00:00,True
097301,2018-01-01 00:00:00,2018-12-31 00:00:00,True
097302,2018-01-01 00:00:00,2018-12-31 00:00:00,True
097303,2018-01-01 00:00:00,2018-12-31 00:00:00,True
097304,2018-01-01 00:00:00,2018-12-31 00:00:00,True
097305,2018-01-01 00:00:00,2018-12-31 00:00:00,True
097306,2018-01-01 00:00:00,2018-12-31 00:00:00,True
097307,2018-01-01 00:00:00,2018-12-31 00:00:00,True
097310,2018-01-01 00:00:00,2018-12-31 00:00:00,True
097311,2018-01-01 00:00:00,2018-12-31 00:00:00,True
097314,2018-01-01 00:00:00,2018-12-31 00:00:00,True
097315,2018-01-01 00:00:00,2018-12-31 00:00:00,True
097501,2018-01-01 00:00:00,2018-12-31 00:00:00,True
097502,2018-01-01 00:00:00,2018-12-31 00:00:00,True
097503,2018-01-01 00:00:00,2018-12-31 00:00:00,True
097504,2018-01-01 00:00:00,2018-12-31 00:00:00,True
097505,2018-01-01 00:00:00,2018-12-31 00:00:00,True
097506,2018-01-01 00:00:00,2018-12-31 00:00:00,True
097507,2018-01-01 00:00:00,2018-12-31 00:00:00,True
097508,2018-01-01 00:00:00,2018-12-31 00:00:00,True
097509,2018-01-01 00:00:00,2018-12-31 00:00:00,True
097510,2018-01-01 00:00:00,2018-12-31 00:00:00,True
097511,2018-01-01 00:00:00,2018-12-31 00:00:00,True
097512,2018-01-01 00:00:00,2018-12-31 00:00:00,True
097525,2018-01-01 00:00:00,2018-12-31 00:00:00,True
097526,2018-01-01 00:00:00,2018-12-31 00:00:00,True
097527,2018-01-01 00:00:00,2018-12-31 00:00:00,True
097528,2018-01-01 00:00:00,2018-12-31 00:00:00,True
097529,2018-01-01 00:00:00,2018-12-31 00:00:00,True
097530,2018-01-01 00:00:00,2018-12-31 00:00:00,True
097531,2018-01-01 00:00:00,2018-12-31 00:00:00,True
097532,2018-01-01 00:00:00,2018-12-31 00:00:00,True
097533,2018-01-01 00:00:00,2018-12-31 00:00:00,True
097534,2018-01-01 00:00:00,2018-12-31 00:00:00,True
098094,2018-03-09 00:00:00,2019-12-31 00:00:00,True
098300,2018-01-01 00:00:00,2018-12-31 00:00:00,True
098301,2018-01-01 00:00:00,2018-12-31 00:00:00,True
098302,2018-01-01 00:00:00,2018-12-31 00:00:00,True
098303,2018-01-01 00:00:00,2018-12-31 00:00:00,True
098304,2018-01-01 00:00:00,2018-12-31 00:00:00,True
098305,2018-01-01 00:00:00,2018-12-31 00:00:00,True
098306,2018-01-01 00:00:00,2018-12-31 00:00:00,True
098307,2018-01-01 00:00:00,2018-12-31 00:00:00,True
098308,2018-01-01 00:00:00,2018-12-31 00:00:00,True
098309,2018-01-01 00:00:00,2018-12-31 00:00:00,True
098310,2018-01-01 00:00:00,2018-12-31 00:00:00,True
098311,2018-01-01 00:00:00,2018-12-31 00:00:00,True
098312,2018-01-01 00:00:00,2018-12-31 00:00:00,True
098313,2018-01-01 00:00:00,2018-12-31 00:00:00,True
098314,2018-01-01 00:00:00,2018-12-31 00:00:00,True
098315,2018-01-01 00:00:00,2018-12-31 00:00:00,True
098316,2018-01-01 00:00:00,2018-12-31 00:00:00,True
098317,2018-01-01 00:00:00,2018-12-31 00:00:00,True
098318,2018-01-01 00:00:00,2018-12-31 00:00:00,True
098319,2018-01-01 00:00:00,2018-12-31 00:00:00,True
098320,2018-01-01 00:00:00,2018-12-31 00:00:00,True
098321,2018-01-01 00:00:00,2018-12-31 00:00:00,True
098322,2018-01-01 00:00:00,2018-12-31 00:00:00,True
098323,2018-01-01 00:00:00,2018-12-31 00:00:00,True
098324,2018-01-01 00:00:00,2018-12-31 00:00:00,True
098325,2018-01-01 00:00:00,2018-12-31 00:00:00,True
098326,2018-01-01 00:00:00,2018-12-31 00:00:00,True
098327,2018-01-01 00:00:00,2018-12-31 00:00:00,True
098328,2018-01-01 00:00:00,2018-12-31 00:00:00,True
098329,2018-01-01 00:00:00,2018-12-31 00:00:00,True
098330,2018-01-01 00:00:00,2018-12-31 00:00:00,True
098331,2018-01-01 00:00:00,2018-12-31 00:00:00,True
098332,2018-01-01 00:00:00,2018-12-31 00:00:00,True
098333,2018-01-01 00:00:00,2018-12-31 00:00:00,True
098334,2018-01-01 00:00:00,2018-12-31 00:00:00,True
098335,2018-01-01 00:00:00,2018-12-31 00:00:00,True
098336,2018-01-01 00:00:00,2018-12-31 00:00:00,True
098337,2018-01-01 00:00:00,2018-12-31 00:00:00,True
098338,2018-01-01 00:00:00,2018-12-31 00:00:00,True
098339,2018-01-01 00:00:00,2018-12-31 00:00:00,True
098340,2018-01-01 00:00:00,2018-12-31 00:00:00,True
098341,2018-01-01 00:00:00,2018-12-31 00:00:00,True
098342,2018-01-01 00:00:00,2018-12-31 00:00:00,True
098343,2018-01-01 00:00:00,2018-12-31 00:00:00,True
098344,2018-01-01 00:00:00,2018-12-31 00:00:00,True
098345,2018-01-01 00:00:00,2018-12-31 00:00:00,True
098346,2018-01-01 00:00:00,2018-12-31 00:00:00,True
098347,2018-01-01 00:00:00,2018-12-31 00:00:00,True
098348,2018-01-01 00:00:00,2018-12-31 00:00:00,True
098349,2018-01-01 00:00:00,2018-12-31 00:00:00,True
098350,2018-01-01 00:00:00,2018-12-31 00:00:00,True
098351,2018-01-01 00:00:00,2018-12-31 00:00:00,True
098352,2018-01-01 00:00:00,2018-12-31 00:00:00,True
098353,2018-01-01 00:00:00,2018-12-31 00:00:00,True
098354,2018-01-01 00:00:00,2018-12-31 00:00:00,True
098355,2018-01-01 00:00:00,2018-12-31 00:00:00,True
098356,2018-01-01 00:00:00,2018-12-31 00:00:00,True
098357,2018-01-01 00:00:00,2018-12-31 00:00:00,True
098358,2018-01-01 00:00:00,2018-12-31 00:00:00,True
098359,2018-01-01 00:00:00,2018-12-31 00:00:00,True
098360,2018-01-01 00:00:00,2018-12-31 00:00:00,True
098361,2018-01-01 00:00:00,2018-12-31 00:00:00,True
098400,2018-01-01 00:00:00,2018-12-31 00:00:00,True
098401,2018-01-01 00:00:00,2018-12-31 00:00:00,True
098402,2018-01-01 00:00:00,2018-12-31 00:00:00,True
098403,2018-01-01 00:00:00,2018-12-31 00:00:00,True
098404,2018-01-01 00:00:00,2018-12-31 00:00:00,True
098405,2018-01-01 00:00:00,2018-12-31 00:00:00,True
098501,2018-07-19 00:00:00,2019-02-03 00:00:00,True
098502,2018-07-19 00:00:00,2019-02-03 00:00:00,True
098503,2018-07-19 00:00:00,2019-02-03 00:00:00,True
098504,2018-07-19 00:00:00,2019-02-03 00:00:00,True
098505,2018-07-19 00:00:00,2019-02-03 00:00:00,True
098506,2018-07-19 00:00:00,2019-02-03 00:00:00,True
098507,2018-07-19 00:00:00,2019-02-03 00:00:00,True
098508,2018-07-19 00:00:00,2019-02-03 00:00:00,True
098509,2018-07-19 00:00:00,2019-02-03 00:00:00,True
098512,2018-07-19 00:00:00,2019-02-03 00:00:00,True
098513,2018-07-19 00:00:00,2019-02-03 00:00:00,True
098514,2018-07-19 00:00:00,2019-02-03 00:00:00,True
098515,2018-07-19 00:00:00,2019-02-03 00:00:00,True
098516,2018-07-19 00:00:00,2019-02-03 00:00:00,True
098517,2018-07-19 00:00:00,2019-02-03 00:00:00,True
098518,2018-07-19 00:00:00,2019-02-03 00:00:00,True
098520,2018-07-19 00:00:00,2019-02-03 00:00:00,True
098521,2018-07-19 00:00:00,2019-02-03 00:00:00,True
098522,2018-07-19 00:00:00,2019-02-03 00:00:00,True
098523,2018-07-19 00:00:00,2019-02-03 00:00:00,True
098525,2018-07-19 00:00:00,2019-02-03 00:00:00,True
098526,2018-07-19 00:00:00,2019-02-03 00:00:00,True
098528,2018-07-19 00:00:00,2019-02-03 00:00:00,True
