Measure SID,Order number,Measure type,Start date,End date,Geo,Commodity,additional_code_type_id,additional_code_id,reduction_indicator,measure_generating_regulation_role,measure_generating_regulation_id,justification_regulation_role,justification_regulation_id,stopped_flag,geographical_area_sid,goods_nomenclature_sid,additional_code_sid,export_refund_nomenclature_sid
3119289,,481,2010-01-01 00:00:00,,1011,2204219311,,,,1,D0506900,,,False,400,92040,,
3119290,,481,2010-01-01 00:00:00,,1011,2204219321,,,,1,D0506900,,,False,400,92045,,
3119291,,481,2010-01-01 00:00:00,,1011,2204219411,,,,1,D0506900,,,False,400,92052,,
3119292,,481,2010-01-01 00:00:00,,1011,2204219421,,,,1,D0506900,,,False,400,92057,,
3119293,,481,2010-01-01 00:00:00,,1011,2204219312,,,,4,D0309140,,,False,400,92041,,
3119294,,481,2010-01-01 00:00:00,,1011,2204219322,,,,4,D0309140,,,False,400,92046,,
3119295,,481,2010-01-01 00:00:00,,1011,2204219412,,,,4,D0309140,,,False,400,92053,,
3119296,,481,2010-01-01 00:00:00,,1011,2204219422,,,,4,D0309140,,,False,400,92058,,
3119297,,481,2010-03-01 00:00:00,,1011,2204219313,,,,1,D9802381,,,False,400,92042,,
3119298,,481,2010-03-01 00:00:00,,1011,2204219323,,,,1,D9802381,,,False,400,92047,,
3119299,,481,2010-03-01 00:00:00,,1011,2204219413,,,,1,D9802381,,,False,400,92054,,
3119300,,481,2010-03-01 00:00:00,,1011,2204219423,,,,1,D9802381,,,False,400,92059,,
3288636,,483,2013-02-01 00:00:00,,1011,2401103591,,,,1,R1212311,,,False,400,90551,,
3288637,,483,2013-02-01 00:00:00,,1011,2401107010,,,,1,R1212311,,,False,400,59074,,
3288638,,483,2013-02-01 00:00:00,,1011,2401109511,,,,1,R1212311,,,False,400,90567,,
3288639,,483,2013-02-01 00:00:00,,1011,2401109521,,,,1,R1212311,,,False,400,90569,,
3288640,,483,2013-02-01 00:00:00,,1011,2401109591,,,,1,R1212311,,,False,400,90564,,
3288641,,483,2013-02-01 00:00:00,,1011,2401203591,,,,1,R1212311,,,False,400,90577,,
3288642,,483,2013-02-01 00:00:00,,1011,2401207010,,,,1,R1212311,,,False,400,59079,,
3288643,,483,2013-02-01 00:00:00,,1011,2401209511,,,,1,R1212311,,,False,400,90583,,
3288644,,483,2013-02-01 00:00:00,,1011,2401209521,,,,1,R1212311,,,False,400,90586,,
3288645,,483,2013-02-01 00:00:00,,1011,2401209591,,,,1,R1212311,,,False,400,90596,,
3288646,,483,2013-02-01 00:00:00,,1011,8452101900,,,,1,R1209279,,,False,400,48669,,
3288647,,483,2013-02-01 00:00:00,,1011,8452101100,,,,1,R1209279,,,False,400,48668,,
3288648,,482,2013-02-01 00:00:00,,1011,4104411100,,,,1,R1209279,,,False,400,74431,,
3288649,,482,2013-02-01 00:00:00,,1011,4104491100,,,,1,R1209279,,,False,400,73612,,
3288650,,483,2013-02-01 00:00:00,,1011,5810101000,,,,1,R1209279,,,False,400,42553,,
3288651,,483,2013-02-01 00:00:00,,1011,5810911000,,,,1,R1209279,,,False,400,42561,,
3288652,,483,2013-02-01 00:00:00,,1011,5810921000,,,,1,R1209279,,,False,400,42568,,
3288653,,483,2013-02-01 00:00:00,,1011,5810991000,,,,1,R1209279,,,False,400,42575,,
3288654,,483,2013-02-01 00:00:00,,1011,2009691900,,,,1,R1209279,,,False,400,74350,,
3288655,,483,2013-02-01 00:00:00,,1011,2009791900,,,,1,R1209279,,,False,400,73096,,
3288656,,483,2013-02-01 00:00:00,,1011,2009891900,,,,1,R1209279,,,False,400,94999,,
3288657,,483,2013-02-01 00:00:00,,1011,2009901900,,,,1,R1209279,,,False,400,34405,,
3288658,,483,2013-02-01 00:00:00,,1011,2009111900,,,,1,R1209279,,,False,400,34172,,
3288659,,483,2013-02-01 00:00:00,,1011,2009191900,,,,1,R1209279,,,False,400,34190,,
3288660,,483,2013-02-01 00:00:00,,1011,2009291900,,,,1,R1209279,,,False,400,73017,,
3288661,,483,2013-02-01 00:00:00,,1011,2009311100,,,,1,R1209279,,,False,400,73022,,
3288662,,483,2013-02-01 00:00:00,,1011,2009311900,,,,1,R1209279,,,False,400,73025,,
3288663,,483,2013-02-01 00:00:00,,1011,2009391900,,,,1,R1209279,,,False,400,73037,,
3288664,,483,2013-02-01 00:00:00,,1011,2009393100,,,,1,R1209279,,,False,400,73039,,
3288665,,483,2013-02-01 00:00:00,,1011,2009393900,,,,1,R1209279,,,False,400,74390,,
3288666,,483,2013-02-01 00:00:00,,1011,2009491900,,,,1,R1209279,,,False,400,73066,,
3288667,,483,2013-02-01 00:00:00,,1011,2009811900,,,,1,R1209279,,,False,400,94981,,
3288668,,483,2013-02-01 00:00:00,,1011,2009813100,,,,1,R1209279,,,False,400,94983,,
3288669,,483,2013-02-01 00:00:00,,1011,2009893600,,,,1,R1209279,,,False,400,95015,,
3288670,,483,2013-02-01 00:00:00,,1011,2009893800,,,,1,R1209279,,,False,400,95018,,
3288671,,483,2013-02-01 00:00:00,,1011,2009897100,,,,1,R1209279,,,False,400,95052,,
3288672,,483,2013-02-01 00:00:00,,1011,2009897300,,,,1,R1209279,,,False,400,95055,,
3288673,,483,2013-02-01 00:00:00,,1011,2009897900,,,,1,R1209279,,,False,400,95058,,
3288674,,483,2013-02-01 00:00:00,,1011,2009902900,,,,1,R1209279,,,False,400,34415,,
3288675,,483,2013-02-01 00:00:00,,1011,2009904100,,,,1,R1209279,,,False,400,34425,,
3288676,,483,2013-02-01 00:00:00,,1011,2009904900,,,,1,R1209279,,,False,400,34426,,
3288677,,483,2013-02-01 00:00:00,,1011,2009905100,,,,1,R1209279,,,False,400,34428,,
3288678,,483,2013-02-01 00:00:00,,1011,2009905900,,,,1,R1209279,,,False,400,34432,,
3288679,,483,2013-02-01 00:00:00,,1011,2009493000,,,,1,R1209279,,,False,400,73067,,
3288680,,483,2013-02-01 00:00:00,,1011,2208409100,,,,1,R1209279,,,False,400,69082,,
3288681,,483,2013-02-01 00:00:00,,1011,2208403100,,,,1,R1209279,,,False,400,69077,,
3288682,,483,2013-02-01 00:00:00,,1011,2009611000,,,,1,R1209279,,,False,400,73073,,
3288683,,483,2013-02-01 00:00:00,,1011,2009695100,,,,1,R1209279,,,False,400,74351,,
3288684,,483,2013-02-01 00:00:00,,1011,2009695900,,,,1,R1209279,,,False,400,73081,,
3288685,,483,2013-02-01 00:00:00,,1011,2009793000,,,,1,R1209279,,,False,400,73097,,
3288686,,483,2013-02-01 00:00:00,,1011,2009895000,,,,1,R1209279,,,False,400,95037,,
3288687,,483,2013-02-01 00:00:00,,1011,5810919000,,,,1,R1209279,,,False,400,42564,,
3288688,,483,2013-02-01 00:00:00,,1011,5810929000,,,,1,R1209279,,,False,400,42571,,
3288689,,483,2013-02-01 00:00:00,,1011,5810999000,,,,1,R1209279,,,False,400,42578,,
3288690,,483,2013-02-01 00:00:00,,1011,2009691100,,,,1,R1209279,,,False,400,73077,,
3288691,,483,2013-02-01 00:00:00,,1011,2009791100,,,,1,R1209279,,,False,400,73095,,
3288692,,483,2013-02-01 00:00:00,,1011,2009891100,,,,1,R1209279,,,False,400,94996,,
3288693,,483,2013-02-01 00:00:00,,1011,2009901100,,,,1,R1209279,,,False,400,34404,,
3288694,,483,2013-02-01 00:00:00,,1011,2009111100,,,,1,R1209279,,,False,400,34169,,
3288695,,483,2013-02-01 00:00:00,,1011,2009119100,,,,1,R1209279,,,False,400,34176,,
3288696,,483,2013-02-01 00:00:00,,1011,2009191100,,,,1,R1209279,,,False,400,34187,,
3288697,,483,2013-02-01 00:00:00,,1011,2009199100,,,,1,R1209279,,,False,400,34194,,
3288698,,483,2013-02-01 00:00:00,,1011,2009291100,,,,1,R1209279,,,False,400,73016,,
3288699,,483,2013-02-01 00:00:00,,1011,2009299100,,,,1,R1209279,,,False,400,73018,,
3288700,,483,2013-02-01 00:00:00,,1011,2009315100,,,,1,R1209279,,,False,400,73030,,
3288701,,483,2013-02-01 00:00:00,,1011,2009315900,,,,1,R1209279,,,False,400,73031,,
3288702,,483,2013-02-01 00:00:00,,1011,2009319100,,,,1,R1209279,,,False,400,73033,,
3288703,,483,2013-02-01 00:00:00,,1011,2009319900,,,,1,R1209279,,,False,400,73034,,
3288704,,483,2013-02-01 00:00:00,,1011,2009391100,,,,1,R1209279,,,False,400,73036,,
3288705,,483,2013-02-01 00:00:00,,1011,2009395100,,,,1,R1209279,,,False,400,73052,,
3288706,,483,2013-02-01 00:00:00,,1011,2009395500,,,,1,R1209279,,,False,400,73053,,
3288707,,483,2013-02-01 00:00:00,,1011,2009395900,,,,1,R1209279,,,False,400,73054,,
3288708,,483,2013-02-01 00:00:00,,1011,2009399100,,,,1,R1209279,,,False,400,73056,,
3288709,,483,2013-02-01 00:00:00,,1011,2009399500,,,,1,R1209279,,,False,400,73057,,
3288710,,483,2013-02-01 00:00:00,,1011,2009399900,,,,1,R1209279,,,False,400,73058,,
3288711,,483,2013-02-01 00:00:00,,1011,2009491100,,,,1,R1209279,,,False,400,73065,,
3288712,,483,2013-02-01 00:00:00,,1011,2009499100,,,,1,R1209279,,,False,400,73069,,
3288713,,483,2013-02-01 00:00:00,,1011,2009499300,,,,1,R1209279,,,False,400,73070,,
3288714,,483,2013-02-01 00:00:00,,1011,2009811100,,,,1,R1209279,,,False,400,94980,,
3288715,,483,2013-02-01 00:00:00,,1011,2009815100,,,,1,R1209279,,,False,400,94984,,
3288716,,483,2013-02-01 00:00:00,,1011,2009815900,,,,1,R1209279,,,False,400,94985,,
3288717,,483,2013-02-01 00:00:00,,1011,2009893400,,,,1,R1209279,,,False,400,95004,,
3288718,,483,2013-02-01 00:00:00,,1011,2009893500,,,,1,R1209279,,,False,400,95007,,
3288719,,483,2013-02-01 00:00:00,,1011,2009898500,,,,1,R1209279,,,False,400,95069,,
3288720,,483,2013-02-01 00:00:00,,1011,2009898600,,,,1,R1209279,,,False,400,95072,,
3288723,,483,2013-02-01 00:00:00,,1011,2009902100,,,,1,R1209279,,,False,400,34407,,
3288724,,483,2013-02-01 00:00:00,,1011,2009907100,,,,1,R1209279,,,False,400,34438,,
3288725,,483,2013-02-01 00:00:00,,1011,2009907300,,,,1,R1209279,,,False,400,34439,,
3288726,,483,2013-02-01 00:00:00,,1011,2009907900,,,,1,R1209279,,,False,400,34440,,
3288727,,483,2013-02-01 00:00:00,,1011,2009909200,,,,1,R1209279,,,False,400,55642,,
3288728,,483,2013-02-01 00:00:00,,1011,2009909400,,,,1,R1209279,,,False,400,55645,,
3288729,,483,2013-02-01 00:00:00,,1011,2009909500,,,,1,R1209279,,,False,400,55647,,
3288730,,483,2013-02-01 00:00:00,,1011,2009909600,,,,1,R1209279,,,False,400,55648,,
3288731,,483,2013-02-01 00:00:00,,1011,2009909700,,,,1,R1209279,,,False,400,55649,,
3288732,,483,2013-02-01 00:00:00,,1011,2009909800,,,,1,R1209279,,,False,400,55650,,
3288733,,483,2013-02-01 00:00:00,,1011,5810109000,,,,1,R1209279,,,False,400,42556,,
3288734,,483,2013-02-01 00:00:00,,1011,2009619000,,,,1,R1209279,,,False,400,73074,,
3288735,,483,2013-02-01 00:00:00,,1011,2009697100,,,,1,R1209279,,,False,400,73084,,
3288736,,483,2013-02-01 00:00:00,,1011,2009697900,,,,1,R1209279,,,False,400,73085,,
3288737,,483,2013-02-01 00:00:00,,1011,2009699000,,,,1,R1209279,,,False,400,73086,,
3288738,,483,2013-02-01 00:00:00,,1011,2009799100,,,,1,R1209279,,,False,400,73099,,
3288739,,483,2013-02-01 00:00:00,,1011,2009896100,,,,1,R1209279,,,False,400,95041,,
3288740,,483,2013-02-01 00:00:00,,1011,2009896300,,,,1,R1209279,,,False,400,95044,,
3288741,,483,2013-02-01 00:00:00,,1011,2009903100,,,,1,R1209279,,,False,400,34420,,
3288742,,483,2013-02-01 00:00:00,,1011,2208409900,,,,1,R1209279,,,False,400,69083,,
3288743,,483,2013-02-01 00:00:00,,1011,2208403900,,,,1,R1209279,,,False,400,69078,,
3288744,,482,2013-02-01 00:00:00,,1011,8903109000,,,,1,R1209279,,,False,400,53429,,
3288745,,482,2013-02-01 00:00:00,,1011,8903999100,,,,1,R1209279,,,False,400,53446,,
3288746,,482,2013-02-01 00:00:00,,1011,8903999900,,,,1,R1209279,,,False,400,53447,,
3288747,,482,2013-02-01 00:00:00,,1011,8906909900,,,,1,R1209279,,,False,400,74185,,
3288748,,482,2013-02-01 00:00:00,,1011,5109101000,,,,1,R1209279,,,False,400,41023,,
3288749,,482,2013-02-01 00:00:00,,1011,0102294100,,,,1,R1209279,,,False,400,94074,,
3288750,,482,2013-02-01 00:00:00,,1011,0102294900,,,,1,R1209279,,,False,400,94075,,
3288751,,482,2013-02-01 00:00:00,,1011,8716109800,,,,1,R1209279,,,False,400,95992,,
3288758,,482,2013-02-01 00:00:00,,1011,0102295190,,,,1,R1209279,,,False,400,94086,,
3288759,,482,2013-02-01 00:00:00,,1011,0102295919,,,,1,R1209279,,,False,400,94090,,
3288760,,482,2013-02-01 00:00:00,,1011,0102295929,,,,1,R1209279,,,False,400,94093,,
3288761,,482,2013-02-01 00:00:00,,1011,0102295939,,,,1,R1209279,,,False,400,94096,,
3288762,,482,2013-02-01 00:00:00,,1011,0102295999,,,,1,R1209279,,,False,400,94099,,
3288763,,482,2013-02-01 00:00:00,,1011,0102296100,,,,1,R1209279,,,False,400,94101,,
3288764,,482,2013-02-01 00:00:00,,1011,0102296900,,,,1,R1209279,,,False,400,94102,,
3288765,,482,2013-02-01 00:00:00,,1011,0102299190,,,,1,R1209279,,,False,400,94121,,
3288766,,482,2013-02-01 00:00:00,,1011,0102299929,,,,1,R1209279,,,False,400,94125,,
3288767,,482,2013-02-01 00:00:00,,1011,0102299999,,,,1,R1209279,,,False,400,94128,,
3288768,,482,2013-02-01 00:00:00,,1011,0102292100,,,,1,R1209279,,,False,400,94065,,
3288769,,482,2013-02-01 00:00:00,,1011,0102292900,,,,1,R1209279,,,False,400,94066,,
3288770,,482,2013-02-01 00:00:00,,1011,8903101000,,,,1,R1209279,,,False,400,72170,,
3288771,,482,2013-02-01 00:00:00,,1011,8903991000,,,,1,R1209279,,,False,400,53444,,
3288772,,482,2013-02-01 00:00:00,,1011,8906909100,,,,1,R1209279,,,False,400,74184,,
3288773,,482,2013-02-01 00:00:00,,1011,0102391090,,,,1,R0521729,,,False,400,96167,,
3288774,,482,2013-02-01 00:00:00,,1011,0102909190,,,,1,R0521729,,,False,400,96166,,
3288788,,482,2013-02-01 00:00:00,,1011,0102909110,,,,1,R0521729,,,False,400,96168,,
3288790,,482,2013-02-01 00:00:00,,1011,0102391010,,,,1,R0521729,,,False,400,96165,,
3288793,,482,2013-02-01 00:00:00,,1011,8716109200,,,,1,R1209279,,,False,400,95991,,
3288797,,482,2013-02-01 00:00:00,,1011,5111110000,,,,1,R1209279,,,False,400,41031,,
3288799,,482,2013-02-01 00:00:00,,1011,5111301000,,,,1,R1209279,,,False,400,41037,,
3288800,,482,2013-02-01 00:00:00,,1011,5111909100,,,,1,R1209279,,,False,400,41043,,
3288801,,482,2013-02-01 00:00:00,,1011,0102291000,,,,1,R1209279,,,False,400,94057,,
3288802,,482,2013-02-01 00:00:00,,1011,0103921100,,,,1,R1209279,,,False,400,27770,,
3288816,,482,2013-02-01 00:00:00,,1011,0102295110,,,,1,R1012559,,,False,400,94085,,
3288818,,482,2013-02-01 00:00:00,,1011,0102295911,,,,1,R1012559,,,False,400,94089,,
3288820,,482,2013-02-01 00:00:00,,1011,0102295921,,,,1,R1012559,,,False,400,94092,,
3288822,,482,2013-02-01 00:00:00,,1011,0102295931,,,,1,R1012559,,,False,400,94095,,
3288823,,482,2013-02-01 00:00:00,,1011,0102295991,,,,1,R1012559,,,False,400,94098,,
3288828,,482,2013-02-01 00:00:00,,1011,0102299110,,,,1,R1012559,,,False,400,94120,,
3288829,,482,2013-02-01 00:00:00,,1011,0102299921,,,,1,R1012559,,,False,400,94124,,
3288830,,482,2013-02-01 00:00:00,,1011,0102299991,,,,1,R1012559,,,False,400,94127,,
3288833,,482,2013-02-01 00:00:00,,1011,4101200000,,,,1,R1209279,,,False,400,73569,,
3288834,,482,2013-02-01 00:00:00,,1011,4101500000,,,,1,R1209279,,,False,400,73574,,
3288839,,482,2013-02-01 00:00:00,,1011,6201129000,,,,1,R1209279,,,False,400,43125,,
3288840,,482,2013-02-01 00:00:00,,1011,6201139000,,,,1,R1209279,,,False,400,43132,,
3288841,,482,2013-02-01 00:00:00,,1011,6202129000,,,,1,R1209279,,,False,400,43155,,
3288843,,482,2013-02-01 00:00:00,,1011,6202139000,,,,1,R1209279,,,False,400,43162,,
3288845,,482,2013-02-01 00:00:00,,1011,6201121000,,,,1,R1209279,,,False,400,43122,,
3288847,,482,2013-02-01 00:00:00,,1011,6201131000,,,,1,R1209279,,,False,400,43129,,
3288848,,482,2013-02-01 00:00:00,,1011,6202121000,,,,1,R1209279,,,False,400,43152,,
3288850,,482,2013-02-01 00:00:00,,1011,6202131000,,,,1,R1209279,,,False,400,43159,,
3288855,,482,2013-02-01 00:00:00,,1011,8802400000,,,,1,R1209279,,,False,400,53368,,
3288857,,482,2013-02-01 00:00:00,,1011,8802120000,,,,1,R1209279,,,False,400,53359,,
3288860,,482,2013-02-01 00:00:00,,1011,8802300000,,,,1,R1209279,,,False,400,53365,,
3288862,,482,2013-02-01 00:00:00,,1011,8802110000,,,,1,R1209279,,,False,400,53356,,
3288863,,482,2013-02-01 00:00:00,,1011,8802200000,,,,1,R1209279,,,False,400,53362,,
3288889,,482,2013-02-01 00:00:00,,1011,5111190000,,,,1,R1209279,,,False,400,41032,,
3288890,,482,2013-02-01 00:00:00,,1011,5111308000,,,,1,R1209279,,,False,400,96732,,
3288891,,482,2013-02-01 00:00:00,,1011,5111909800,,,,1,R1209279,,,False,400,96733,,
3288892,,482,2013-02-01 00:00:00,,1011,5112190000,,,,1,R1209279,,,False,400,41049,,
3288893,,482,2013-02-01 00:00:00,,1011,5112308000,,,,1,R1209279,,,False,400,96745,,
3288894,,482,2013-02-01 00:00:00,,1011,5112909800,,,,1,R1209279,,,False,400,96746,,
3288895,,482,2013-02-01 00:00:00,,1011,8471300000,,,,1,R1209279,,,False,400,60364,,
3288896,,482,2013-02-01 00:00:00,,1011,5513000000,,,,1,R1209279,,,False,400,42061,,
3288897,,482,2013-02-01 00:00:00,,1011,0103921900,,,,1,R1209279,,,False,400,27771,,
3288898,,482,2013-02-01 00:00:00,,1011,0103929000,,,,1,R1209279,,,False,400,27772,,
3288899,,482,2013-02-01 00:00:00,,1011,6110111000,,,,1,R1209279,,,False,400,73978,,
3288900,,482,2013-02-01 00:00:00,,1011,5911321100,,,,1,R1209279,,,False,400,91716,,
3288901,,482,2013-02-01 00:00:00,,1011,5911321900,,,,1,R1209279,,,False,400,91717,,
3288902,,482,2013-02-01 00:00:00,,1011,0103910000,,,,1,R1209279,,,False,400,27765,,
3288903,,482,2013-02-01 00:00:00,,1011,5911311100,,,,1,R1209279,,,False,400,42688,,
3288904,,482,2013-02-01 00:00:00,,1011,0105940000,,,,1,R1209279,,,False,400,85305,,
3288905,,482,2013-02-01 00:00:00,,1011,0105990000,,,,1,R1209279,,,False,400,27797,,
3288906,,482,2013-02-01 00:00:00,,1011,5208420000,,,,1,R1209279,,,False,400,41274,,
3288907,,482,2013-02-01 00:00:00,,1011,5208520000,,,,1,R1209279,,,False,400,41291,,
3288908,,482,2013-02-01 00:00:00,,1011,5208121600,,,,1,R1209279,,,False,400,70259,,
3288909,,482,2013-02-01 00:00:00,,1011,5208121900,,,,1,R1209279,,,False,400,41170,,
3288910,,482,2013-02-01 00:00:00,,1011,5208221600,,,,1,R1209279,,,False,400,70267,,
3288911,,482,2013-02-01 00:00:00,,1011,5208221900,,,,1,R1209279,,,False,400,41211,,
3288912,,482,2013-02-01 00:00:00,,1011,5208321600,,,,1,R1209279,,,False,400,70271,,
3288913,,482,2013-02-01 00:00:00,,1011,5208321900,,,,1,R1209279,,,False,400,41248,,
3288914,,482,2013-02-01 00:00:00,,1011,5208129600,,,,1,R1209279,,,False,400,70263,,
3288915,,482,2013-02-01 00:00:00,,1011,5208129900,,,,1,R1209279,,,False,400,41183,,
3288916,,482,2013-02-01 00:00:00,,1011,5208229600,,,,1,R1209279,,,False,400,70269,,
3288917,,482,2013-02-01 00:00:00,,1011,5208229900,,,,1,R1209279,,,False,400,41224,,
3288918,,482,2013-02-01 00:00:00,,1011,5208329600,,,,1,R1209279,,,False,400,70273,,
3288919,,482,2013-02-01 00:00:00,,1011,5208329900,,,,1,R1209279,,,False,400,41261,,
3288920,,482,2013-02-01 00:00:00,,1011,5514000000,,,,1,R1209279,,,False,400,42088,,
3288921,,482,2013-02-01 00:00:00,,1011,5209000000,,,,1,R1209279,,,False,400,41320,,
3288922,,482,2013-02-01 00:00:00,,1011,5211000000,,,,1,R1209279,,,False,400,41453,,
3288923,,482,2013-02-01 00:00:00,,1011,5212210000,,,,1,R1209279,,,False,400,41562,,
3288924,,482,2013-02-01 00:00:00,,1011,5212220000,,,,1,R1209279,,,False,400,41569,,
3288925,,482,2013-02-01 00:00:00,,1011,5212230000,,,,1,R1209279,,,False,400,41576,,
3288926,,482,2013-02-01 00:00:00,,1011,5212240000,,,,1,R1209279,,,False,400,41583,,
3288927,,482,2013-02-01 00:00:00,,1011,5212250000,,,,1,R1209279,,,False,400,41590,,
3288928,,482,2013-02-01 00:00:00,,1011,7019510012,,,,1,R1206729,,,False,400,96622,,
3288929,,482,2013-02-01 00:00:00,,1011,7019510011,,,,1,R1206729,,,False,400,94849,,
3288930,,482,2013-02-01 00:00:00,,1011,7019510013,,,,1,R1206729,,,False,400,96623,,
3288931,,482,2013-02-01 00:00:00,,1011,7019590011,,,,1,R1206729,,,False,400,95334,,
3288932,,482,2013-02-01 00:00:00,,1011,7019590012,,,,1,R1206729,,,False,400,96625,,
3288933,,482,2013-02-01 00:00:00,,1011,7019590013,,,,1,R1206729,,,False,400,96624,,
3288934,,482,2013-02-01 00:00:00,,1011,7019590019,,,,1,R1206729,,,False,400,95336,,
3288935,,482,2013-02-01 00:00:00,,1011,7019510019,,,,1,R1206729,,,False,400,95335,,
3288936,,482,2013-02-01 00:00:00,,1011,5208110000,,,,1,R1209279,,,False,400,41152,,
3288937,,482,2013-02-01 00:00:00,,1011,5208210000,,,,1,R1209279,,,False,400,41193,,
3288938,,482,2013-02-01 00:00:00,,1011,5208310000,,,,1,R1209279,,,False,400,41234,,
3288939,,482,2013-02-01 00:00:00,,1011,5208410000,,,,1,R1209279,,,False,400,41271,,
3288940,,482,2013-02-01 00:00:00,,1011,5208510000,,,,1,R1209279,,,False,400,41284,,
3288941,,482,2013-02-01 00:00:00,,1011,0105110000,,,,1,R1209279,,,False,400,27785,,
3288942,,482,2013-02-01 00:00:00,,1011,0105120000,,,,1,R1209279,,,False,400,59201,,
3288943,,482,2013-02-01 00:00:00,,1011,0105130000,,,,1,R1209279,,,False,400,94185,,
3288944,,482,2013-02-01 00:00:00,,1011,0105140000,,,,1,R1209279,,,False,400,94186,,
3288945,,482,2013-02-01 00:00:00,,1011,0105150000,,,,1,R1209279,,,False,400,94187,,
3288946,,482,2013-02-01 00:00:00,,1011,5112110000,,,,1,R1209279,,,False,400,41048,,
3288947,,482,2013-02-01 00:00:00,,1011,5112301000,,,,1,R1209279,,,False,400,41054,,
3288948,,482,2013-02-01 00:00:00,,1011,5112909100,,,,1,R1209279,,,False,400,41060,,
3288949,,482,2013-02-01 00:00:00,,1011,5208130000,,,,1,R1209279,,,False,400,41186,,
3288950,,482,2013-02-01 00:00:00,,1011,5208190000,,,,1,R1209279,,,False,400,41189,,
3288951,,482,2013-02-01 00:00:00,,1011,5208230000,,,,1,R1209279,,,False,400,41227,,
3288952,,482,2013-02-01 00:00:00,,1011,5208290000,,,,1,R1209279,,,False,400,41230,,
3288953,,482,2013-02-01 00:00:00,,1011,5208330000,,,,1,R1209279,,,False,400,41264,,
3288954,,482,2013-02-01 00:00:00,,1011,5208390000,,,,1,R1209279,,,False,400,41267,,
3288955,,482,2013-02-01 00:00:00,,1011,5208430000,,,,1,R1209279,,,False,400,41277,,
3288956,,482,2013-02-01 00:00:00,,1011,5208490000,,,,1,R1209279,,,False,400,41280,,
3288957,,482,2013-02-01 00:00:00,,1011,5208590000,,,,1,R1209279,,,False,400,41313,,
3288958,,482,2013-02-01 00:00:00,,1011,5210000000,,,,1,R1209279,,,False,400,41390,,
3288959,,482,2013-02-01 00:00:00,,1011,5212110000,,,,1,R1209279,,,False,400,41517,,
3288960,,482,2013-02-01 00:00:00,,1011,5212120000,,,,1,R1209279,,,False,400,41524,,
3288961,,482,2013-02-01 00:00:00,,1011,5212130000,,,,1,R1209279,,,False,400,41531,,
3288962,,482,2013-02-01 00:00:00,,1011,5212140000,,,,1,R1209279,,,False,400,41538,,
3288963,,482,2013-02-01 00:00:00,,1011,5212150000,,,,1,R1209279,,,False,400,41545,,
3288964,,482,2013-02-01 00:00:00,,1011,7019520010,,,,1,R1212311,,,False,400,81367,,
3288965,,482,2013-02-01 00:00:00,2018-12-31 00:00:00,1011,3926909755,,,,1,R1113449,4,R1820690,False,400,86017,,
3288968,,482,2013-02-01 00:00:00,,1011,7613000020,,,,1,R1113449,,,False,400,71730,,
3288970,,482,2013-02-01 00:00:00,,1011,7019520090,,,,1,R1212311,,,False,400,81366,,
3289071,,482,2013-02-01 00:00:00,,1011,8704210000,,,,1,R1209279,,,False,400,53114,,
3289072,,482,2013-02-01 00:00:00,,1011,8704310000,,,,1,R1209279,,,False,400,53134,,
3300468,,482,2013-04-11 00:00:00,,1011,7019510014,,,,1,R1206729,,,False,400,97785,,
3300469,,482,2013-04-11 00:00:00,,1011,7019510015,,,,1,R1206729,,,False,400,97787,,
3300470,,482,2013-04-11 00:00:00,,1011,7019590014,,,,1,R1206729,,,False,400,97786,,
3300472,,482,2013-04-11 00:00:00,,1011,7019590015,,,,1,R1206729,,,False,400,97788,,
3307266,,482,2013-02-01 00:00:00,,1011,8452101100,,,,1,R1209279,,,False,400,48668,,
3307267,,482,2013-02-01 00:00:00,,1011,8452101900,,,,1,R1209279,,,False,400,48669,,
3312699,,482,2013-07-01 00:00:00,,1011,8507600060,,,,1,R1113449,,,False,400,95910,,
3312702,,482,2013-07-01 00:00:00,,1011,8525809110,,,,1,R1113449,,,False,400,93879,,
3312991,,482,2013-07-01 00:00:00,2018-12-31 00:00:00,1011,5603111010,,,,1,R1113449,4,C1800238,False,400,61263,,
3312992,,482,2013-07-01 00:00:00,2018-12-31 00:00:00,1011,5603119010,,,,1,R1113449,4,C1800238,False,400,61266,,
3312993,,482,2013-07-01 00:00:00,2018-12-31 00:00:00,1011,5603121010,,,,1,R1113449,4,C1800238,False,400,61268,,
3312994,,482,2013-07-01 00:00:00,2018-12-31 00:00:00,1011,5603129010,,,,1,R1113449,4,C1800238,False,400,61271,,
3312995,,482,2013-07-01 00:00:00,,1011,5603129050,,,,1,R1113449,,,False,400,65645,,
3312996,,482,2013-07-01 00:00:00,2018-12-31 00:00:00,1011,5603129060,,,,1,R1113449,4,C1800238,False,400,71120,,
3312997,,482,2013-07-01 00:00:00,2018-12-31 00:00:00,1011,5603139060,,,,1,R1113449,4,C1800238,False,400,71121,,
3312998,,482,2013-07-01 00:00:00,2018-12-31 00:00:00,1011,5603129070,,,,1,R1113449,4,C1800238,False,400,74761,,
3312999,,482,2013-07-01 00:00:00,2018-12-31 00:00:00,1011,5603139070,,,,1,R1113449,4,C1800238,False,400,74762,,
3313000,,482,2013-07-01 00:00:00,2018-12-31 00:00:00,1011,5603131010,,,,1,R1113449,4,R1820690,False,400,91167,,
3313001,,482,2013-07-01 00:00:00,2018-12-31 00:00:00,1011,5603141010,,,,1,R1113449,4,R1820690,False,400,91169,,
3313002,,482,2013-07-01 00:00:00,,1011,5603131020,,,,1,R1113449,,,False,400,93582,,
3313004,,482,2013-07-01 00:00:00,2018-12-31 00:00:00,1011,5603911010,,,,1,R1113449,4,C1800238,False,400,61286,,
3313005,,482,2013-07-01 00:00:00,2018-12-31 00:00:00,1011,5603919010,,,,1,R1113449,4,C1800238,False,400,61289,,
3313006,,482,2013-07-01 00:00:00,2018-12-31 00:00:00,1011,5603921010,,,,1,R1113449,4,C1800238,False,400,61291,,
3313007,,482,2013-07-01 00:00:00,2018-12-31 00:00:00,1011,5603929010,,,,1,R1113449,4,C1800238,False,400,61294,,
3313008,,482,2013-07-01 00:00:00,2018-12-31 00:00:00,1011,5603929040,,,,1,R1113449,4,C1800238,False,400,61297,,
3313009,,482,2013-07-01 00:00:00,2018-12-31 00:00:00,1011,5603929080,,,,1,R1113449,4,C1800238,False,400,93858,,
3313010,,482,2013-07-01 00:00:00,2018-12-31 00:00:00,1011,5603939010,,,,1,R1113449,4,C1800238,False,400,61301,,
3313011,,482,2013-07-01 00:00:00,2018-12-31 00:00:00,1011,5603939050,,,,1,R1113449,4,C1800238,False,400,93859,,
3313040,,482,2013-07-01 00:00:00,2018-12-31 00:00:00,1011,3901109020,,,,1,R1113449,4,R1820690,False,400,70028,,
3313058,,482,2013-07-01 00:00:00,2018-12-31 00:00:00,1011,3901209010,,,,1,R1113449,4,R1820690,False,400,65308,,
3313060,,482,2013-07-01 00:00:00,,1011,3921131010,,,,1,R1113449,,,False,400,81297,,
3313109,,482,2013-07-01 00:00:00,2018-12-31 00:00:00,1011,3903110010,,,,1,R1113449,4,R1820690,False,400,90752,,
3313144,,482,2013-07-01 00:00:00,,1011,8507600025,,,,1,R1113449,,,False,400,97547,,
3314781,,482,2013-07-01 00:00:00,,1011,8507600050,,,,4,R1212329,,,False,400,96936,,
3352177,,482,2014-01-01 00:00:00,,1011,5603149040,,,,1,R1313879,,,False,400,98130,,
3356086,,481,2014-02-01 00:00:00,,1008,2204211100,,,,4,R1310010,,,False,68,54804,,
3356087,,481,2014-02-01 00:00:00,,1008,2204211200,,,,4,R1310010,,,False,68,54805,,
3356088,,481,2014-02-01 00:00:00,,1008,2204211300,,,,4,R1310010,,,False,68,54806,,
3356089,,481,2014-02-01 00:00:00,,1008,2204211700,,,,4,R1310010,,,False,68,54807,,
3356090,,481,2014-02-01 00:00:00,,1008,2204211800,,,,4,R1310010,,,False,68,54809,,
3356091,,481,2014-02-01 00:00:00,,1008,2204211900,,,,4,R1310010,,,False,68,54810,,
3356092,,481,2014-02-01 00:00:00,,1008,2204212200,,,,4,R1310010,,,False,68,54811,,
3356093,,481,2014-02-01 00:00:00,,1008,2204212300,,,,4,R1310010,,,False,68,81154,,
3356094,,481,2014-02-01 00:00:00,,1008,2204212400,,,,4,R1310010,,,False,68,54813,,
3356095,,481,2014-02-01 00:00:00,,1008,2204212600,,,,4,R1310010,,,False,68,54815,,
3356096,,481,2014-02-01 00:00:00,,1008,2204212700,,,,4,R1310010,,,False,68,54816,,
3356097,,481,2014-02-01 00:00:00,,1008,2204212800,,,,4,R1310010,,,False,68,54817,,
3356098,,481,2014-02-01 00:00:00,,1008,2204213200,,,,4,R1310010,,,False,68,54818,,
3356099,,481,2014-02-01 00:00:00,,1008,2204213400,,,,4,R1310010,,,False,68,54819,,
3356100,,481,2014-02-01 00:00:00,,1008,2204213600,,,,4,R1310010,,,False,68,54821,,
3356101,,481,2014-02-01 00:00:00,,1008,2204213700,,,,4,R1310010,,,False,68,54822,,
3356102,,481,2014-02-01 00:00:00,,1008,2204213800,,,,4,R1310010,,,False,68,55123,,
3356103,,481,2014-02-01 00:00:00,,1008,2204214200,,,,4,R1310010,,,False,68,54876,,
3356104,,481,2014-02-01 00:00:00,,1008,2204214300,,,,4,R1310010,,,False,68,54879,,
3356105,,481,2014-02-01 00:00:00,,1008,2204214400,,,,4,R1310010,,,False,68,54890,,
3356106,,481,2014-02-01 00:00:00,,1008,2204214600,,,,4,R1310010,,,False,68,54891,,
3356107,,481,2014-02-01 00:00:00,,1008,2204214700,,,,4,R1310010,,,False,68,54893,,
3356108,,481,2014-02-01 00:00:00,,1008,2204214800,,,,4,R1310010,,,False,68,54894,,
3356109,,481,2014-02-01 00:00:00,,1008,2204216200,,,,4,R1310010,,,False,68,54898,,
3356110,,481,2014-02-01 00:00:00,,1008,2204216600,,,,4,R1310010,,,False,68,54904,,
3356111,,481,2014-02-01 00:00:00,,1008,2204216700,,,,4,R1310010,,,False,68,54906,,
3356112,,481,2014-02-01 00:00:00,,1008,2204216800,,,,4,R1310010,,,False,68,54907,,
3356113,,481,2014-02-01 00:00:00,,1008,2204216900,,,,4,R1310010,,,False,68,54908,,
3356114,,481,2014-02-01 00:00:00,,1008,2204217100,,,,4,R1310010,,,False,68,54909,,
3356115,,481,2014-02-01 00:00:00,,1008,2204217400,,,,4,R1310010,,,False,68,54910,,
3356116,,481,2014-02-01 00:00:00,,1008,2204217600,,,,4,R1310010,,,False,68,54911,,
3356117,,481,2014-02-01 00:00:00,,1008,2204217700,,,,4,R1310010,,,False,68,54912,,
3356118,,481,2014-02-01 00:00:00,,1008,2204217800,,,,4,R1310010,,,False,68,55125,,
3356119,,481,2014-02-01 00:00:00,,1008,2204217900,,,,4,R1310010,,,False,68,55075,,
3356120,,481,2014-02-01 00:00:00,,1008,2204218000,,,,4,R1310010,,,False,68,55076,,
3356121,,481,2014-02-01 00:00:00,,1008,2204218100,,,,4,R1310010,,,False,68,55079,,
3356122,,481,2014-02-01 00:00:00,,1008,2204218200,,,,4,R1310010,,,False,68,55080,,
3356123,,481,2014-02-01 00:00:00,,1008,2204218300,,,,4,R1310010,,,False,68,55082,,
3356124,,481,2014-02-01 00:00:00,,1008,2204218400,,,,4,R1310010,,,False,68,55083,,
3356125,,481,2014-02-01 00:00:00,,1008,2204218500,,,,4,R1310010,,,False,68,81084,,
3356126,,481,2014-02-01 00:00:00,,1008,2204218600,,,,4,R1310010,,,False,68,92020,,
3356127,,481,2014-02-01 00:00:00,,1008,2204218700,,,,4,R1310010,,,False,68,54914,,
3356128,,481,2014-02-01 00:00:00,,1008,2204218800,,,,4,R1310010,,,False,68,54915,,
3356129,,481,2014-02-01 00:00:00,,1008,2204218900,,,,4,R1310010,,,False,68,54916,,
3356130,,481,2014-02-01 00:00:00,,1008,2204219000,,,,4,R1310010,,,False,68,92029,,
3356131,,481,2014-02-01 00:00:00,,1008,2204219100,,,,4,R1310010,,,False,68,92032,,
3356145,,481,2014-02-01 00:00:00,,1008,2204297900,,,,4,R1310010,,,False,68,92154,,
3356146,,481,2014-02-01 00:00:00,,1008,2204298000,,,,4,R1310010,,,False,68,92155,,
3356147,,481,2014-02-01 00:00:00,,1008,2204298100,,,,4,R1310010,,,False,68,92161,,
3356148,,481,2014-02-01 00:00:00,,1008,2204298200,,,,4,R1310010,,,False,68,55030,,
3356149,,481,2014-02-01 00:00:00,,1008,2204298300,,,,4,R1310010,,,False,68,55032,,
3356150,,481,2014-02-01 00:00:00,,1008,2204298400,,,,4,R1310010,,,False,68,55033,,
3356151,,481,2014-02-01 00:00:00,,1008,2204298500,,,,4,R1310010,,,False,68,92172,,
3356152,,481,2014-02-01 00:00:00,,1008,2204298600,,,,4,R1310010,,,False,68,92173,,
3356154,,481,2014-02-01 00:00:00,,1008,2204298800,,,,4,R1310010,,,False,68,54869,,
3356156,,481,2014-02-01 00:00:00,,1008,2204299000,,,,4,R1310010,,,False,68,92180,,
3356157,,481,2014-02-01 00:00:00,,1008,2204299100,,,,4,R1310010,,,False,68,92187,,
3356569,,482,2014-02-01 00:00:00,,1011,8704220000,,,,1,R1209279,,,False,400,53123,,
3375972,,482,2014-07-01 00:00:00,,1011,8525801931,,,,1,R1113449,,,False,400,93209,,
3409472,,481,2015-01-01 00:00:00,,EU,2204219300,,,,4,R1411010,,,False,169,92038,,
3409473,,481,2015-01-01 00:00:00,,EU,2204219400,,,,4,R1411010,,,False,169,55085,,
3409474,,481,2015-01-01 00:00:00,,EU,2204219500,,,,4,R1411010,,,False,169,54920,,
3409475,,481,2015-01-01 00:00:00,,EU,2204219600,,,,4,R1411010,,,False,169,92089,,
3409476,,481,2015-01-01 00:00:00,,EU,2204219700,,,,4,R1411010,,,False,169,92103,,
3409477,,481,2015-01-01 00:00:00,,EU,2204219800,,,,4,R1411010,,,False,169,55087,,
3409478,,481,2015-01-01 00:00:00,,EU,2204299800,,,,4,R1411010,,,False,169,92239,,
3409479,,481,2015-01-01 00:00:00,,EU,2204299300,,,,4,R1411010,,,False,169,92193,,
3409480,,481,2015-01-01 00:00:00,,EU,2204299400,,,,4,R1411010,,,False,169,92199,,
3409481,,481,2015-01-01 00:00:00,,EU,2204299500,,,,4,R1411010,,,False,169,92213,,
3409482,,481,2015-01-01 00:00:00,,EU,2204299600,,,,4,R1411010,,,False,169,92219,,
3409483,,481,2015-01-01 00:00:00,,EU,2204299700,,,,4,R1411010,,,False,169,92233,,
3440282,,482,2015-07-01 00:00:00,,1011,3901101020,,,,4,R1509829,,,False,400,98660,,
3440286,,482,2015-07-01 00:00:00,2018-12-31 00:00:00,1011,8507600085,,,,4,R1509829,4,C1800238,False,400,99226,,
3473016,,482,2016-01-01 00:00:00,,1011,8526912020,,,,1,R1524488,,,False,400,84754,,
3474148,,482,2016-01-01 00:00:00,,1011,5402490070,,,,4,R1524498,,,False,400,86896,,
3494223,,482,2016-07-01 00:00:00,2018-12-31 00:00:00,1011,3901101040,,,,4,R1610518,4,R1820690,False,400,100082,,
3494230,,482,2016-07-01 00:00:00,,1011,6804210020,,,,4,R1610518,,,False,400,99988,,
3494354,,482,2016-07-01 00:00:00,,1011,9002110015,,,,4,R1610518,,,False,400,99981,,
3494355,,482,2016-07-01 00:00:00,,1011,9002190010,,,,4,R1610518,,,False,400,99983,,
3511494,,481,2017-01-01 00:00:00,,1008,2204216100,,,,4,R1310010,,,False,68,101016,,
3511495,,481,2017-01-01 00:00:00,,1008,2204213100,,,,4,R1310010,,,False,68,101013,,
3511807,,481,2017-01-01 00:00:00,,EU,2204229300,,,,4,R1411010,,,False,169,101114,,
3511880,,481,2017-01-01 00:00:00,,EU,2204229400,,,,4,R1411010,,,False,169,101120,,
3511957,,481,2017-01-01 00:00:00,,1008,2204222200,,,,4,R1618210,,,False,68,101032,,
3511958,,481,2017-01-01 00:00:00,,1008,2204222300,,,,4,R1618210,,,False,68,101035,,
3511959,,481,2017-01-01 00:00:00,,1008,2204222400,,,,4,R1618210,,,False,68,101038,,
3511960,,481,2017-01-01 00:00:00,,1008,2204222600,,,,4,R1618210,,,False,68,101041,,
3511961,,481,2017-01-01 00:00:00,,1008,2204222700,,,,4,R1618210,,,False,68,101045,,
3511962,,481,2017-01-01 00:00:00,,1008,2204222800,,,,4,R1618210,,,False,68,101048,,
3511963,,481,2017-01-01 00:00:00,,1008,2204223200,,,,4,R1618210,,,False,68,101054,,
3511964,,481,2017-01-01 00:00:00,,1008,2204223300,,,,4,R1618210,,,False,68,101057,,
3511965,,481,2017-01-01 00:00:00,,1008,2204223800,,,,4,R1618210,,,False,68,101061,,
3511966,,481,2017-01-01 00:00:00,,1008,2204227800,,,,4,R1618210,,,False,68,101065,,
3511967,,481,2017-01-01 00:00:00,,1008,2204227900,,,,4,R1618210,,,False,68,101069,,
3511968,,481,2017-01-01 00:00:00,,1008,2204228000,,,,4,R1618210,,,False,68,101072,,
3511969,,481,2017-01-01 00:00:00,,1008,2204228100,,,,4,R1618210,,,False,68,101076,,
3511970,,481,2017-01-01 00:00:00,,1008,2204228200,,,,4,R1618210,,,False,68,101079,,
3511971,,481,2017-01-01 00:00:00,,1008,2204228300,,,,4,R1618210,,,False,68,101083,,
3511972,,481,2017-01-01 00:00:00,,1008,2204228400,,,,4,R1618210,,,False,68,101086,,
3511990,,481,2017-01-01 00:00:00,,1008,2204228500,,,,4,R1618210,,,False,68,101091,,
3511991,,481,2017-01-01 00:00:00,,1008,2204228600,,,,4,R1618210,,,False,68,101095,,
3511992,,481,2017-01-01 00:00:00,,1008,2204228800,,,,4,R1618210,,,False,68,101099,,
3511993,,481,2017-01-01 00:00:00,,1008,2204229000,,,,4,R1618210,,,False,68,101104,,
3511994,,481,2017-01-01 00:00:00,,1008,2204229100,,,,4,R1618210,,,False,68,101108,,
3512021,,481,2017-01-01 00:00:00,,EU,2204229500,,,,4,R1411010,,,False,169,101133,,
3512071,,481,2017-01-01 00:00:00,,EU,2204229600,,,,4,R1411010,,,False,169,101139,,
3512140,,481,2017-01-01 00:00:00,,EU,2204229700,,,,4,R1411010,,,False,169,101153,,
3512189,,481,2017-01-01 00:00:00,,EU,2204229800,,,,4,R1411010,,,False,169,101159,,
3519059,,482,2017-01-01 00:00:00,2018-12-31 00:00:00,1011,3901908050,,,,4,R1509829,4,R1509829,False,400,102075,,
3519060,,482,2017-01-01 00:00:00,2018-12-31 00:00:00,1011,3901908057,,,,4,R1610518,4,R1820690,False,400,102072,,
3519061,,482,2017-01-01 00:00:00,2018-12-31 00:00:00,1011,3901908063,,,,4,R1610518,4,R1820690,False,400,102071,,
3519062,,482,2017-01-01 00:00:00,2018-12-31 00:00:00,1011,3901908065,,,,4,R1610518,4,R1820690,False,400,102070,,
3519151,,482,2017-01-01 00:00:00,,1011,3907690040,,,,1,R1113449,,,False,400,102088,,
3571793,,482,2017-07-01 00:00:00,,1011,8708502020,,,,4,R1711348,,,False,400,102952,,
3571794,,482,2017-07-01 00:00:00,,1011,8708509910,,,,4,R1711348,,,False,400,99623,,
3571795,,482,2017-07-01 00:00:00,,1011,8414900070,,,,4,R1711338,,,False,400,103098,,
3575065,,481,2018-07-01 00:00:00,2018-12-31 00:00:00,1011,0701905000,,,,4,R1618210,4,R1618210,False,400,70919,,
3575066,,481,2018-01-01 00:00:00,2018-06-30 00:00:00,1011,0701909010,,,,4,R1618210,4,R1618210,False,400,71054,,
3575067,,481,2018-02-01 00:00:00,2018-11-30 00:00:00,1011,0806101005,,,,4,R1618210,4,R1618210,False,400,70346,,
3575068,,481,2018-01-01 00:00:00,2018-09-15 00:00:00,1011,0808101000,,,,4,R1618210,4,R1618210,False,400,31256,,
3575069,,481,2018-12-16 00:00:00,2018-12-31 00:00:00,1011,0808101000,,,,4,R1618210,4,R1618210,False,400,31256,,
3575070,,481,2018-01-01 00:00:00,2018-07-31 00:00:00,1011,0808301000,,,,4,R1618210,4,R1618210,False,400,94492,,
3575071,,485,2018-07-01 00:00:00,2018-12-31 00:00:00,1011,0701905000,,,,4,R1618210,4,R1618210,False,400,70919,,
3575072,,485,2018-01-01 00:00:00,2018-09-15 00:00:00,1011,0808101000,,,,4,R1618210,4,R1618210,False,400,31256,,
3575073,,485,2018-12-16 00:00:00,2018-12-31 00:00:00,1011,0808101000,,,,4,R1618210,4,R1618210,False,400,31256,,
3575074,,485,2018-01-01 00:00:00,2018-07-31 00:00:00,1011,0808301000,,,,4,R1618210,4,R1618210,False,400,94492,,
3590937,,482,2018-01-01 00:00:00,,1011,3215190020,,,,4,C1701998,,,False,400,103831,,
3601218,,430,2018-01-01 00:00:00,,1011,5902201000,,,,1,R1309520,,,False,400,42610,,
3601219,,430,2018-01-01 00:00:00,,1011,5902209000,,,,1,R1309520,,,False,400,42611,,
3601220,,430,2018-01-01 00:00:00,,1011,6112110000,,,,1,R1309520,,,False,400,43049,,
3601221,,430,2018-01-01 00:00:00,,1011,6112120000,,,,1,R1309520,,,False,400,43050,,
3601222,,430,2018-01-01 00:00:00,,1011,6115210000,,,,1,R1309520,,,False,400,87304,,
3601223,,430,2018-01-01 00:00:00,,1011,6301100000,,,,1,R1309520,,,False,400,43613,,
3601224,,430,2018-01-01 00:00:00,,1011,6301301000,,,,1,R1309520,,,False,400,43624,,
3601225,,430,2018-01-01 00:00:00,,1011,6402190000,,,,1,R1309520,,,False,400,43871,,
3601226,,430,2018-01-01 00:00:00,,1011,6402200000,,,,1,R1309520,,,False,400,43874,,
3601227,,430,2018-01-01 00:00:00,,1011,6402911000,,,,1,R1309520,,,False,400,87514,,
3601228,,430,2018-01-01 00:00:00,,1011,6402990500,,,,1,R1309520,,,False,400,87515,,
3601229,,430,2018-01-01 00:00:00,,1011,6402991000,,,,1,R1309520,,,False,400,43883,,
3601230,,430,2018-01-01 00:00:00,,1011,6402993100,,,,1,R1309520,,,False,400,43888,,
3601231,,430,2018-01-01 00:00:00,,1011,6404110000,,,,1,R1309520,,,False,400,44036,,
3601232,,430,2018-01-01 00:00:00,,1011,6404191000,,,,1,R1309520,,,False,400,44040,,
3601233,,430,2018-01-01 00:00:00,,1011,6405209100,,,,1,R1309520,,,False,400,44054,,
3601234,,431,2018-01-01 00:00:00,,1011,5902201000,,,,1,R1309520,,,False,400,42610,,
3601235,,431,2018-01-01 00:00:00,,1011,5902209000,,,,1,R1309520,,,False,400,42611,,
3601236,,431,2018-01-01 00:00:00,,1011,6112110000,,,,1,R1309520,,,False,400,43049,,
3601237,,431,2018-01-01 00:00:00,,1011,6112120000,,,,1,R1309520,,,False,400,43050,,
3601238,,431,2018-01-01 00:00:00,,1011,6301100000,,,,1,R1309520,,,False,400,43613,,
3601239,,431,2018-01-01 00:00:00,,1011,6301301000,,,,1,R1309520,,,False,400,43624,,
3601240,,431,2018-01-01 00:00:00,,1011,6402190000,,,,1,R1309520,,,False,400,43871,,
3601241,,431,2018-01-01 00:00:00,,1011,6402200000,,,,1,R1309520,,,False,400,43874,,
3601242,,431,2018-01-01 00:00:00,,1011,6402911000,,,,1,R1309520,,,False,400,87514,,
3601243,,431,2018-01-01 00:00:00,,1011,6402990500,,,,1,R1309520,,,False,400,87515,,
3601244,,431,2018-01-01 00:00:00,,1011,6402991000,,,,1,R1309520,,,False,400,43883,,
3601245,,431,2018-01-01 00:00:00,,1011,6402993100,,,,1,R1309520,,,False,400,43888,,
3601246,,431,2018-01-01 00:00:00,,1011,6404110000,,,,1,R1309520,,,False,400,44036,,
3601247,,431,2018-01-01 00:00:00,,1011,6404191000,,,,1,R1309520,,,False,400,44040,,
3601248,,431,2018-01-01 00:00:00,,1011,6405209100,,,,1,R1309520,,,False,400,44054,,
3601249,,431,2018-01-01 00:00:00,,1011,8517120000,,,,1,R1309520,,,False,400,86728,,
3601251,,431,2018-01-01 00:00:00,,1011,6115210000,,,,1,R1309520,,,False,400,87304,,
3601252,,430,2018-01-01 00:00:00,,1011,0304410010,,,,1,R1309520,,,False,400,95031,,
3601253,,430,2018-01-01 00:00:00,,1011,0406900000,,,,1,R1309520,,,False,400,29751,,
3601254,,430,2018-01-01 00:00:00,,1011,0703200000,,,,1,R1309520,,,False,400,30310,,
3601255,,430,2018-01-01 00:00:00,,1011,0803901000,,,,1,R1309520,,,False,400,94489,,
3601256,,430,2018-01-01 00:00:00,,1011,0810500000,,,,1,R1309520,,,False,400,59476,,
3601258,,430,2018-01-01 00:00:00,,1011,4202111000,,,,1,R1309520,,,False,400,39812,,
3601259,,430,2018-01-01 00:00:00,,1011,6101200000,,,,1,R1309520,,,False,400,42803,,
3601260,,430,2018-01-01 00:00:00,,1011,6102200000,,,,1,R1309520,,,False,400,42818,,
3601261,,430,2018-01-01 00:00:00,,1011,6109100010,,,,1,R1309520,,,False,400,99290,,
3601262,,430,2018-01-01 00:00:00,,1011,6110120000,,,,1,R1309520,,,False,400,73982,,
3601263,,430,2018-01-01 00:00:00,,1011,8703211000,,,,1,R1309520,,,False,400,53061,,
3601264,,430,2018-01-01 00:00:00,,1011,8703221000,,,,1,R1309520,,,False,400,71021,,
3601265,,430,2018-01-01 00:00:00,,1011,8703231900,,,,1,R1309520,,,False,400,53073,,
3601266,,430,2018-01-01 00:00:00,,1011,8703241000,,,,1,R1309520,,,False,400,53076,,
3601267,,430,2018-01-01 00:00:00,,1011,8703311000,,,,1,R1309520,,,False,400,53080,,
3601268,,430,2018-01-01 00:00:00,,1011,8703321900,,,,1,R1309520,,,False,400,53086,,
3601269,,430,2018-01-01 00:00:00,,1011,8703331900,,,,1,R1309520,,,False,400,53096,,
3601270,,430,2018-01-01 00:00:00,,1011,8711300000,,,,1,R1309520,,,False,400,53261,,
3601271,,431,2018-01-01 00:00:00,,1011,6109100010,,,,1,R1309520,,,False,400,99290,,
3601272,,431,2018-01-01 00:00:00,,1011,8703221000,,,,1,R1309520,,,False,400,71021,,
3601273,,431,2018-01-01 00:00:00,,1011,8703231900,,,,1,R1309520,,,False,400,53073,,
3601274,,431,2018-01-01 00:00:00,,1011,8703241000,,,,1,R1309520,,,False,400,53076,,
3601275,,431,2018-01-01 00:00:00,,1011,8703311000,,,,1,R1309520,,,False,400,53080,,
3601276,,431,2018-01-01 00:00:00,,1011,8703321900,,,,1,R1309520,,,False,400,53086,,
3601277,,431,2018-01-01 00:00:00,,1011,8703331900,,,,1,R1309520,,,False,400,53096,,
3601278,,482,2018-01-01 00:00:00,,1011,2001100000,,,,1,R1309521,,,False,400,33380,,
3601279,,482,2018-01-01 00:00:00,,1011,2003100000,,,,1,R1309521,,,False,400,33511,,
3601280,,482,2018-01-01 00:00:00,,1011,2005700000,,,,1,R1309521,,,False,400,33631,,
3601281,,482,2018-01-01 00:00:00,,1011,2103903000,,,,1,R1309521,,,False,400,34537,,
3601282,,482,2018-01-01 00:00:00,,1011,2106902000,,,,1,R1309521,,,False,400,59521,,
3601283,,482,2018-01-01 00:00:00,,1011,2202000000,,,,1,R1309521,,,False,400,34638,,
3601284,,482,2018-01-01 00:00:00,,1011,2203000000,,,,1,R1309521,,,False,400,34648,,
3601285,,482,2018-01-01 00:00:00,,1011,2204000000,,,,1,R1309521,,,False,400,34654,,
3601286,,482,2018-01-01 00:00:00,,1011,2205000000,,,,1,R1309521,,,False,400,34941,,
3601287,,482,2018-01-01 00:00:00,,1011,2206000000,,,,1,R1309521,,,False,400,34948,,
3601288,,482,2018-01-01 00:00:00,,1011,2207100000,,,,1,R1309521,,,False,400,34967,,
3601289,,482,2018-01-01 00:00:00,,1011,2207200012,,,,1,R1309521,,,False,400,97654,,
3601290,,482,2018-01-01 00:00:00,,1011,2207200017,,,,1,R1309521,,,False,400,97655,,
3601291,,482,2018-01-01 00:00:00,,1011,2207200019,,,,1,R1309521,,,False,400,99847,,
3601292,,482,2018-01-01 00:00:00,,1011,2207200090,,,,1,R1309521,,,False,400,99848,,
3601293,,482,2018-01-01 00:00:00,,1011,2208201200,,,,1,R1309521,,,False,400,34990,,
3601294,,482,2018-01-01 00:00:00,,1011,2208201400,,,,1,R1309521,,,False,400,34991,,
3601295,,482,2018-01-01 00:00:00,,1011,2208202600,,,,1,R1309521,,,False,400,34993,,
3601296,,482,2018-01-01 00:00:00,,1011,2208202700,,,,1,R1309521,,,False,400,59522,,
3601297,,482,2018-01-01 00:00:00,,1011,2208202900,,,,1,R1309521,,,False,400,59523,,
3601298,,482,2018-01-01 00:00:00,,1011,2208204000,,,,1,R1309521,,,False,400,34996,,
3601299,,482,2018-01-01 00:00:00,,1011,2208206200,,,,1,R1309521,,,False,400,34998,,
3601300,,482,2018-01-01 00:00:00,,1011,2208206400,,,,1,R1309521,,,False,400,34999,,
3601301,,482,2018-01-01 00:00:00,,1011,2208208600,,,,1,R1309521,,,False,400,35000,,
3601302,,482,2018-01-01 00:00:00,,1011,2208208700,,,,1,R1309521,,,False,400,59524,,
3601303,,482,2018-01-01 00:00:00,,1011,2208208900,,,,1,R1309521,,,False,400,59525,,
3601304,,482,2018-01-01 00:00:00,,1011,2208300000,,,,1,R1309521,,,False,400,35006,,
3601305,,482,2018-01-01 00:00:00,,1011,2208401100,,,,1,R1309521,,,False,400,69075,,
3601306,,482,2018-01-01 00:00:00,,1011,2208403100,,,,1,R1309521,,,False,400,69077,,
3601307,,482,2018-01-01 00:00:00,,1011,2208403900,,,,1,R1309521,,,False,400,69078,,
3601308,,482,2018-01-01 00:00:00,,1011,2208405100,,,,1,R1309521,,,False,400,69080,,
3601309,,482,2018-01-01 00:00:00,,1011,2208409100,,,,1,R1309521,,,False,400,69082,,
3601310,,482,2018-01-01 00:00:00,,1011,2208409900,,,,1,R1309521,,,False,400,69083,,
3601311,,482,2018-01-01 00:00:00,,1011,2208500000,,,,1,R1309521,,,False,400,35025,,
3601312,,482,2018-01-01 00:00:00,,1011,2208601100,,,,1,R1309521,,,False,400,59528,,
3601313,,482,2018-01-01 00:00:00,,1011,2208601900,,,,1,R1309521,,,False,400,59529,,
3601314,,482,2018-01-01 00:00:00,,1011,2208609100,,,,1,R1309521,,,False,400,59531,,
3601315,,482,2018-01-01 00:00:00,,1011,2208609900,,,,1,R1309521,,,False,400,59532,,
3601316,,482,2018-01-01 00:00:00,,1011,2208700000,,,,1,R1309521,,,False,400,59533,,
3601317,,482,2018-01-01 00:00:00,,1011,2208901100,,,,1,R1309521,,,False,400,35034,,
3601318,,482,2018-01-01 00:00:00,,1011,2208901900,,,,1,R1309521,,,False,400,35035,,
3601319,,482,2018-01-01 00:00:00,,1011,2208903300,,,,1,R1309521,,,False,400,63261,,
3601320,,482,2018-01-01 00:00:00,,1011,2208903800,,,,1,R1309521,,,False,400,35044,,
3601321,,482,2018-01-01 00:00:00,,1011,2208904100,,,,1,R1309521,,,False,400,35048,,
3601322,,482,2018-01-01 00:00:00,,1011,2208904500,,,,1,R1309521,,,False,400,35052,,
3601323,,482,2018-01-01 00:00:00,,1011,2208904800,,,,1,R1309521,,,False,400,35053,,
3601324,,482,2018-01-01 00:00:00,,1011,2208905400,,,,1,R1309521,,,False,400,76086,,
3601325,,482,2018-01-01 00:00:00,,1011,2208905600,,,,1,R1309521,,,False,400,76087,,
3601326,,482,2018-01-01 00:00:00,,1011,2208906900,,,,1,R1309521,,,False,400,35090,,
3601327,,482,2018-01-01 00:00:00,,1011,2208907100,,,,1,R1309521,,,False,400,35095,,
3601328,,482,2018-01-01 00:00:00,,1011,2208907500,,,,1,R1309521,,,False,400,76088,,
3601329,,482,2018-01-01 00:00:00,,1011,2208907700,,,,1,R1309521,,,False,400,76089,,
3601330,,482,2018-01-01 00:00:00,,1011,2208907800,,,,1,R1309521,,,False,400,59537,,
3601331,,482,2018-01-01 00:00:00,,1011,2208909100,,,,1,R1309521,,,False,400,35112,,
3601332,,482,2018-01-01 00:00:00,,1011,2208909900,,,,1,R1309521,,,False,400,35115,,
3601333,,482,2018-01-01 00:00:00,,1011,2209000000,,,,1,R1309521,,,False,400,35118,,
3601334,,482,2018-01-01 00:00:00,,1011,2402100000,,,,1,R1309521,,,False,400,35284,,
3601335,,482,2018-01-01 00:00:00,,1011,2402200000,,,,1,R1309521,,,False,400,35285,,
3601336,,482,2018-01-01 00:00:00,,1011,4011100000,,,,1,R1309521,,,False,400,39616,,
3601337,,482,2018-01-01 00:00:00,,1011,4011200000,,,,1,R1309521,,,False,400,39617,,
3601338,,482,2018-01-01 00:00:00,,1011,4011300000,,,,1,R1309521,,,False,400,39620,,
3601339,,482,2018-01-01 00:00:00,,1011,4011700000,,,,1,R1309521,,,False,400,102160,,
3601340,,482,2018-01-01 00:00:00,,1011,4011800000,,,,1,R1309521,,,False,400,102161,,
3601341,,482,2018-01-01 00:00:00,,1011,4012110000,,,,1,R1309521,,,False,400,73560,,
3601342,,482,2018-01-01 00:00:00,,1011,4012120000,,,,1,R1309521,,,False,400,73561,,
3601343,,482,2018-01-01 00:00:00,,1011,4012130000,,,,1,R1309521,,,False,400,73563,,
3601344,,482,2018-01-01 00:00:00,,1011,9101000000,,,,1,R1309521,,,False,400,54015,,
3601345,,482,2018-01-01 00:00:00,,1011,9102000000,,,,1,R1309521,,,False,400,54034,,
3609685,,483,2015-01-01 00:00:00,,1011,2009899721,,,,1,R1209279,,,False,400,99059,,
3609686,,483,2015-01-01 00:00:00,,1011,2009899729,,,,1,R1209279,,,False,400,99060,,
3623749,,482,2018-02-15 00:00:00,,1011,4412390010,,,,1,R1209279,,,False,400,86213,,
3623750,,482,2018-02-15 00:00:00,,1011,4412998510,,,,1,R1209279,,,False,400,91692,,
3625835,,430,2018-01-01 00:00:00,,1011,4011100000,,,,1,R1309520,,,False,400,39616,,
3643741,,482,2018-07-01 00:00:00,2018-12-31 00:00:00,1011,5603149050,,,,4,R1809148,4,R1820690,False,400,103895,,
3643742,,482,2018-07-01 00:00:00,,1011,7020001020,,,,4,R1809148,,,False,400,103590,,
3643743,,482,2018-07-01 00:00:00,,1011,7326909240,,,,4,R1809148,,,False,400,103897,,
3643744,,482,2018-07-01 00:00:00,,1011,8108200055,,,,4,R1809148,,,False,400,103629,,
3643745,,482,2018-07-01 00:00:00,,1011,8108200070,,,,4,R1809148,,,False,400,103608,,
3643746,,482,2018-07-01 00:00:00,,1011,8483409020,,,,4,R1809148,,,False,400,103619,,
3643747,,482,2018-07-01 00:00:00,,1011,8505199050,,,,4,R1809148,,,False,400,103623,,
3643748,,482,2018-07-01 00:00:00,,1011,5311009010,,,,4,R1809148,,,False,400,104018,,
3643751,,482,2018-07-01 00:00:00,,1011,5906999020,,,,4,R1809138,,,False,400,100485,,
3660938,,430,2018-12-10 00:00:00,2019-02-03 00:00:00,5001,7208100000,,,,1,R1309520,1,R1810131,False,491,60036,,
3660939,,430,2018-12-10 00:00:00,2019-02-03 00:00:00,5001,7208250000,,,,1,R1309520,1,R1810131,False,491,60038,,
3660940,,430,2018-12-10 00:00:00,2019-02-03 00:00:00,5001,7208260000,,,,1,R1309520,1,R1810131,False,491,60039,,
3660941,,430,2018-12-10 00:00:00,2019-02-03 00:00:00,5001,7208270000,,,,1,R1309520,1,R1810131,False,491,60040,,
3660942,,430,2018-12-10 00:00:00,2019-02-03 00:00:00,5001,7208360000,,,,1,R1309520,1,R1810131,False,491,60042,,
3660943,,430,2018-12-10 00:00:00,2019-02-03 00:00:00,5001,7208370000,,,,1,R1309520,1,R1810131,False,491,60043,,
3660944,,430,2018-12-10 00:00:00,2019-02-03 00:00:00,5001,7208380000,,,,1,R1309520,1,R1810131,False,491,60046,,
3660945,,430,2018-12-10 00:00:00,2019-02-03 00:00:00,5001,7208390000,,,,1,R1309520,1,R1810131,False,491,60049,,
3660946,,430,2018-12-10 00:00:00,2019-02-03 00:00:00,5001,7208400000,,,,1,R1309520,1,R1810131,False,491,60052,,
3660947,,430,2018-12-10 00:00:00,2019-02-03 00:00:00,5001,7208521000,,,,1,R1309520,1,R1810131,False,491,80953,,
3660948,,430,2018-12-10 00:00:00,2019-02-03 00:00:00,5001,7208529900,,,,1,R1309520,1,R1810131,False,491,80970,,
3660949,,430,2018-12-10 00:00:00,2019-02-03 00:00:00,5001,7208530000,,,,1,R1309520,1,R1810131,False,491,60069,,
3660950,,430,2018-12-10 00:00:00,2019-02-03 00:00:00,5001,7208540000,,,,1,R1309520,1,R1810131,False,491,60072,,
3660951,,430,2018-12-10 00:00:00,2019-02-03 00:00:00,5001,7211130000,,,,1,R1309520,1,R1810131,False,491,60111,,
3660952,,430,2018-12-10 00:00:00,2019-02-03 00:00:00,5001,7211140000,,,,1,R1309520,1,R1810131,False,491,60112,,
3660953,,430,2018-12-10 00:00:00,2019-02-03 00:00:00,5001,7211190000,,,,1,R1309520,1,R1810131,False,491,45319,,
3660954,,430,2018-12-10 00:00:00,2019-02-03 00:00:00,5001,7212600000,,,,1,R1309520,1,R1810131,False,491,45490,,
3660955,,430,2018-12-10 00:00:00,2019-02-03 00:00:00,5001,7225191000,,,,1,R1309520,1,R1810131,False,491,60255,,
3660956,,430,2018-12-10 00:00:00,2019-02-03 00:00:00,5001,7225300000,,,,1,R1309520,1,R1810131,False,491,45896,,
3660957,,430,2018-12-10 00:00:00,2019-02-03 00:00:00,5001,7226191000,,,,1,R1309520,1,R1810131,False,491,60274,,
3660958,,430,2018-12-10 00:00:00,2019-02-03 00:00:00,5001,7226910000,,,,1,R1309520,1,R1810131,False,491,45941,,
3660978,,430,2018-12-10 00:00:00,2019-02-03 00:00:00,5001,7226200000,,,,1,R1309520,1,R1810131,False,491,45924,,
3660979,,430,2018-12-10 00:00:00,2019-02-03 00:00:00,5001,7226920000,,,,1,R1309520,1,R1810131,False,491,45944,,
3660980,,430,2018-12-10 00:00:00,2019-02-03 00:00:00,5001,7225990000,,,,1,R1309520,1,R1810131,False,491,60266,,
3660981,,430,2018-12-10 00:00:00,2019-02-03 00:00:00,5001,7225500000,,,,1,R1309520,1,R1810131,False,491,45903,,
3660982,,430,2018-12-10 00:00:00,2019-02-03 00:00:00,5001,7211900000,,,,1,R1309520,1,R1810131,False,491,45427,,
3660983,,430,2018-12-10 00:00:00,2019-02-03 00:00:00,5001,7211290000,,,,1,R1309520,1,R1810131,False,491,45373,,
3660984,,430,2018-12-10 00:00:00,2019-02-03 00:00:00,5001,7211230000,,,,1,R1309520,1,R1810131,False,491,60118,,
3660985,,430,2018-12-10 00:00:00,2019-02-03 00:00:00,5001,7209900000,,,,1,R1309520,1,R1810131,False,491,45239,,
3660986,,430,2018-12-10 00:00:00,2019-02-03 00:00:00,5001,7209289000,,,,1,R1309520,1,R1810131,False,491,60098,,
3660987,,430,2018-12-10 00:00:00,2019-02-03 00:00:00,5001,7209279000,,,,1,R1309520,1,R1810131,False,491,60095,,
3660988,,430,2018-12-10 00:00:00,2019-02-03 00:00:00,5001,7209269000,,,,1,R1309520,1,R1810131,False,491,60092,,
3660990,,430,2018-12-10 00:00:00,2019-02-03 00:00:00,5001,7209250000,,,,1,R1309520,1,R1810131,False,491,60089,,
3660991,,430,2018-12-10 00:00:00,2019-02-03 00:00:00,5001,7209189100,,,,1,R1309520,1,R1810131,False,491,60086,,
3660992,,430,2018-12-10 00:00:00,2019-02-03 00:00:00,5001,7209179000,,,,1,R1309520,1,R1810131,False,491,60082,,
3660993,,430,2018-12-10 00:00:00,2019-02-03 00:00:00,5001,7209169000,,,,1,R1309520,1,R1810131,False,491,60079,,
3660994,,430,2018-12-10 00:00:00,2019-02-03 00:00:00,5001,7209150000,,,,1,R1309520,1,R1810131,False,491,60076,,
3661080,,430,2018-12-10 00:00:00,2019-02-03 00:00:00,5001,7209161000,,,,1,R1309520,1,R1810131,False,491,60078,,
3661081,,430,2018-12-10 00:00:00,2019-02-03 00:00:00,5001,7209171000,,,,1,R1309520,1,R1810131,False,491,60081,,
3661082,,430,2018-12-10 00:00:00,2019-02-03 00:00:00,5001,7209181000,,,,1,R1309520,1,R1810131,False,491,60084,,
3661083,,430,2018-12-10 00:00:00,2019-02-03 00:00:00,5001,7209261000,,,,1,R1309520,1,R1810131,False,491,60091,,
3661084,,430,2018-12-10 00:00:00,2019-02-03 00:00:00,5001,7209271000,,,,1,R1309520,1,R1810131,False,491,60094,,
3661085,,430,2018-12-10 00:00:00,2019-02-03 00:00:00,5001,7209281000,,,,1,R1309520,1,R1810131,False,491,60097,,
3661086,,430,2018-12-10 00:00:00,2019-02-03 00:00:00,5001,7225199000,,,,1,R1309520,1,R1810131,False,491,60256,,
3661087,,430,2018-12-10 00:00:00,2019-02-03 00:00:00,5001,7226198000,,,,1,R1309520,1,R1810131,False,491,78004,,
3661088,,430,2018-12-10 00:00:00,2019-02-03 00:00:00,5001,7210200000,,,,1,R1309520,1,R1810131,False,491,45252,,
3661089,,430,2018-12-10 00:00:00,2019-02-03 00:00:00,5001,7210300000,,,,1,R1309520,1,R1810131,False,491,60099,,
3661090,,430,2018-12-10 00:00:00,2019-02-03 00:00:00,5001,7210410000,,,,1,R1309520,1,R1810131,False,491,45263,,
3661091,,430,2018-12-10 00:00:00,2019-02-03 00:00:00,5001,7210490000,,,,1,R1309520,1,R1810131,False,491,45266,,
3661092,,430,2018-12-10 00:00:00,2019-02-03 00:00:00,5001,7210610000,,,,1,R1309520,1,R1810131,False,491,60103,,
3661093,,430,2018-12-10 00:00:00,2019-02-03 00:00:00,5001,7210690000,,,,1,R1309520,1,R1810131,False,491,60106,,
3661094,,430,2018-12-10 00:00:00,2019-02-03 00:00:00,5001,7210908000,,,,1,R1309520,1,R1810131,False,491,78889,,
3661095,,430,2018-12-10 00:00:00,2019-02-03 00:00:00,5001,7212200000,,,,1,R1309520,1,R1810131,False,491,60129,,
3661096,,430,2018-12-10 00:00:00,2019-02-03 00:00:00,5001,7212300000,,,,1,R1309520,1,R1810131,False,491,45453,,
3661097,,430,2018-12-10 00:00:00,2019-02-03 00:00:00,5001,7212500000,,,,1,R1309520,1,R1810131,False,491,45470,,
3661098,,430,2018-12-10 00:00:00,2019-02-03 00:00:00,5001,7225910000,,,,1,R1309520,1,R1810131,False,491,60260,,
3661099,,430,2018-12-10 00:00:00,2019-02-03 00:00:00,5001,7225920000,,,,1,R1309520,1,R1810131,False,491,60263,,
3661100,,430,2018-12-10 00:00:00,2019-02-03 00:00:00,5001,7226990000,,,,1,R1309520,1,R1810131,False,491,45950,,
3661101,,430,2018-12-10 00:00:00,2019-02-03 00:00:00,5001,7210708000,,,,1,R1309520,1,R1810131,False,491,78784,,
3661102,,430,2018-12-10 00:00:00,2019-02-03 00:00:00,5001,7212408000,,,,1,R1309520,1,R1810131,False,491,78355,,
3661103,,430,2018-12-10 00:00:00,2019-02-03 00:00:00,5001,7209189900,,,,1,R1309520,1,R1810131,False,491,60087,,
3661104,,430,2018-12-10 00:00:00,2019-02-03 00:00:00,5001,7210110000,,,,1,R1309520,1,R1810131,False,491,45244,,
3661105,,430,2018-12-10 00:00:00,2019-02-03 00:00:00,5001,7210120000,,,,1,R1309520,1,R1810131,False,491,45247,,
3661106,,430,2018-12-10 00:00:00,2019-02-03 00:00:00,5001,7210500000,,,,1,R1309520,1,R1810131,False,491,45269,,
3661107,,430,2018-12-10 00:00:00,2019-02-03 00:00:00,5001,7210701000,,,,1,R1309520,1,R1810131,False,491,78745,,
3661108,,430,2018-12-10 00:00:00,2019-02-03 00:00:00,5001,7210904000,,,,1,R1309520,1,R1810131,False,491,78888,,
3661109,,430,2018-12-10 00:00:00,2019-02-03 00:00:00,5001,7212100000,,,,1,R1309520,1,R1810131,False,491,45433,,
3661110,,430,2018-12-10 00:00:00,2019-02-03 00:00:00,5001,7212402000,,,,1,R1309520,1,R1810131,False,491,78354,,
3661111,,430,2018-12-10 00:00:00,2019-02-03 00:00:00,5001,7208510000,,,,1,R1309520,1,R1810131,False,491,60056,,
3661112,,430,2018-12-10 00:00:00,2019-02-03 00:00:00,5001,7208529100,,,,1,R1309520,1,R1810131,False,491,80969,,
3661113,,430,2018-12-10 00:00:00,2019-02-03 00:00:00,5001,7208900000,,,,1,R1309520,1,R1810131,False,491,45189,,
3661114,,430,2018-12-10 00:00:00,2019-02-03 00:00:00,5001,7210903000,,,,1,R1309520,1,R1810131,False,491,78886,,
3661115,,430,2018-12-10 00:00:00,2019-02-03 00:00:00,5001,7225401200,,,,1,R1309520,1,R1810131,False,491,77921,,
3661117,,430,2018-12-10 00:00:00,2019-02-03 00:00:00,5001,7225401500,,,,1,R1309520,1,R1810131,False,491,86505,,
3661118,,430,2018-12-10 00:00:00,2019-02-03 00:00:00,5001,7225409000,,,,1,R1309520,1,R1810131,False,491,77946,,
3661119,,430,2018-12-10 00:00:00,2019-02-03 00:00:00,5001,7225404000,,,,1,R1309520,1,R1810131,False,491,77935,,
3661120,,430,2018-12-10 00:00:00,2019-02-03 00:00:00,5001,7225406000,,,,1,R1309520,1,R1810131,False,491,77945,,
3661121,,430,2018-12-10 00:00:00,2019-02-03 00:00:00,5001,7219110000,,,,1,R1309520,1,R1810131,False,491,45706,,
3661122,,430,2018-12-10 00:00:00,2019-02-03 00:00:00,5001,7219120000,,,,1,R1309520,1,R1810131,False,491,45709,,
3661123,,430,2018-12-10 00:00:00,2019-02-03 00:00:00,5001,7219130000,,,,1,R1309520,1,R1810131,False,491,45712,,
3661124,,430,2018-12-10 00:00:00,2019-02-03 00:00:00,5001,7219140000,,,,1,R1309520,1,R1810131,False,491,45715,,
3661125,,430,2018-12-10 00:00:00,2019-02-03 00:00:00,5001,7219220000,,,,1,R1309520,1,R1810131,False,491,45725,,
3661126,,430,2018-12-10 00:00:00,2019-02-03 00:00:00,5001,7219230000,,,,1,R1309520,1,R1810131,False,491,45728,,
3661127,,430,2018-12-10 00:00:00,2019-02-03 00:00:00,5001,7219240000,,,,1,R1309520,1,R1810131,False,491,45731,,
3661128,,430,2018-12-10 00:00:00,2019-02-03 00:00:00,5001,7220110000,,,,1,R1309520,1,R1810131,False,491,45759,,
3661129,,430,2018-12-10 00:00:00,2019-02-03 00:00:00,5001,7220120000,,,,1,R1309520,1,R1810131,False,491,45760,,
3661130,,430,2018-12-10 00:00:00,2019-02-03 00:00:00,5001,7219310000,,,,1,R1309520,1,R1810131,False,491,45735,,
3661131,,430,2018-12-10 00:00:00,2019-02-03 00:00:00,5001,7219320000,,,,1,R1309520,1,R1810131,False,491,45738,,
3661132,,430,2018-12-10 00:00:00,2019-02-03 00:00:00,5001,7219330000,,,,1,R1309520,1,R1810131,False,491,45741,,
3661133,,430,2018-12-10 00:00:00,2019-02-03 00:00:00,5001,7219340000,,,,1,R1309520,1,R1810131,False,491,45744,,
3661134,,430,2018-12-10 00:00:00,2019-02-03 00:00:00,5001,7219350000,,,,1,R1309520,1,R1810131,False,491,45747,,
3661135,,430,2018-12-10 00:00:00,2019-02-03 00:00:00,5001,7219900000,,,,1,R1309520,1,R1810131,False,491,45750,,
3661136,,430,2018-12-10 00:00:00,2019-02-03 00:00:00,5001,7220200000,,,,1,R1309520,1,R1810131,False,491,45761,,
3661137,,430,2018-12-10 00:00:00,2019-02-03 00:00:00,5001,7220900000,,,,1,R1309520,1,R1810131,False,491,45773,,
3661138,,430,2018-12-10 00:00:00,2019-02-03 00:00:00,5001,7214300000,,,,1,R1309520,1,R1810131,False,491,45524,,
3661139,,430,2018-12-10 00:00:00,2019-02-03 00:00:00,5001,7214910000,,,,1,R1309520,1,R1810131,False,491,60150,,
3661140,,430,2018-12-10 00:00:00,2019-02-03 00:00:00,5001,7214993100,,,,1,R1309520,1,R1810131,False,491,60157,,
3661141,,430,2018-12-10 00:00:00,2019-02-03 00:00:00,5001,7214993900,,,,1,R1309520,1,R1810131,False,491,60158,,
3661142,,430,2018-12-10 00:00:00,2019-02-03 00:00:00,5001,7214995000,,,,1,R1309520,1,R1810131,False,491,60159,,
3661143,,430,2018-12-10 00:00:00,2019-02-03 00:00:00,5001,7214997100,,,,1,R1309520,1,R1810131,False,491,78584,,
3661144,,430,2018-12-10 00:00:00,2019-02-03 00:00:00,5001,7214997900,,,,1,R1309520,1,R1810131,False,491,78585,,
3661145,,430,2018-12-10 00:00:00,2019-02-03 00:00:00,5001,7214999500,,,,1,R1309520,1,R1810131,False,491,78594,,
3661146,,430,2018-12-10 00:00:00,2019-02-03 00:00:00,5001,7215900000,,,,1,R1309520,1,R1810131,False,491,45551,,
3661147,,430,2018-12-10 00:00:00,2019-02-03 00:00:00,5001,7216100000,,,,1,R1309520,1,R1810131,False,491,45555,,
3661148,,430,2018-12-10 00:00:00,2019-02-03 00:00:00,5001,7216210000,,,,1,R1309520,1,R1810131,False,491,45557,,
3661149,,430,2018-12-10 00:00:00,2019-02-03 00:00:00,5001,7216220000,,,,1,R1309520,1,R1810131,False,491,45558,,
3661150,,430,2018-12-10 00:00:00,2019-02-03 00:00:00,5001,7216400000,,,,1,R1309520,1,R1810131,False,491,45625,,
3661151,,430,2018-12-10 00:00:00,2019-02-03 00:00:00,5001,7216500000,,,,1,R1309520,1,R1810131,False,491,45628,,
3661152,,430,2018-12-10 00:00:00,2019-02-03 00:00:00,5001,7216990000,,,,1,R1309520,1,R1810131,False,491,60185,,
3661153,,430,2018-12-10 00:00:00,2019-02-03 00:00:00,5001,7228102000,,,,1,R1309520,1,R1810131,False,491,78234,,
3661154,,430,2018-12-10 00:00:00,2019-02-03 00:00:00,5001,7228201000,,,,1,R1309520,1,R1810131,False,491,78275,,
3661155,,430,2018-12-10 00:00:00,2019-02-03 00:00:00,5001,7228209100,,,,1,R1309520,1,R1810131,False,491,78294,,
3661156,,430,2018-12-10 00:00:00,2019-02-03 00:00:00,5001,7228300000,,,,1,R1309520,1,R1810131,False,491,45989,,
3661157,,430,2018-12-10 00:00:00,2019-02-03 00:00:00,5001,7228600000,,,,1,R1309520,1,R1810131,False,491,46016,,
3661158,,430,2018-12-10 00:00:00,2019-02-03 00:00:00,5001,7228700000,,,,1,R1309520,1,R1810131,False,491,46022,,
3661159,,430,2018-12-10 00:00:00,2019-02-03 00:00:00,5001,7228800000,,,,1,R1309520,1,R1810131,False,491,46029,,
3661160,,430,2018-12-10 00:00:00,2019-02-03 00:00:00,5001,7214200000,,,,1,R1309520,1,R1810131,False,491,45523,,
3661161,,430,2018-12-10 00:00:00,2019-02-03 00:00:00,5001,7214991000,,,,1,R1309520,1,R1810131,False,491,60155,,
3661162,,430,2018-12-10 00:00:00,2019-02-03 00:00:00,5001,7222000000,,,,1,R1309520,1,R1810131,False,491,45785,,
3661163,,430,2018-12-10 00:00:00,2019-02-03 00:00:00,5001,7221000000,,,,1,R1309520,1,R1810131,False,491,45782,,
3661164,,430,2018-12-10 00:00:00,2019-02-03 00:00:00,5001,7213000000,,,,1,R1309520,1,R1810131,False,491,45501,,
3661165,,430,2018-12-10 00:00:00,2019-02-03 00:00:00,5001,7227000000,,,,1,R1309520,1,R1810131,False,491,45961,,
3661166,,430,2018-12-10 00:00:00,2019-02-03 00:00:00,5001,7216310000,,,,1,R1309520,1,R1810131,False,491,45560,,
3661167,,430,2018-12-10 00:00:00,2019-02-03 00:00:00,5001,7216320000,,,,1,R1309520,1,R1810131,False,491,45589,,
3661168,,430,2018-12-10 00:00:00,2019-02-03 00:00:00,5001,7216330000,,,,1,R1309520,1,R1810131,False,491,45618,,
3661169,,430,2018-12-10 00:00:00,2019-02-03 00:00:00,5001,7217000000,,,,1,R1309520,1,R1810131,False,491,45655,,
3661170,,430,2018-12-10 00:00:00,2019-02-03 00:00:00,5001,7301100000,,,,1,R1309520,1,R1810131,False,491,46041,,
3661171,,430,2018-12-10 00:00:00,2019-02-03 00:00:00,5001,7306610000,,,,1,R1309520,1,R1810131,False,491,86773,,
3661172,,430,2018-12-10 00:00:00,2019-02-03 00:00:00,5001,7305000000,,,,1,R1309520,1,R1810131,False,491,46148,,
3661173,,430,2018-12-10 00:00:00,2019-02-03 00:00:00,5001,7306304100,,,,1,R1309520,1,R1810131,False,491,83777,,
3661174,,430,2018-12-10 00:00:00,2019-02-03 00:00:00,5001,7306304900,,,,1,R1309520,1,R1810131,False,491,83784,,
3661175,,430,2018-12-10 00:00:00,2019-02-03 00:00:00,5001,7306307200,,,,1,R1309520,1,R1810131,False,491,83794,,
3661176,,430,2018-12-10 00:00:00,2019-02-03 00:00:00,5001,7306307700,,,,1,R1309520,1,R1810131,False,491,83802,,
3661177,,430,2018-12-10 00:00:00,2019-02-03 00:00:00,5001,7304110000,,,,1,R1309520,1,R1810131,False,491,86594,,
3661178,,430,2018-12-10 00:00:00,2019-02-03 00:00:00,5001,7304220000,,,,1,R1309520,1,R1810131,False,491,86607,,
3661179,,430,2018-12-10 00:00:00,2019-02-03 00:00:00,5001,7304240000,,,,1,R1309520,1,R1810131,False,491,86609,,
3661180,,430,2018-12-10 00:00:00,2019-02-03 00:00:00,5001,7304410000,,,,1,R1309520,1,R1810131,False,491,46098,,
3661181,,430,2018-12-10 00:00:00,2019-02-03 00:00:00,5001,7304490000,,,,1,R1309520,1,R1810131,False,491,46103,,
3661182,,430,2018-12-10 00:00:00,2019-02-03 00:00:00,5001,7304511200,,,,1,R1309520,1,R1810131,False,491,78632,,
3661183,,430,2018-12-10 00:00:00,2019-02-03 00:00:00,5001,7304511800,,,,1,R1309520,1,R1810131,False,491,78704,,
3661184,,430,2018-12-10 00:00:00,2019-02-03 00:00:00,5001,7304593200,,,,1,R1309520,1,R1810131,False,491,78754,,
3661185,,430,2018-12-10 00:00:00,2019-02-03 00:00:00,5001,7304593800,,,,1,R1309520,1,R1810131,False,491,78764,,
3661186,,430,2018-12-10 00:00:00,2019-02-03 00:00:00,5001,7306110000,,,,1,R1309520,1,R1810131,False,491,86745,,
3661187,,430,2018-12-10 00:00:00,2019-02-03 00:00:00,5001,7306190000,,,,1,R1309520,1,R1810131,False,491,86748,,
3661188,,430,2018-12-10 00:00:00,2019-02-03 00:00:00,5001,7306210000,,,,1,R1309520,1,R1810131,False,491,86761,,
3661189,,430,2018-12-10 00:00:00,2019-02-03 00:00:00,5001,7306290000,,,,1,R1309520,1,R1810131,False,491,86762,,
3661190,,430,2018-12-10 00:00:00,2019-02-03 00:00:00,5001,7306301100,,,,1,R1309520,1,R1810131,False,491,83761,,
3661191,,430,2018-12-10 00:00:00,2019-02-03 00:00:00,5001,7306301900,,,,1,R1309520,1,R1810131,False,491,83774,,
3661192,,430,2018-12-10 00:00:00,2019-02-03 00:00:00,5001,7306308000,,,,1,R1309520,1,R1810131,False,491,83812,,
3661193,,430,2018-12-10 00:00:00,2019-02-03 00:00:00,5001,7306400000,,,,1,R1309520,1,R1810131,False,491,46195,,
3661194,,430,2018-12-10 00:00:00,2019-02-03 00:00:00,5001,7306500000,,,,1,R1309520,1,R1810131,False,491,46204,,
3661195,,430,2018-12-10 00:00:00,2019-02-03 00:00:00,5001,7306690000,,,,1,R1309520,1,R1810131,False,491,86776,,
3661196,,430,2018-12-10 00:00:00,2019-02-03 00:00:00,5001,7306900000,,,,1,R1309520,1,R1810131,False,491,46222,,
3667710,,482,2019-01-01 00:00:00,2019-03-29 00:00:00,1011,3901400010,,,,4,C1800238,4,C1800238,False,400,104236,,
3667712,,482,2019-01-01 00:00:00,2019-03-29 00:00:00,1011,3901400020,,,,4,C1800238,4,C1800238,False,400,104237,,
3667756,,482,2019-01-01 00:00:00,2019-03-29 00:00:00,1011,3901400030,,,,4,C1800238,4,C1800238,False,400,104235,,
3667787,,482,2019-01-01 00:00:00,2019-03-29 00:00:00,1011,5603111010,,,,4,C1800238,4,C1800238,False,400,61263,,
3667788,,482,2019-01-01 00:00:00,2019-03-29 00:00:00,1011,5603119010,,,,4,C1800238,4,C1800238,False,400,61266,,
3667789,,482,2019-01-01 00:00:00,2019-03-29 00:00:00,1011,5603121010,,,,4,C1800238,4,C1800238,False,400,61268,,
3667790,,482,2019-01-01 00:00:00,2019-03-29 00:00:00,1011,5603129010,,,,4,C1800238,4,C1800238,False,400,61271,,
3667791,,482,2019-01-01 00:00:00,2019-03-29 00:00:00,1011,5603911010,,,,4,C1800238,4,C1800238,False,400,61286,,
3667792,,482,2019-01-01 00:00:00,2019-03-29 00:00:00,1011,5603919010,,,,4,C1800238,4,C1800238,False,400,61289,,
3667793,,482,2019-01-01 00:00:00,2019-03-29 00:00:00,1011,5603921010,,,,4,C1800238,4,C1800238,False,400,61291,,
3667794,,482,2019-01-01 00:00:00,2019-03-29 00:00:00,1011,5603929010,,,,4,C1800238,4,C1800238,False,400,61294,,
3667795,,482,2019-01-01 00:00:00,2019-03-29 00:00:00,1011,5603129060,,,,4,C1800238,4,C1800238,False,400,71120,,
3667796,,482,2019-01-01 00:00:00,2019-03-29 00:00:00,1011,5603139060,,,,4,C1800238,4,C1800238,False,400,71121,,
3667797,,482,2019-01-01 00:00:00,2019-03-29 00:00:00,1011,5603129070,,,,4,C1800238,4,C1800238,False,400,74761,,
3667798,,482,2019-01-01 00:00:00,2019-03-29 00:00:00,1011,5603139070,,,,4,C1800238,4,C1800238,False,400,74762,,
3667799,,482,2019-01-01 00:00:00,2019-03-29 00:00:00,1011,5603929040,,,,4,C1800238,4,C1800238,False,400,61297,,
3667800,,482,2019-01-01 00:00:00,2019-03-29 00:00:00,1011,5603939010,,,,4,C1800238,4,C1800238,False,400,61301,,
3667801,,482,2019-01-01 00:00:00,2019-03-29 00:00:00,1011,5603929080,,,,4,C1800238,4,C1800238,False,400,93858,,
3667802,,482,2019-01-01 00:00:00,2019-03-29 00:00:00,1011,5603939050,,,,4,C1800238,4,C1800238,False,400,93859,,
3667803,,482,2019-01-01 00:00:00,2019-03-29 00:00:00,1011,5603939060,,,,4,C1800238,4,C1800238,False,400,98406,,
3667838,,482,2019-01-01 00:00:00,2019-03-29 00:00:00,1011,8108200040,,,,4,C1800238,4,C1800238,False,400,99929,,
3667839,,482,2019-01-01 00:00:00,2019-03-29 00:00:00,1011,8108200060,,,,4,C1800238,4,C1800238,False,400,99931,,
3667843,,482,2019-01-01 00:00:00,2019-03-29 00:00:00,1011,8479899785,,,,4,C1800238,4,C1800238,False,400,99593,,
3667845,,482,2019-01-01 00:00:00,2019-03-29 00:00:00,1011,8507600033,,,,4,C1800238,4,C1800238,False,400,99600,,
3667846,,482,2019-01-01 00:00:00,2019-03-29 00:00:00,1011,8507600037,,,,4,C1800238,4,C1800238,False,400,99601,,
3667847,,482,2019-01-01 00:00:00,2019-03-29 00:00:00,1011,8507600043,,,,4,C1800238,4,C1800238,False,400,99603,,
3667848,,482,2019-01-01 00:00:00,2019-03-29 00:00:00,1011,8507600047,,,,4,C1800238,4,C1800238,False,400,99602,,
3667849,,482,2019-01-01 00:00:00,2019-03-29 00:00:00,1011,8507600053,,,,4,C1800238,4,C1800238,False,400,99657,,
3667850,,482,2019-01-01 00:00:00,2019-03-29 00:00:00,1011,8507600071,,,,4,C1800238,4,C1800238,False,400,99995,,
3667851,,482,2019-01-01 00:00:00,2019-03-29 00:00:00,1011,8507600085,,,,4,C1800238,4,C1800238,False,400,99226,,
