{
    "critical_date": "2019-10-31",
    "dbase": "tariff_uk",
    "dbase_eu": "tariff_eu",
    "dbase_migrate_measures": "tariff_staging",
    "dbase_uk": "tariff_uk",
    "dbase_uktt": "bit_zesty_190405",
    "debug": 1,
    "last_transaction_id": 191910,
    "meursing_list": "12, 13, 14, 21, 25, 27, 29",
    "minimum_sids": {
        "additional.code.description.periods": 20000,
        "additional.codes": 20000,
        "certificate.description.periods": 10000,
        "footnote.description.periods": 200000,
        "geographical.area.description.periods": 10000,
        "geographical.areas": 10000,
        "goods.nomenclature": 200000,
        "goods.nomenclature.description.periods": 201230,
        "goods.nomenclature.indents": 200000,
        "measure.conditions": 2164710,
        "measures": 5365241,
        "quota.blocking.periods": 1000,
        "quota.definitions": 20548,
        "quota.order.number.origins": 10029,
        "quota.order.numbers": 10029,
        "quota.suspension.periods": 1000
    },
    "p": "zanzibar",
    "reference_authorised_relief_document": 1,
    "remove_Meursing": 1,
    "remove_SIVs": 1,
    "xdbase": "tariff_staging",
    "xdbase_migrate_measures": "tariff_staging"
}