{
    "regulation_profiles": {
        "complete": {
            "dest": "base_regulations_complete.xml",
            "source": "base_regulations_complete.xlsm"
        },
        "ftas": {
            "dest": "base_regulations_ftas.xml",
            "source": "base_regulations_ftas.xlsm"
        },
        "generic": {
            "dest": "base_regulations_generic.xml",
            "source": "base_regulations_generic.xlsm"
        },
        "generic2": {
            "dest": "base_regulations_generic2.xml",
            "source": "base_regulations_generic2.xlsm"
        },
        "import_export": {
            "dest": "base_regulations_import_export.xml",
            "source": "base_regulations_import_export.xlsm"
        },
        "import_export2": {
            "dest": "base_regulations_import_export2.xml",
            "source": "base_regulations_import_export2.xlsm"
        },
        "national_pandr": {
            "dest": "base_regulations_national_pandr.xml",
            "source": "base_regulations_national_pandr.xlsm"
        },
        "trade_remedies": {
            "dest": "base_regulations_trade_remedies.xml",
            "source": "base_regulations_trade_remedies.xlsm"
        },
        "oct": {
            "dest": "base_regulations_trade_oct.xml",
            "source": "base_regulations_oct.xlsm"
        },
        "safeguard": {
            "dest": "reg_safeguard.xml",
            "source": "base_regulations_steel_safeguard.xlsm"
        },
        "gsp": {
            "dest": "reg_gsp.xml",
            "source": "base_regulations_gsp.xlsm"
        }
    }
}