{
    "authorised_use_terms": [
        "%processing%",
        "%for the manufacture of%",
        "%for use in%",
        "%for use on%",
        "%for civil use%",
        "%for technical or industrial uses%",
        "crude",
        "%for industrial uses%",
        "%for other purposes%",
        "for refining",
        "%for seagoing vessels%",
        "%for slaughter%",
        "%for the industrial assembly%",
        "%for the industrial manufacture%",
        "%for the production%",
        "%for undergoing a specific process%",
        "%for undergoing chemical transformation%",
        "for uses other than the production of oil",
        "Gilled and gutted",
        "%intended to be fitted%",
        "%intermediate products%",
        "%of apparatus of subheading%",
        "Other (for example, 'heads off')",
        "reciprocating compressor pumps",
        "%reciprocating compressors (excluding reciprocating compressor pumps)%",
        "small cucumbers of a length not exceeding 15 cm",
        "tallow oil for industrial uses other than the manufacture of foodstuffs for human consumption",
        "for breaking up",
        "weighing more than 10|kg each",
        "Whole",
        "processing"
    ],
    "records": {
        "measure": ["430","00"],
        "measure_component": ["430","05"],
        "measure_condition": ["430","10"],
        "measure_condition_component": ["430","11"],
        "measure_excluded_geographical_area": ["430","15"],
        "footnote_association_measure": ["430","20"],
        "measure_partial_temporary_stop": ["430","25"]
    },
	"special_notes": {
		"5701109000": "Dutiable surface shall not include the heading, the selvedges and the fringes"
	},
    "bulk_migrations": {
        "import_export": "regulation_migrations_impex.csv",
        "xx_trade_remedies1": "regulation_migrations_remedies1.csv",
        "xx_trade_remedies2": "regulation_migrations_remedies2.csv",
        "trade_remedies3": "regulation_migrations_remedies3.csv",
        "trade_remedies4": "regulation_migrations_remedies4.csv",
        "impex01": "impex01.csv",
        "impex02": "impex02.csv",
        "impex03": "impex03.csv",
        "impex04": "impex04.csv"
    },
    "measure_types":{
        "preferential":["142", "145", "143", "146", "106", "147"]
    },
    "country_profiles": {
        "gsp": {
            "produce_schedule": "Yes",
            "country_name": "All GSP",
            "agreement_name": "n/a",
            "agreement_date": "n/a",
            "version": "1.0",
            "country_codes": [
                "2020",
                "2027",
                "2005",
                "1032"
            ],
            "table_per_country": 0,
            "reg_list": [
                "R090891",
                "D090332",
                "R061742",
                "R061916"
            ]
        },
        "tpm": {
            "produce_schedule": "Yes",
            "country_name": "1032 Transitional Protection Measure",
            "agreement_name": "Agreement between the United Kingdom of Great Britain and Northern Ireland and Albania",
            "agreement_date": "05/02/2019",
            "version": "1.0",
            "country_codes": [
                "1032"
            ],
            "table_per_country": 0,
            "reg_list": [
                "R090891",
                "D090332",
                "R061742",
                "R061916"
            ]
        },
        "subcontinent": {
            "produce_schedule": "No",
            "country_name": "India and Pakistan",
            "agreement_name": "n/a",
            "agreement_date": "05/02/2019",
            "version": "1.0",
            "country_codes": [
                "IN",
                "PK"
            ],
            "table_per_country": 0,
            "reg_list": [
                "R090891",
                "D090332",
                "R061742",
                "R061916"
            ]
        },
        "ceutamelilla": {
            "produce_schedule": "No",
            "country_name": "Ceuta and Melilla",
            "agreement_name": "n/a",
            "agreement_date": "05/02/2019",
            "version": "1.0",
            "country_codes": [
                "2050",
                "XC",
                "XL"
            ],
            "table_per_country": 0,
            "reg_list": [
                "R090891",
                "D090332",
                "R061742",
                "R061916"
            ]
        },
        "overseas_territories": {
            "produce_schedule": "No",
            "country_name": "Ceuta and Melilla",
            "agreement_name": "n/a",
            "agreement_date": "05/02/2019",
            "version": "1.0",
            "country_codes": [
                "2080"
            ],
            "table_per_country": 0,
            "reg_list": [
                "R090891",
                "D090332",
                "R061742",
                "R061916"
            ]
        },
        "samoa": {
            "produce_schedule": "No",
            "country_name": "Samoa",
            "agreement_name": "n/a",
            "agreement_date": "05/02/2019",
            "version": "1.0",
            "country_codes": [
                "WS"
            ],
            "table_per_country": 0,
            "reg_list": [
                "R090891",
                "D090332",
                "R061742",
                "R061916"
            ]
        },
        "misc": {
            "produce_schedule": "No",
            "country_name": "Miscellaneous",
            "agreement_name": "n/a",
            "agreement_date": "05/02/2019",
            "version": "1.0",
            "country_codes": [
                "KH"
            ],
            "table_per_country": 0,
            "reg_list": [
                "n/a"
            ]
        },
        "albania": {
            "produce_schedule": "Yes",
            "country_name": "Albania",
            "agreement_name": "Agreement between the United Kingdom of Great Britain and Northern Ireland and Albania",
            "agreement_date": "05/02/2019",
            "version": "1.0",
            "country_codes": [
                "AL"
            ],
            "table_per_country": 0,
            "reg_list": [
                "R090891",
                "D090332",
                "R061742",
                "R061916"
            ]
        },
        "algeria": {
            "produce_schedule": "Yes",
            "country_name": "Algeria",
            "agreement_name": "Agreement between the United Kingdom of Great Britain and Northern Ireland and Algeria",
            "agreement_date": "05/02/2019",
            "version": "1.0",
            "country_codes": [
                "DZ"
            ],
            "table_per_country": 0,
            "reg_list": [
                "R051460",
                "R051653",
                "D050690"
            ]
        },
        "andean": {
            "produce_schedule": "No",
            "country_name": "Andean",
            "agreement_name": "TRADE AGREEMENT BETWEEN THE UNITED KINGDOM OF GREAT BRITAIN AND NORTHERN IRELAND, OF THE ONE PART, AND THE REPUBLIC OF COLOMBIA, THE REPUBLIC OF ECUADOR AND THE REPUBLIC OF PERU, OF THE OTHER PART",
            "agreement_date": "05/02/2019",
            "version": "1.0",
            "country_codes": [
                "CO",
                "EC",
                "PE"
            ],
            "table_per_country": 1,
            "reg_list": [
                "R130405",
                "R130741",
                "R170754",
                "R170120",
                "R130404",
                "R130740"
            ]
        },
        "colombia": {
            "produce_schedule": "Yes",
            "country_name": "Colombia",
            "agreement_name": "Agreement between the United Kingdom of Great Britain and Northern Ireland and Colombia",
            "agreement_date": "05/02/2019",
            "version": "1.0",
            "country_codes": [
                "CO"
            ],
            "table_per_country": 1,
            "reg_list": [
                "R130405",
                "R130741",
                "R170754",
                "R170120",
                "R130404",
                "R130740"
            ]
        },
        "ecuador": {
            "produce_schedule": "Yes",
            "country_name": "Ecuador",
            "agreement_name": "Agreement between the United Kingdom of Great Britain and Northern Ireland and Ecuador",
            "agreement_date": "05/02/2019",
            "version": "1.0",
            "country_codes": [
                "EC"
            ],
            "table_per_country": 1,
            "reg_list": [
                "R130405",
                "R130741",
                "R170754",
                "R170120",
                "R130404",
                "R130740"
            ]
        },
        "peru": {
            "produce_schedule": "Yes",
            "country_name": "Peru",
            "agreement_name": "Agreement between the United Kingdom of Great Britain and Northern Ireland and Peru",
            "agreement_date": "05/02/2019",
            "version": "1.0",
            "country_codes": [
                "PE"
            ],
            "table_per_country": 1,
            "reg_list": [
                "R130405",
                "R130741",
                "R170754",
                "R170120",
                "R130404",
                "R130740"
            ]
        },
        "bosnia": {
            "produce_schedule": "Yes",
            "country_name": "Bosnia and Herzegovina",
            "agreement_name": "Agreement between the United Kingdom of Great Britain and Northern Ireland and Bosnia and Herzegovina",
            "agreement_date": "05/02/2019",
            "version": "1.0",
            "country_codes": [
                "BA"
            ],
            "table_per_country": 0,
            "reg_list": [
                "R110343",
                "R110354",
                "R090891",
                "R101255",
                "D080474"
            ]
        },
        "cameroon": {
            "produce_schedule": "Yes",
            "country_name": "Cameroon",
            "agreement_name": "Interim agreement with a view to an Economic Partnership Agreement between the United Kingdom of Great Britain and Northern Ireland, of the one part, and the Central Africa Party, of the other part",
            "agreement_date": "05/02/2019",
            "version": "1.0",
            "country_codes": [
                "CM"
            ],
            "table_per_country": 0,
            "reg_list": [
                "D090152"
            ]
        },
        "canada": {
            "produce_schedule": "Yes",
            "country_name": "Canada",
            "agreement_name": "Agreement between the Government of the United Kingdom of Great Britain and Northern Ireland and the Government of Canada on Trade",
            "agreement_date": "05/02/2019",
            "version": "1.0",
            "country_codes": [
                "CA",
                "x1006"
            ],
            "measure_type_override": [
                "142",
                "143",
                "145",
                "146"
            ],
            "table_per_country": 0,
            "reg_list": [
                "R1585/17",
                "R1772/17",
                "R1781/17",
                "R1586/17",
                "D0037/17"
            ]
        },
        "cariforum": {
            "produce_schedule": "Yes",
            "country_name": "CARIFORUM",
            "agreement_name": "Economic Partnership Agreement between the CARIFORUM States, of the one part, and the United Kingdom of Great Britain and Northern Ireland, of the other part",
            "agreement_date": "05/02/2019",
            "version": "1.0",
            "country_codes": [
                "1033"
            ],
            "table_per_country": 0,
            "reg_list": [
                "D0805/08"
            ]
        },
        "chile": {
            "produce_schedule": "Yes",
            "country_name": "the Republic of Chile",
            "agreement_name": "Agreement between the United Kingdom of Great Britain and Northern Ireland and the Republic of Chile",
            "agreement_date": "22/03/2019",
            "version": "1.0",
            "country_codes": [
                "CL"
            ],
            "table_per_country": 0,
            "reg_list": [
                "D0792/06",
                "R0610/09",
                "D0979/02",
                "R0312/03"
            ]
        },
        "tpa": {
            "produce_schedule": "Yes",
            "country_name": "Transitional Protection Arrangement",
            "agreement_name": "Agreement between the United Kingdom of Great Britain and Northern Ireland and Cote d'Ivoire",
            "agreement_date": "05/02/2019",
            "version": "1.0",
            "country_codes": [
                "CI",
                "1032"
            ],
            "table_per_country": 0,
            "reg_list": [
                "R161076"
            ]
        },
        "cotedivoire": {
            "produce_schedule": "Yes",
            "country_name": "Cote d'Ivoire",
            "agreement_name": "Stepping Stone Economic Partnership Agreement between Côte d'Ivoire, of the one part, and the United Kingdom of Great Britain and Northern Ireland, of the other part",
            "agreement_date": "05/02/2019",
            "version": "1.0",
            "country_codes": [
                "CI",
                "1032"
            ],
            "table_per_country": 0,
            "reg_list": [
                "R161076"
            ]
        },
        "egypt": {
            "produce_schedule": "Yes",
            "country_name": "Egypt",
            "agreement_name": "Agreement between the United Kingdom of Great Britain and Northern Ireland and Egypt",
            "agreement_date": "05/02/2019",
            "version": "1.0",
            "country_codes": [
                "EG"
            ],
            "table_per_country": 0,
            "reg_list": [
                "D100240",
                "D040635",
                "R100449",
                "R071338"
            ]
        },
        "esa": {
            "produce_schedule": "No",
            "notes": "There are no quotas associated with this geo. area. Using the individual countries: Comoros ??, Madagascar, Mauritius, the Seychelles, Zambia and Zimbabwe; adding MU (Mauritius to the base)",
            "country_name": "ESA",
            "agreement_name": "Agreement between the United Kingdom of Great Britain and Northern Ireland and the ESA States",
            "agreement_date": "21/02/2019",
            "version": "1.0",
            "country_codes": [
                "1034",
				"MU"
            ],
            "table_per_country": 0,
            "reg_list": [
                "D1923/17",
                "D0196/12",
                "Azed will send"
            ]
        },
        "mauritius": {
            "produce_schedule": "Yes",
            "country_name": "Mauritius",
            "agreement_name": "Agreement between the United Kingdom of Great Britain and Northern Ireland and ESA countries - Mauritius",
            "agreement_date": "05/02/2019",
            "version": "1.0",
            "country_codes": [
                "MU",
                "1034"
            ],
            "table_per_country": 0,
            "reg_list": [
                "D1923/17",
                "D0196/12"
            ]
        },
        "madagascar": {
            "produce_schedule": "Yes",
            "country_name": "Madagascar",
            "agreement_name": "Agreement between the United Kingdom of Great Britain and Northern Ireland and ESA countries - Madagascar",
            "agreement_date": "05/02/2019",
            "version": "1.0",
            "country_codes": [
                "MG",
                "1034"
            ],
            "table_per_country": 0,
            "reg_list": [
                "D1923/17",
                "D0196/12"
            ]
        },
        "zambia": {
            "produce_schedule": "Yes",
            "country_name": "Zambia",
            "agreement_name": "Agreement between the United Kingdom of Great Britain and Northern Ireland and ESA countries - Zambia",
            "agreement_date": "05/02/2019",
            "version": "1.0",
            "country_codes": [
                "1034"
            ],
            "table_per_country": 0,
            "reg_list": [
                "D1923/17",
                "D0196/12"
            ]
        },
        "namibia": {
            "produce_schedule": "Yes",
            "country_name": "Namibia",
            "agreement_name": "Agreement between the United Kingdom of Great Britain and Northern Ireland and SADC countries - Namibia",
            "agreement_date": "05/02/2019",
            "version": "1.0",
            "country_codes": [
                "1035",
				"NA"
            ],
            "table_per_country": 0,
            "reg_list": [
                "D1923/17",
                "D0196/12"
            ]
        },
        "seychelles": {
            "produce_schedule": "Yes",
            "country_name": "the Seychelles",
            "agreement_name": "Agreement between the United Kingdom of Great Britain and Northern Ireland and ESA countries - Seychelles",
            "agreement_date": "05/02/2019",
            "version": "1.0",
            "country_codes": [
                "SC",
                "1034"
            ],
            "table_per_country": 0,
            "reg_list": [
                "D1923/17",
                "D0196/12"
            ]
        },
        "zimbabwe": {
            "produce_schedule": "Yes",
            "country_name": "Zimbabwe",
            "agreement_name": "Agreement between the United Kingdom of Great Britain and Northern Ireland and ESA countries - Zimbabwe",
            "agreement_date": "05/02/2019",
            "version": "1.0",
            "country_codes": [
                "ZW",
                "1034"
            ],
            "table_per_country": 0,
            "reg_list": [
                "D1923/17",
                "D0196/12"
            ]
        },
        "faroeislands": {
            "produce_schedule": "Yes",
            "country_name": "Faroe Islands",
            "agreement_name": "Free Trade Agreement between the United Kingdom of Great Britain and Northern Ireland and the Kingdom of Denmark in respect of the Faroe Islands",
            "agreement_date": "05/02/2019",
            "version": "1.0",
            "country_codes": [
                "FO"
            ],
            "table_per_country": 0,
            "reg_list": [
                "R090054",
                "R071381",
                "R992471",
                "D970126",
                "D990456",
                "D060561"
            ]
        },
        "georgia": {
            "produce_schedule": "Yes",
            "country_name": "Georgia",
            "agreement_name": "Agreement between the United Kingdom of Great Britain and Northern Ireland and Georgia",
            "agreement_date": "05/02/2019",
            "version": "1.0",
            "country_codes": [
                "GE"
            ],
            "table_per_country": 0,
            "reg_list": [
                "D140494",
                "R140989"
            ]
        },
        "ghana": {
            "produce_schedule": "Yes",
            "country_name": "Ghana",
            "agreement_name": "Trade Partnership Agreement between the United Kingdom of Great Britain and Northern Ireland and Ghana TBC  ",
            "agreement_date": "05/02/2019",
            "version": "1.0",
            "country_codes": [
                "GH"
            ],
            "table_per_country": 0,
            "reg_list": [
                "D1850/16"
            ]
        },
        "israel": {
            "produce_schedule": "Yes",
            "country_name": "Israel",
            "agreement_name": "Agreement between the United Kingdom of Great Britain and Northern Ireland and Israel",
            "agreement_date": "21/02/2019",
            "version": "1.0",
            "country_codes": [
                "IL"
            ],
            "meursing_reduction": "85%",
            "table_per_country": 0,
            "reg_list": [
                "R1474/00",
                "R1338/07",
                "R1153/09",
                "R1154/09",
                "R1831/96",
                "D0066/13"
            ]
        },
        "jordan": {
            "produce_schedule": "Yes",
            "country_name": "Jordan",
            "agreement_name": "Agreement between the United Kingdom of Great Britain and Northern Ireland and Jordan",
            "agreement_date": "05/02/2019",
            "version": "1.0",
            "country_codes": [
                "JO"
            ],
            "table_per_country": 0,
            "reg_list": [
                "D060067",
                "D020357",
                "R060019"
            ]
        },
        "kosovo": {
            "produce_schedule": "Yes",
            "country_name": "Kosovo",
            "agreement_name": "Agreement between the United Kingdom of Great Britain and Northern Ireland and Kosovo",
            "agreement_date": "05/02/2019",
            "version": "1.0",
            "country_codes": [
                "XK"
            ],
            "table_per_country": 0,
            "reg_list": [
                "R120374",
                "R090891",
                "R171466",
                "D160342",
                "R171464",
                "R120374",
                "R090891"
            ]
        },
        "lebanon": {
            "produce_schedule": "Yes",
            "country_name": "Lebanon",
            "agreement_name": "Agreement between the United Kingdom of Great Britain and Northern Ireland and Lebanon",
            "agreement_date": "05/02/2019",
            "version": "1.0",
            "country_codes": [
                "LB"
            ],
            "table_per_country": 0,
            "reg_list": [
                "R030209",
                "R060973",
                "R961831",
                "D060356"
            ]
        },
        "macedonia": {
            "produce_schedule": "Yes",
            "country_name": "Macedonia",
            "agreement_name": "Agreement between the United Kingdom of Great Britain and Northern Ireland and Macedonia",
            "agreement_date": "05/02/2019",
            "version": "1.0",
            "country_codes": [
                "MK"
            ],
            "table_per_country": 0,
            "reg_list": [
                "R012597",
                "R120374",
                "R090891",
                "R101255",
                "D040239"
            ]
        },
        "mexico": {
            "produce_schedule": "Yes",
            "country_name": "Mexico",
            "agreement_name": "Economics Partnership, Political Coordination and Corporation Agreement between the United Kingdom of Great Britain and Northern Ireland and the United Mexican States",
            "agreement_date": "05/02/2019",
            "version": "1.0",
            "country_codes": [
                "MX"
            ],
            "table_per_country": 0,
            "reg_list": [
                "R080821",
                "D000415"
            ]
        },
        "moldova": {
            "produce_schedule": "Yes",
            "country_name": "Moldova",
            "agreement_name": "Agreement between the United Kingdom of Great Britain and Northern Ireland and Moldova",
            "agreement_date": "05/02/2019",
            "version": "1.0",
            "country_codes": [
                "MD"
            ],
            "table_per_country": 0,
            "reg_list": [
                "D140492",
                "R140988",
                "R152080"
            ]
        },
        "montenegro": {
            "produce_schedule": "Yes",
            "country_name": "Montenegro",
            "agreement_name": "Agreement between the United Kingdom of Great Britain and Northern Ireland and Montenegro",
            "agreement_date": "05/02/2019",
            "version": "1.0",
            "country_codes": [
                "ME"
            ],
            "table_per_country": 0,
            "reg_list": [
                "R080053",
                "R080497",
                "R101255",
                "D100224"
            ]
        },
        "morocco": {
            "produce_schedule": "Yes",
            "country_name": "Morocco",
            "agreement_name": "Agreement between the United Kingdom of Great Britain and Northern Ireland and Morocco",
            "agreement_date": "2/03/2019",
            "version": "1.0",
            "country_codes": [
                "MA"
            ],
            "table_per_country": 0,
            "reg_list": [
                "R120812",
                "D000204",
                "D120497",
                "D030914"
            ]
        },
        "pacific": {
            "produce_schedule": "No",
            "country_name": "Pacific",
            "agreement_name": "Interim Partnership Agreement between the United Kingdom of Great Britain and Northern Ireland of the one part, and the Pacific States, of the other part",
            "agreement_date": "05/02/2019",
            "version": "1.0",
            "country_codes": [
                "FJ",
                "PG"
            ],
            "table_per_country": 1,
            "reg_list": [
                "D0729/09"
            ]
        },
        "fiji": {
            "produce_schedule": "Yes",
            "country_name": "Fiji",
            "agreement_name": "Agreement between the United Kingdom of Great Britain and Northern Ireland and Fiji",
            "agreement_date": "05/02/2019",
            "version": "1.0",
            "country_codes": [
                "FJ"
            ],
            "table_per_country": 1,
            "reg_list": [
                "D0729/09"
            ]
        },
        "papuanewguinea": {
            "produce_schedule": "Yes",
            "country_name": "Papua New Guinea",
            "agreement_name": "Agreement between the United Kingdom of Great Britain and Northern Ireland and Papua New Guinea",
            "agreement_date": "05/02/2019",
            "version": "1.0",
            "country_codes": [
                "PG"
            ],
            "table_per_country": 1,
            "reg_list": [
                "D0729/09"
            ]
        },
        "palestine": {
            "produce_schedule": "Yes",
            "country_name": "the Palestinian Authority",
            "agreement_name": "Interim Political, Trade and Partnership Agreement between the United Kingdom of Great Britain and Northern Ireland, of the one part, and the Palestine Liberation Organization (PLO) for the benefit of the Palestinian Authority of the West Bank and the Gaza Strip, of the other part",
            "agreement_date": "21/02/2019",
            "version": "1.0",
            "country_codes": [
                "PS"
            ],
            "table_per_country": 0,
            "reg_list": [
                "D0430/97",
                "D0824/11"
            ]
        },
        "sadc": {
            "produce_schedule": "Yes",
            "notes": "Exclude S. Africa",
            "country_name": "SADC",
            "agreement_name": "Economic Partnership Agreement between the United Kingdom of Great Britain and Northern Ireland on the one part, and the Southern African Customs Union and Mozambique on the other part ",
            "agreement_date": "05/02/2019",
            "version": "1.0",
            "country_codes": [
                "1035",
                "NA"
            ],
            "table_per_country": 1,
            "reg_list": [
                "R2253/16",
                "D1623/16",
                "R0882/17"
            ]
        },
        "serbia": {
            "produce_schedule": "Yes",
            "country_name": "Serbia",
            "agreement_name": "Agreement between the United Kingdom of Great Britain and Northern Ireland and Serbia",
            "agreement_date": "05/02/2019",
            "version": "1.0",
            "country_codes": [
                "RS",
                "XS"
            ],
            "table_per_country": 0,
            "reg_list": [
                "R150781",
                "R090891",
                "R101255",
                "D100036",
                "D130490",
                "R110059",
                "R120374"
            ]
        },
        "southkorea": {
            "produce_schedule": "Yes",
            "country_name": "South Korea",
            "agreement_name": "Free trade Agreement between the United Kingdom of Great Britain and Northern Ireland, of the one part, and the Republic of Korea, of the other part",
            "agreement_date": "05/02/2019",
            "version": "1.0",
            "country_codes": [
                "KR"
            ],
            "table_per_country": 0,
            "reg_list": [
                "R1093/11",
                "D0265/11"
            ]
        },
        "switzerland": {
            "produce_schedule": "Yes",
            "country_name": "the Swiss Confederation",
            "agreement_name": "Agreement between the United Kingdom of Great Britain and Northern Ireland and the Swiss Confederation",
            "agreement_date": "12/02/2019",
            "version": "1.0",
            "country_codes": [
                "CH",
                "x1007"
            ],
			"additional_measures": [
				3231905
			],			
            "table_per_country": 0,
            "reg_list": [
                "D0123/01",
                "R2114/99",
                "R0050/04",
                "R1565/07",
                "R0082/13",
                "R1126/09",
                "R1223/12",
                "A0003/73",
                "D0093/06",
                "D0309/02",
                "D0559/86",
                "D0955/05"
            ]
        },
        "balkans": {
            "produce_schedule": "No",
            "country_name": "West Balkan countries",
            "agreement_name": "Dummy",
            "agreement_date": "05/02/2019",
            "version": "1.0",
            "country_codes": [
                "1098"
            ],
            "table_per_country": 1,
            "reg_list": [
                "Dummy"
            ]
        },
        "cambodia": {
            "produce_schedule": "No",
            "country_name": "Cambodia",
            "agreement_name": "Dummy",
            "agreement_date": "05/02/2019",
            "version": "1.0",
            "country_codes": [
                "KH"
            ],
            "table_per_country": 1,
            "reg_list": [
                "Dummy"
            ]
        },
        "andorra": {
            "produce_schedule": "No",
            "country_name": "Andorra",
            "agreement_name": "Dummy",
            "agreement_date": "05/02/2019",
            "version": "1.0",
            "country_codes": [
                "AD"
            ],
            "table_per_country": 1,
            "reg_list": [
                "Dummy"
            ]
        },
        "syria": {
            "produce_schedule": "No",
            "country_name": "Syria",
            "agreement_name": "Dummy",
            "agreement_date": "05/02/2019",
            "version": "1.0",
            "country_codes": [
                "SY"
            ],
            "table_per_country": 1,
            "reg_list": [
                "Dummy"
            ]
        },
        "capeverde": {
            "produce_schedule": "No",
            "country_name": "Cape Verde",
            "agreement_name": "Dummy",
            "agreement_date": "05/02/2019",
            "version": "1.0",
            "country_codes": [
                "CV"
            ],
            "table_per_country": 1,
            "reg_list": [
                "Dummy"
            ]
        },
        "centralamerica": {
            "produce_schedule": "No",
            "country_name": "Central America",
            "agreement_name": "Agreement between the United Kingdom of Great Britain and Northern Ireland and Central America",
            "agreement_date": "05/02/2019",
            "version": "1.0",
            "country_codes": [
                "2200"
            ],
            "table_per_country": 1,
            "reg_list": [
                "D120734",
                "R130974",
                "R130975",
                "R130976",
                "R130977",
                "R131011",
                "R131012",
                "R130922",
                "R130923",
                "R131366"
            ]
        },
        "nicaragua": {
            "produce_schedule": "Yes",
            "country_name": "Nicaragua",
            "agreement_name": "Agreement between the United Kingdom of Great Britain and Northern Ireland and Central America - Nicaragua",
            "agreement_date": "05/02/2019",
            "version": "1.0",
            "country_codes": [
                "2200",
                "NI"
            ],
            "table_per_country": 1,
            "reg_list": [
                "D120734",
                "R130974",
                "R130975",
                "R130976",
                "R130977",
                "R131011",
                "R131012",
                "R130922",
                "R130923",
                "R131366"
            ]
        },
        "guatemala": {
            "produce_schedule": "Yes",
            "country_name": "Guatemala",
            "agreement_name": "Agreement between the United Kingdom of Great Britain and Northern Ireland and Central America - Guatemala",
            "agreement_date": "05/02/2019",
            "version": "1.0",
            "country_codes": [
                "2200",
                "GT"
            ],
            "table_per_country": 1,
            "reg_list": [
                "D120734",
                "R130974",
                "R130975",
                "R130976",
                "R130977",
                "R131011",
                "R131012",
                "R130922",
                "R130923",
                "R131366"
            ]
        },
        "honduras": {
            "produce_schedule": "Yes",
            "country_name": "Honduras",
            "agreement_name": "Agreement between the United Kingdom of Great Britain and Northern Ireland and Central America - Honduras",
            "agreement_date": "05/02/2019",
            "version": "1.0",
            "country_codes": [
                "2200",
                "HN"
            ],
            "table_per_country": 1,
            "reg_list": [
                "D120734",
                "R130974",
                "R130975",
                "R130976",
                "R130977",
                "R131011",
                "R131012",
                "R130922",
                "R130923",
                "R131366"
            ]
        },
        "panama": {
            "produce_schedule": "Yes",
            "country_name": "Panama",
            "agreement_name": "Agreement between the United Kingdom of Great Britain and Northern Ireland and Central America - Panama",
            "agreement_date": "05/02/2019",
            "version": "1.0",
            "country_codes": [
                "2200",
                "PA"
            ],
            "table_per_country": 1,
            "reg_list": [
                "D120734",
                "R130974",
                "R130975",
                "R130976",
                "R130977",
                "R131011",
                "R131012",
                "R130922",
                "R130923",
                "R131366"
            ]
        },
        "costarica": {
            "produce_schedule": "Yes",
            "country_name": "Costa Rica",
            "agreement_name": "Agreement between the United Kingdom of Great Britain and Northern Ireland and Central America - Costa Rica",
            "agreement_date": "05/02/2019",
            "version": "1.0",
            "country_codes": [
                "2200",
                "CR"
            ],
            "table_per_country": 1,
            "reg_list": [
                "D120734",
                "R130974",
                "R130975",
                "R130976",
                "R130977",
                "R131011",
                "R131012",
                "R130922",
                "R130923",
                "R131366"
            ]
        },
        "elsalvador": {
            "produce_schedule": "Yes",
            "country_name": "El Salvador",
            "agreement_name": "Agreement between the United Kingdom of Great Britain and Northern Ireland and Central America - El Salvador",
            "agreement_date": "05/02/2019",
            "version": "1.0",
            "country_codes": [
                "2200",
                "SV"
            ],
            "table_per_country": 1,
            "reg_list": [
                "D120734",
                "R130974",
                "R130975",
                "R130976",
                "R130977",
                "R131011",
                "R131012",
                "R130922",
                "R130923",
                "R131366"
            ]
        },
        "tunisia": {
            "produce_schedule": "Yes",
            "country_name": "Tunisia",
            "agreement_name": "Agreement between the United Kingdom of Great Britain and Northern Ireland and Tunisia",
            "agreement_date": "22/03/2019",
            "version": "1.0",
            "country_codes": [
                "TN"
            ],
            "table_per_country": 0,
            "reg_list": [
                "R010747",
                "R061918",
                "R060973",
                "D980238",
                "D000822"
            ]
        },
        "norway": {
            "produce_schedule": "Yes",
            "country_name": "Norway",
            "agreement_name": "Agreement between the United Kingdom of Great Britain and Northern Ireland and the European Economic Area - Norway",
            "agreement_date": "05/02/2019",
            "version": "1.0",
            "country_codes": [
                "2012",
                "NO"
            ],
			"exclusion_check": "NO",
            "table_per_country": 0,
            "reg_list": [
                "test"
            ]
        },
        "norway_NO": {
            "produce_schedule": "Yes",
            "country_name": "Norway",
            "agreement_name": "Agreement between the United Kingdom of Great Britain and Northern Ireland and the European Economic Area - Norway",
            "agreement_date": "05/02/2019",
            "version": "1.0",
            "country_codes": [
                "NO"
            ],
			"exclusion_check": "NO",
            "table_per_country": 0,
            "reg_list": [
                "test"
            ]
        },
        "norway_2012": {
            "produce_schedule": "Yes",
            "country_name": "Norway",
            "agreement_name": "Agreement between the United Kingdom of Great Britain and Northern Ireland and the European Economic Area - Norway",
            "agreement_date": "05/02/2019",
            "version": "1.0",
            "country_codes": [
                "2012"
            ],
			"exclusion_check": "NO",
            "table_per_country": 0,
            "reg_list": [
                "test"
            ]
        },
        "iceland": {
            "produce_schedule": "Yes",
            "country_name": "Iceland",
            "agreement_name": "Agreement between the United Kingdom of Great Britain and Northern Ireland and the European Economic Area - Iceland",
            "agreement_date": "05/02/2019",
            "version": "1.0",
            "country_codes": [
                "2014",
                "2012",
                "IS"
            ],
			"exclusion_check": "IS",
            "table_per_country": 0,
            "reg_list": [
                "test"
            ]
        },
        "iceland_2012": {
            "produce_schedule": "Yes",
            "country_name": "Iceland",
            "agreement_name": "Agreement between the United Kingdom of Great Britain and Northern Ireland and the European Economic Area - Iceland",
            "agreement_date": "05/02/2019",
            "version": "1.0",
            "country_codes": [
                "2012"
            ],
			"exclusion_check": "IS",
            "table_per_country": 0,
            "reg_list": [
                "test"
            ]
        },
        "iceland_2014": {
            "produce_schedule": "Yes",
            "country_name": "Iceland",
            "agreement_name": "Agreement between the United Kingdom of Great Britain and Northern Ireland and the European Economic Area - Iceland",
            "agreement_date": "05/02/2019",
            "version": "1.0",
            "country_codes": [
                "2014"
            ],
			"exclusion_check": "IS",
            "table_per_country": 0,
            "reg_list": [
                "test"
            ]
        },
        "iceland_IS": {
            "produce_schedule": "Yes",
            "country_name": "Iceland",
            "agreement_name": "Agreement between the United Kingdom of Great Britain and Northern Ireland and the European Economic Area - Iceland",
            "agreement_date": "05/02/2019",
            "version": "1.0",
            "country_codes": [
                "IS"
            ],
            "table_per_country": 0,
            "reg_list": [
                "test"
            ]
        },
        "liechtenstein": {
            "produce_schedule": "No",
            "country_name": "Liechtenstein",
            "agreement_name": "Additional Agreement between the United Kingdom of Great Britain and Northern Ireland, the Swiss Confederation and the Principality of Liechtenstein extending to the Principality of Liechtenstein the provisions of the Agreement between the European Economic Community and the Swiss Confederation of 22 July 1972 and of the Agreement between the European Community and the Swiss Confederation on trade in agricultural products, as incorporated into and modified in the Trade Agreement between the United Kingdom of Great Britain and Northern Ireland and the Swiss Confederation",
            "agreement_date": "05/02/2019",
            "version": "1.0",
            "country_codes": [
                "2012",
                "LI"
            ],
            "table_per_country": 0,
            "reg_list": [
                "test"
            ]
        },
        "japan": {
            "produce_schedule": "No",
            "country_name": "Japan",
            "agreement_name": "Additional Agreement between the United Kingdom of Great Britain and Northern Ireland, the Swiss Confederation and the Principality of Liechtenstein extending to the Principality of Liechtenstein the provisions of the Agreement between the European Economic Community and the Swiss Confederation of 22 July 1972 and of the Agreement between the European Community and the Swiss Confederation on trade in agricultural products, as incorporated into and modified in the Trade Agreement between the United Kingdom of Great Britain and Northern Ireland and the Swiss Confederation",
            "agreement_date": "05/02/2019",
            "version": "1.0",
            "country_codes": [
                "JP"
            ],
            "table_per_country": 0,
            "reg_list": [
                "test"
            ]
        },
        "sanmarino": {
            "produce_schedule": "No",
            "country_name": "San Marino",
            "agreement_name": "Additional Agreement between the United Kingdom of Great Britain and Northern Ireland, the Swiss Confederation and the Principality of Liechtenstein extending to the Principality of Liechtenstein the provisions of the Agreement between the European Economic Community and the Swiss Confederation of 22 July 1972 and of the Agreement between the European Community and the Swiss Confederation on trade in agricultural products, as incorporated into and modified in the Trade Agreement between the United Kingdom of Great Britain and Northern Ireland and the Swiss Confederation",
            "agreement_date": "05/02/2019",
            "version": "1.0",
            "country_codes": [
                "SM"
            ],
            "table_per_country": 0,
            "reg_list": [
                "test"
            ]
        },
        "turkey": {
            "produce_schedule": "Yes",
            "country_name": "Turkey",
            "agreement_name": "Agreement between the United Kingdom of Great Britain and Northern Ireland and Turkey",
            "agreement_date": "05/02/2019",
            "version": "1.0",
            "country_codes": [
                "TR"
            ],
            "table_per_country": 0,
            "reg_list": [
                "R070816",
                "R061712",
                "R090933",
                "R141335",
                "D960142",
                "D980223",
                "D960528"
            ]
        },
        "ukraine": {
            "produce_schedule": "Yes",
            "country_name": "Ukraine",
            "agreement_name": "Agreement between the United Kingdom of Great Britain and Northern Ireland and Ukraine",
            "agreement_date": "05/02/2019",
            "version": "1.0",
            "country_codes": [
                "UA"
            ],
            "table_per_country": 0,
            "reg_list": [
                "R152076",
                "R152077",
                "R152078",
                "R152079",
                "R152081",
                "R152405",
                "D140295",
                "R171566"
            ]
        },
        "ch_imports": {
            "produce_schedule": "Yes",
            "country_name": "Swiss re-imports",
            "agreement_name": "Dummy",
            "agreement_date": "05/02/2019",
            "version": "1.0",
            "country_codes": [
                "1007"
            ],
            "table_per_country": 0,
            "reg_list": [
                "dummy"
            ]
        },
        "ca_imports": {
            "produce_schedule": "Yes",
            "country_name": "Canada re-imports",
            "agreement_name": "Dummy",
            "agreement_date": "05/02/2019",
            "version": "1.0",
            "country_codes": [
                "1006"
            ],
            "table_per_country": 0,
            "reg_list": [
                "dummy"
            ]
        },
        "southafrica": {
            "produce_schedule": "Yes",
            "country_name": "South Africa",
            "agreement_name": "Agreement between the United Kingdom of Great Britain and Northern Ireland and South Africa",
            "agreement_date": "05/02/2019",
            "version": "1.0",
            "country_codes": [
                "ZA"
            ],
            "table_per_country": 0,
            "reg_list": [
                "R152076",
                "R152077",
                "R152078",
                "R152079",
                "R152081",
                "R152405",
                "D140295",
                "R171566"
            ]
        }
    }
}