Goods code,Duty Expression,End date
0709591010,0.000 %,31.12.2020
0710210010,0.000 %,31.12.2023
0710809550,0.000 %,31.12.2023
0711590011,0.000 %,31.12.2021
0712320010,0.000 %,31.12.2023
0712330010,0.000 %,31.12.2023
0712390031,0.000 %,31.12.2023
0804100030,0.000 %,31.12.2023
0811905000,0.000 %,31.12.2023
0811907000,0.000 %,31.12.2023
0811909520,0.000 %,31.12.2023
0811909530,0.000 %,31.12.2023
0811909540,0.000 %,31.12.2023
0811909570,0.000 %,31.12.2023
1511901920,0.000 %,31.12.2019
1511909120,0.000 %,31.12.2019
1512191010,0.000 %,31.12.2020
1513111020,0.000 %,31.12.2019
1513193020,0.000 %,31.12.2019
1513211020,0.000 %,31.12.2019
1513293020,0.000 %,31.12.2019
1515909992,0.000 %,31.12.2023
1516209620,0.000 %,31.12.2019
1517909910,0.000 %,31.12.2021
1901909939,0.000 %,31.12.2023
1902301010,0.000 EUR DTN,31.12.2023
1903000020,0.000 EUR DTN,31.12.2023
2005910010,0.000 %,31.12.2023
2007995083,6.000 % + 4.200 EUR DTN,31.12.2022
2007995084,7.800 % + 4.200 EUR DTN,31.12.2022
2007995085,6.000 % + 4.200 EUR DTN,31.12.2022
2007995093,6.000 % + 4.200 EUR DTN,31.12.2022
2007995094,7.800 % + 4.200 EUR DTN,31.12.2022
2007995095,6.000 % + 4.200 EUR DTN,31.12.2022
2007999310,6.000 %,31.12.2022
2008939120,0.000 %,31.12.2022
2008994894,6.000 %,31.12.2020
2008994930,0.000 %,31.12.2019
2008994970,0.000 %,31.12.2022
2008999120,0.000 % + 3.800 EUR DTN E,31.12.2020
2008999911,0.000 %,31.12.2022
2008999940,0.000 %,31.12.2019
2009419220,8.000 %,31.12.2020
2009419970,8.000 %,31.12.2020
2009493091,0.000 %,31.12.2019
2009813110,0.000 %,31.12.2019
2009897311,0.000 %,31.12.2019
2009897313,0.000 %,31.12.2019
2009897920,0.000 %,31.12.2021
2009897930,0.000 %,31.12.2023
2009897985,0.000 %,31.12.2021
2009899721,0.000 %,31.12.2019
2009899729,0.000 %,31.12.2019
2009899996,0.000 %,31.12.2021
2106102020,0.000 %,31.12.2023
2106102030,0.000 %,31.12.2023
2106909245,0.000 %,31.12.2021
2106909250,0.000 %,31.12.2022
2106909845,0.000 %,31.12.2023
2106909847,0.000 %,31.12.2022
2519901010,0.000 %,31.12.2021
2707500020,0.000 %,31.12.2019
2707998010,0.000 %,31.12.2019
2707999910,0.000 %,31.12.2023
2710198110,0.000 %,31.12.2023
2710199920,0.000 %,31.12.2019
2710199930,0.000 %,31.12.2023
2712909910,0.000 %,31.12.2022
2804509040,0.000 %,31.12.2023
2804700000,0.000 %,31.12.2023
2805120010,0.000 %,31.12.2020
2805199020,0.000 %,31.12.2022
2805301010,0.000 %,31.12.2023
2805302000,0.000 %,31.12.2020
2805303000,0.000 %,31.12.2020
2805304000,0.000 %,31.12.2020
2811198010,0.000 %,31.12.2023
2811198020,0.000 %,31.12.2021
2811220010,0.000 %,31.12.2023
2811220015,0.000 %,31.12.2020
2811220060,0.000 %,31.12.2019
2811299010,0.000 %,31.12.2022
2812900010,0.000 %,31.12.2023
2816400010,0.000 %,31.12.2022
2818109120,0.000 %,31.12.2020
2818200010,0.000 %,31.12.2019
2818300020,0.000 %,31.12.2020
2818300030,0.000 %,31.12.2023
2819909010,0.000 %,31.12.2021
2823000010,0.000 %,31.12.2022
2825100010,0.000 %,31.12.2022
2825300000,0.000 %,31.12.2021
2825500020,0.000 %,31.12.2023
2825500030,0.000 %,31.12.2020
2825600010,0.000 %,31.12.2022
2825700010,0.000 %,31.12.2021
2825700020,0.000 %,31.12.2021
2826199010,0.000 %,31.12.2020
2826908010,0.000 %,31.12.2023
2826908020,0.000 %,31.12.2023
2827398510,0.000 %,31.12.2023
2827398520,0.000 %,31.12.2021
2827398540,0.000 %,31.12.2023
2827499010,0.000 %,31.12.2023
2827600010,0.000 %,31.12.2019
2830100010,0.000 %,31.12.2023
2833298020,0.000 %,31.12.2023
2833298030,0.000 %,31.12.2020
2835100010,0.000 %,31.12.2022
2835100020,0.000 %,31.12.2023
2835100030,0.000 %,31.12.2023
2836910020,0.000 %,31.12.2023
2836991730,0.000 %,31.12.2023
2837190020,0.000 %,31.12.2023
2837200010,0.000 %,31.12.2021
2839190010,0.000 %,31.12.2022
2839900020,0.000 %,31.12.2023
2840209010,0.000 %,31.12.2020
2841500010,0.000 %,31.12.2022
2841700010,0.000 %,31.12.2023
2841700020,0.000 %,31.12.2019
2841700030,0.000 %,31.12.2019
2841700040,0.000 %,31.12.2021
2841800010,0.000 %,31.12.2022
2841903010,0.000 %,31.12.2022
2841908510,0.000 %,31.12.2022
2841908520,0.000 %,31.12.2023
2842100010,0.000 %,31.12.2023
2842100020,0.000 %,31.12.2019
2842100040,0.000 %,31.12.2021
2842100050,0.000 %,31.12.2022
2842901010,0.000 %,31.12.2019
2842908030,0.000 %,31.12.2022
2845100000,0.000 %,31.12.2023
2845901000,0.000 %,31.12.2023
2845909010,0.000 %,31.12.2021
2845909020,0.000 %,31.12.2023
2845909030,0.000 %,31.12.2021
2846100010,0.000 %,31.12.2023
2846100020,0.000 %,31.12.2023
2846100030,0.000 %,31.12.2023
2846900000,0.000 %,31.12.2023
2850002010,0.000 %,31.12.2023
2850002020,0.000 %,31.12.2023
2850002030,0.000 %,31.12.2022
2850002040,0.000 %,31.12.2021
2850002060,0.000 %,31.12.2022
2850002070,0.000 %,31.12.2023
2850006010,0.000 %,31.12.2023
2853909020,0.000 %,31.12.2023
2903391920,0.000 %,31.12.2022
2903392100,0.000 %,31.12.2020
2903392410,0.000 %,31.12.2019
2903392610,0.000 %,31.12.2019
2903392710,0.000 %,31.12.2023
2903392810,0.000 %,31.12.2023
2903392820,0.000 %,31.12.2023
2903392910,0.000 %,31.12.2023
2903393100,0.000 %,31.12.2022
2903393520,0.000 %,31.12.2023
2903393910,0.000 %,31.12.2021
2903393920,0.000 %,31.12.2023
2903393930,0.000 %,31.12.2021
2903393940,0.000 %,31.12.2022
2903740010,0.000 %,31.12.2020
2903776010,0.000 %,31.12.2023
2903779010,0.000 %,31.12.2021
2903780010,0.000 %,31.12.2023
2903793010,0.000 %,31.12.2019
2903898010,0.000 %,31.12.2023
2903898040,0.000 %,31.12.2021
2903898050,0.000 %,31.12.2022
2903898060,0.000 %,31.12.2022
2903998015,0.000 %,31.12.2020
2903998020,0.000 %,31.12.2023
2903998040,0.000 %,31.12.2023
2903998050,0.000 %,31.12.2023
2903998060,0.000 %,31.12.2022
2903998075,0.000 %,31.12.2019
2903998080,0.000 %,31.12.2023
2904100030,0.000 %,31.12.2019
2904100050,0.000 %,31.12.2019
2904200010,0.000 %,31.12.2020
2904200020,0.000 %,31.12.2020
2904200030,0.000 %,31.12.2020
2904200040,0.000 %,31.12.2019
2904910010,0.000 %,31.12.2019
2904990020,0.000 %,31.12.2019
2904990025,0.000 %,31.12.2020
2904990030,0.000 %,31.12.2019
2904990035,0.000 %,31.12.2020
2904990040,0.000 %,31.12.2022
2904990045,0.000 %,31.12.2023
2904990050,0.000 %,31.12.2023
2904990060,0.000 %,31.12.2019
2904990070,0.000 %,31.12.2019
2904990080,0.000 %,31.12.2019
2905110010,0.000 %,31.12.2023
2905110020,0.000 %,31.12.2021
2905190011,0.000 %,31.12.2023
2905190020,0.000 %,31.12.2023
2905190025,0.000 %,31.12.2023
2905190030,0.000 %,31.12.2023
2905190035,0.000 %,31.12.2021
2905190040,0.000 %,31.12.2019
2905190070,0.000 %,31.12.2022
2905190080,0.000 %,31.12.2022
2905190085,0.000 %,31.12.2023
2905220010,0.000 %,31.12.2019
2905220020,0.000 %,31.12.2021
2905299010,0.000 %,31.12.2022
2905399510,0.000 %,31.12.2020
2905399520,0.000 %,31.12.2022
2905399530,0.000 %,31.12.2021
2905399540,0.000 %,31.12.2022
2905399550,0.000 %,31.12.2023
2905490010,0.000 %,31.12.2020
2905599820,0.000 %,31.12.2019
2906190010,0.000 %,31.12.2023
2906190020,0.000 %,31.12.2023
2906190050,0.000 %,31.12.2019
2906290020,0.000 %,31.12.2023
2906290030,0.000 %,31.12.2022
2906290040,0.000 %,31.12.2020
2906290050,0.000 %,31.12.2022
2907120020,0.000 %,31.12.2019
2907120030,0.000 %,31.12.2019
2907159010,0.000 %,31.12.2021
2907191010,0.000 %,31.12.2019
2907199020,0.000 %,31.12.2023
2907210010,0.000 %,31.12.2023
2907290015,0.000 %,31.12.2023
2907290020,0.000 %,31.12.2023
2907290025,0.000 %,31.12.2019
2907290030,0.000 %,31.12.2023
2907290045,0.000 %,31.12.2021
2907290050,0.000 %,31.12.2023
2907290065,0.000 %,31.12.2019
2907290070,0.000 %,31.12.2023
2907290075,0.000 %,31.12.2023
2907290085,0.000 %,31.12.2023
2908190010,0.000 %,31.12.2023
2908190020,0.000 %,31.12.2023
2908190030,0.000 %,31.12.2019
2908190040,0.000 %,31.12.2020
2908190050,0.000 %,31.12.2020
2909199020,0.000 %,31.12.2023
2909199030,0.000 %,31.12.2023
2909199050,0.000 %,31.12.2021
2909200010,0.000 %,31.12.2021
2909303810,0.000 %,31.12.2023
2909303820,0.000 %,31.12.2021
2909303830,0.000 %,31.12.2020
2909303840,0.000 %,31.12.2023
2909309010,0.000 %,31.12.2019
2909309015,0.000 %,31.12.2021
2909309020,0.000 %,31.12.2019
2909309025,0.000 %,31.12.2021
2909309030,0.000 %,31.12.2020
2909309040,0.000 %,31.12.2020
2909309050,0.000 %,31.12.2020
2909309060,0.000 %,31.12.2020
2909309070,0.000 %,31.12.2021
2909309080,0.000 %,31.12.2021
2909498010,0.000 %,31.12.2020
2909500010,0.000 %,31.12.2023
2909500020,0.000 %,31.12.2020
2909600010,0.000 %,31.12.2023
2909600030,0.000 %,31.12.2019
2910900015,0.000 %,31.12.2023
2910900030,0.000 %,31.12.2023
2910900050,0.000 %,31.12.2020
2910900080,0.000 %,31.12.2021
2911000010,0.000 %,31.12.2020
2912190010,0.000 %,31.12.2021
2912290015,0.000 %,31.12.2021
2912290025,0.000 %,31.12.2021
2912290035,0.000 %,31.12.2022
2912290045,0.000 %,31.12.2022
2912290050,0.000 %,31.12.2023
2912290070,0.000 %,31.12.2023
2912290080,0.000 %,31.12.2023
2912490010,0.000 %,31.12.2023
2912490020,0.000 %,31.12.2022
2912490030,0.000 %,31.12.2020
2912490040,0.000 %,31.12.2020
2912490050,0.000 %,31.12.2022
2914199020,0.000 %,31.12.2022
2914199030,0.000 %,31.12.2022
2914199040,0.000 %,31.12.2022
2914199060,0.000 %,31.12.2023
2914290015,0.000 %,31.12.2023
2914290020,0.000 %,31.12.2023
2914290025,0.000 %,31.12.2023
2914290030,0.000 %,31.12.2020
2914290040,0.000 %,31.12.2023
2914290050,0.000 %,31.12.2021
2914290070,0.000 %,31.12.2022
2914290080,0.000 %,31.12.2022
2914390015,0.000 %,31.12.2019
2914390025,0.000 %,31.12.2019
2914390030,0.000 %,31.12.2022
2914390050,0.000 %,31.12.2023
2914390060,0.000 %,31.12.2023
2914390070,0.000 %,31.12.2022
2914390080,0.000 %,31.12.2022
2914500020,0.000 %,31.12.2020
2914500025,0.000 %,31.12.2023
2914500036,0.000 %,31.12.2023
2914500040,0.000 %,31.12.2021
2914500045,0.000 %,31.12.2022
2914500060,0.000 %,31.12.2022
2914500065,0.000 %,31.12.2020
2914500075,0.000 %,31.12.2020
2914500080,0.000 %,31.12.2023
2914500085,0.000 %,31.12.2021
2914698010,0.000 %,31.12.2023
2914698020,0.000 %,31.12.2019
2914698030,0.000 %,31.12.2023
2914698040,0.000 %,31.12.2021
2914698050,0.000 %,31.12.2019
2914790015,0.000 %,31.12.2020
2914790020,0.000 %,31.12.2022
2914790025,0.000 %,31.12.2020
2914790030,0.000 %,31.12.2023
2914790035,0.000 %,31.12.2023
2914790040,0.000 %,31.12.2023
2914790050,0.000 %,31.12.2023
2914790060,0.000 %,31.12.2020
2914790065,0.000 %,31.12.2021
2914790070,0.000 %,31.12.2021
2914790075,0.000 %,31.12.2021
2914790080,0.000 %,31.12.2023
2915120010,0.000 %,31.12.2021
2915390010,0.000 %,31.12.2022
2915390025,0.000 %,31.12.2023
2915390030,0.000 %,31.12.2022
2915390040,0.000 %,31.12.2023
2915390050,0.000 %,31.12.2019
2915390060,0.000 %,31.12.2020
2915390065,0.000 %,31.12.2020
2915390070,0.000 %,31.12.2020
2915390075,0.000 %,31.12.2021
2915390080,0.000 %,31.12.2021
2915390085,0.000 %,31.12.2023
2915601910,0.000 %,31.12.2022
2915704010,0.000 %,31.12.2023
2915903010,0.000 %,31.12.2020
2915907020,0.000 %,31.12.2022
2915907025,0.000 %,31.12.2023
2915907030,0.000 %,31.12.2022
2915907035,0.000 %,31.12.2023
2915907045,0.000 %,31.12.2019
2915907050,0.000 %,31.12.2019
2915907055,0.000 %,31.12.2023
2915907060,0.000 %,31.12.2020
2915907065,0.000 %,31.12.2020
2915907080,0.000 %,31.12.2021
2916120010,0.000 %,31.12.2023
2916120040,0.000 %,31.12.2023
2916120070,0.000 %,31.12.2022
2916130020,0.000 %,31.12.2023
2916130030,0.000 %,31.12.2020
2916140010,0.000 %,31.12.2023
2916140020,0.000 %,31.12.2023
2916199520,0.000 %,31.12.2023
2916199540,0.000 %,31.12.2023
2916199550,0.000 %,31.12.2019
2916200015,0.000 %,31.12.2021
2916200020,0.000 %,31.12.2022
2916200050,0.000 %,31.12.2023
2916200060,0.000 %,31.12.2020
2916200070,0.000 %,31.12.2023
2916310010,0.000 %,31.12.2021
2916399013,0.000 %,31.12.2019
2916399015,0.000 %,31.12.2021
2916399018,0.000 %,31.12.2019
2916399020,0.000 %,31.12.2023
2916399023,0.000 %,31.12.2019
2916399025,0.000 %,31.12.2021
2916399030,0.000 %,31.12.2020
2916399033,0.000 %,31.12.2021
2916399035,0.000 %,31.12.2023
2916399041,0.000 %,31.12.2020
2916399048,0.000 %,31.12.2023
2916399050,0.000 %,31.12.2023
2916399051,0.000 %,31.12.2020
2916399053,0.000 %,31.12.2020
2916399055,0.000 %,31.12.2022
2916399061,0.000 %,31.12.2020
2916399070,0.000 %,31.12.2023
2916399073,0.000 %,31.12.2021
2916399075,0.000 %,31.12.2022
2916399085,0.000 %,31.12.2022
2917110020,0.000 %,31.12.2023
2917110030,0.000 %,31.12.2019
2917120020,0.000 %,31.12.2023
2917191010,0.000 %,31.12.2019
2917191020,0.000 %,31.12.2022
2917198015,0.000 %,31.12.2023
2917198030,0.000 %,31.12.2019
2917198035,0.000 %,31.12.2023
2917198050,0.000 %,31.12.2020
2917198070,0.000 %,31.12.2023
2917200030,0.000 %,31.12.2023
2917200040,0.000 %,31.12.2023
2917340010,0.000 %,31.12.2023
2917399520,0.000 %,31.12.2020
2917399525,0.000 %,31.12.2020
2917399530,0.000 %,31.12.2020
2917399535,0.000 %,31.12.2020
2917399540,0.000 %,31.12.2023
2917399550,0.000 %,31.12.2019
2917399560,0.000 %,31.12.2019
2918160020,0.000 %,31.12.2019
2918193010,0.000 %,31.12.2019
2918193020,0.000 %,31.12.2019
2918199820,0.000 %,31.12.2023
2918290010,0.000 %,31.12.2023
2918290035,0.000 %,31.12.2022
2918290050,0.000 %,31.12.2023
2918290060,0.000 %,31.12.2021
2918290070,0.000 %,31.12.2019
2918300015,0.000 %,31.12.2022
2918300030,0.000 %,31.12.2023
2918300050,0.000 %,31.12.2022
2918300060,0.000 %,31.12.2019
2918300070,0.000 %,31.12.2019
2918300080,0.000 %,31.12.2021
2918999010,0.000 %,31.12.2023
2918999013,0.000 %,31.12.2020
2918999015,0.000 %,31.12.2022
2918999018,0.000 %,31.12.2020
2918999020,0.000 %,31.12.2019
2918999023,0.000 %,31.12.2021
2918999025,0.000 %,31.12.2023
2918999027,0.000 %,31.12.2022
2918999030,0.000 %,31.12.2023
2918999035,0.000 %,31.12.2019
2918999038,0.000 %,31.12.2022
2918999040,0.000 %,31.12.2023
2918999045,0.000 %,31.12.2019
2918999050,0.000 %,31.12.2023
2918999055,0.000 %,31.12.2019
2918999060,0.000 %,31.12.2023
2918999065,0.000 %,31.12.2019
2918999070,0.000 %,31.12.2019
2918999075,0.000 %,31.12.2019
2918999080,0.000 %,31.12.2021
2918999085,0.000 %,31.12.2020
2919900010,0.000 %,31.12.2023
2919900015,0.000 %,31.12.2023
2919900030,0.000 %,31.12.2023
2919900040,0.000 %,31.12.2023
2919900050,0.000 %,31.12.2021
2919900060,0.000 %,31.12.2023
2919900070,0.000 %,31.12.2019
2920190010,0.000 %,31.12.2023
2920190020,0.000 %,31.12.2023
2920190030,0.000 %,31.12.2019
2920230000,0.000 %,31.12.2023
2920240000,0.000 %,31.12.2021
2920290010,0.000 %,31.12.2023
2920290015,0.000 %,31.12.2022
2920290020,0.000 %,31.12.2020
2920290030,0.000 %,31.12.2020
2920290040,0.000 %,31.12.2020
2920290050,0.000 %,31.12.2023
2920290060,0.000 %,31.12.2021
2920901010,0.000 %,31.12.2023
2920901015,0.000 %,31.12.2023
2920901020,0.000 %,31.12.2023
2920901025,0.000 %,31.12.2023
2920901035,0.000 %,31.12.2023
2920901040,0.000 %,31.12.2023
2920901050,0.000 %,31.12.2023
2920901060,0.000 %,31.12.2022
2920901080,0.000 %,31.12.2021
2920907030,0.000 %,31.12.2023
2920907060,0.000 %,31.12.2023
2920907080,0.000 %,31.12.2020
2921130000,0.000 %,31.12.2022
2921195010,0.000 %,31.12.2019
2921199920,0.000 %,31.12.2023
2921199925,0.000 %,31.12.2023
2921199930,0.000 %,31.12.2023
2921199945,0.000 %,31.12.2021
2921199970,0.000 %,31.12.2022
2921199980,0.000 %,31.12.2019
2921290020,0.000 %,31.12.2023
2921290030,0.000 %,31.12.2023
2921290040,0.000 %,31.12.2020
2921290050,0.000 %,31.12.2021
2921301010,0.000 %,31.12.2023
2921309930,0.000 %,31.12.2020
2921309940,0.000 %,31.12.2022
2921420015,0.000 %,31.12.2019
2921420025,0.000 %,31.12.2023
2921420033,0.000 %,31.12.2020
2921420035,0.000 %,31.12.2023
2921420040,0.000 %,31.12.2019
2921420045,0.000 %,31.12.2023
2921420050,0.000 %,31.12.2023
2921420070,0.000 %,31.12.2019
2921420080,0.000 %,31.12.2023
2921420085,0.000 %,31.12.2023
2921420086,0.000 %,31.12.2022
2921420087,0.000 %,31.12.2022
2921420088,0.000 %,31.12.2022
2921430020,0.000 %,31.12.2023
2921430030,0.000 %,31.12.2023
2921430040,0.000 %,31.12.2019
2921430050,0.000 %,31.12.2020
2921430060,0.000 %,31.12.2020
2921440020,0.000 %,31.12.2023
2921450020,0.000 %,31.12.2019
2921450050,0.000 %,31.12.2019
2921450060,0.000 %,31.12.2022
2921450070,0.000 %,31.12.2022
2921490020,3.500 %,31.12.2023
2921490040,0.000 %,31.12.2023
2921490060,0.000 %,31.12.2020
2921490080,0.000 %,31.12.2020
2921511930,0.000 %,31.12.2023
2921511940,0.000 %,31.12.2021
2921511950,0.000 %,31.12.2019
2921511960,0.000 %,31.12.2019
2921511970,0.000 %,31.12.2020
2921599010,0.000 %,31.12.2023
2921599030,0.000 %,31.12.2022
2921599040,0.000 %,31.12.2023
2921599060,0.000 %,31.12.2022
2921599070,0.000 %,31.12.2020
2922190020,0.000 %,31.12.2022
2922190030,0.000 %,31.12.2023
2922190035,0.000 %,31.12.2020
2922190040,0.000 %,31.12.2021
2922190045,0.000 %,31.12.2023
2922190050,0.000 %,31.12.2019
2922190060,0.000 %,31.12.2023
2922190065,0.000 %,31.12.2023
2922190075,0.000 %,31.12.2023
2922190080,0.000 %,31.12.2019
2922190085,0.000 %,31.12.2023
2922210010,0.000 %,31.12.2019
2922210030,0.000 %,31.12.2019
2922210040,0.000 %,31.12.2023
2922210050,0.000 %,31.12.2019
2922210060,0.000 %,31.12.2023
2922290020,0.000 %,31.12.2023
2922290025,0.000 %,31.12.2023
2922290030,0.000 %,31.12.2020
2922290040,0.000 %,31.12.2020
2922290045,0.000 %,31.12.2023
2922290063,0.000 %,31.12.2020
2922290065,0.000 %,31.12.2019
2922290067,0.000 %,31.12.2023
2922290070,0.000 %,31.12.2023
2922290073,0.000 %,31.12.2021
2922290075,0.000 %,31.12.2020
2922290080,0.000 %,31.12.2023
2922290085,0.000 %,31.12.2023
2922390010,0.000 %,31.12.2023
2922390015,0.000 %,31.12.2022
2922390020,0.000 %,31.12.2020
2922390025,0.000 %,31.12.2020
2922390035,0.000 %,31.12.2020
2922430010,0.000 %,31.12.2023
2922498510,0.000 %,31.12.2023
2922498520,0.000 %,31.12.2022
2922498525,0.000 %,31.12.2019
2922498530,0.000 %,31.12.2020
2922498535,0.000 %,31.12.2021
2922498540,0.000 %,31.12.2023
2922498545,0.000 %,31.12.2020
2922498550,0.000 %,31.12.2019
2922498555,0.000 %,31.12.2019
2922498560,0.000 %,31.12.2022
2922498565,0.000 %,31.12.2020
2922498570,0.000 %,31.12.2023
2922498575,0.000 %,31.12.2022
2922498580,0.000 %,31.12.2023
2922500010,0.000 %,31.12.2021
2922500015,0.000 %,31.12.2022
2922500020,0.000 %,31.12.2019
2922500035,0.000 %,31.12.2023
2922500070,0.000 %,31.12.2023
2923100010,0.000 %,31.12.2019
2923900010,0.000 %,31.12.2023
2923900020,0.000 %,31.12.2019
2923900025,0.000 %,31.12.2023
2923900055,0.000 %,31.12.2021
2923900070,0.000 %,31.12.2023
2923900075,0.000 %,31.12.2020
2923900080,0.000 %,31.12.2023
2923900085,0.000 %,31.12.2019
2924190010,0.000 %,31.12.2023
2924190015,0.000 %,31.12.2019
2924190020,0.000 %,31.12.2020
2924190025,0.000 %,31.12.2022
2924190030,0.000 %,31.12.2023
2924190035,0.000 %,31.12.2019
2924190045,0.000 %,31.12.2021
2924190050,0.000 %,31.12.2023
2924190055,0.000 %,31.12.2021
2924190060,0.000 %,31.12.2021
2924190065,0.000 %,31.12.2023
2924190070,0.000 %,31.12.2023
2924190080,0.000 %,31.12.2022
2924210010,0.000 %,31.12.2023
2924210020,0.000 %,31.12.2019
2924250000,0.000 %,31.12.2023
2924297012,0.000 %,31.12.2019
2924297015,0.000 %,31.12.2023
2924297017,0.000 %,31.12.2019
2924297019,0.000 %,31.12.2019
2924297020,0.000 %,31.12.2019
2924297023,0.000 %,31.12.2019
2924297027,0.000 %,31.12.2021
2924297030,0.000 %,31.12.2021
2924297033,0.000 %,31.12.2019
2924297037,0.000 %,31.12.2023
2924297040,0.000 %,31.12.2020
2924297045,0.000 %,31.12.2020
2924297050,0.000 %,31.12.2021
2924297053,0.000 %,31.12.2022
2924297055,0.000 %,31.12.2020
2924297060,0.000 %,31.12.2020
2924297061,0.000 %,31.12.2020
2924297062,0.000 %,31.12.2020
2924297063,0.000 %,31.12.2021
2924297064,0.000 %,31.12.2020
2924297073,0.000 %,31.12.2019
2924297075,0.000 %,31.12.2023
2924297085,0.000 %,31.12.2023
2924297086,0.000 %,31.12.2022
2924297088,0.000 %,31.12.2023
2924297089,0.000 %,31.12.2023
2924297091,0.000 %,31.12.2023
2924297092,0.000 %,31.12.2019
2924297093,0.000 %,31.12.2023
2924297094,0.000 %,31.12.2023
2924297097,0.000 %,31.12.2023
2925110020,0.000 %,31.12.2023
2925199510,0.000 %,31.12.2023
2925199520,0.000 %,31.12.2022
2925199530,0.000 %,31.12.2022
2925290010,0.000 %,31.12.2023
2925290020,0.000 %,31.12.2023
2925290030,0.000 %,31.12.2020
2926907012,0.000 %,31.12.2019
2926907013,0.000 %,31.12.2019
2926907014,0.000 %,31.12.2020
2926907015,0.000 %,31.12.2022
2926907016,0.000 %,31.12.2019
2926907017,0.000 %,31.12.2020
2926907018,0.000 %,31.12.2022
2926907019,0.000 %,31.12.2023
2926907020,0.000 %,31.12.2019
2926907021,0.000 %,31.12.2023
2926907022,0.000 %,31.12.2023
2926907023,0.000 %,31.12.2023
2926907025,0.000 %,31.12.2021
2926907027,0.000 %,31.12.2023
2926907030,0.000 %,31.12.2021
2926907033,0.000 %,31.12.2022
2926907035,0.000 %,31.12.2021
2926907040,0.000 %,31.12.2021
2926907050,0.000 %,31.12.2023
2926907061,0.000 %,31.12.2021
2926907064,0.000 %,31.12.2019
2926907070,0.000 %,31.12.2019
2926907074,0.000 %,31.12.2019
2926907075,0.000 %,31.12.2019
2926907080,0.000 %,31.12.2023
2926907086,0.000 %,31.12.2023
2926907089,0.000 %,31.12.2023
2927000010,0.000 %,31.12.2023
2927000020,0.000 %,31.12.2023
2927000025,0.000 %,31.12.2022
2927000030,0.000 %,31.12.2023
2927000035,0.000 %,31.12.2019
2927000060,0.000 %,31.12.2023
2927000080,0.000 %,31.12.2022
2928009010,0.000 %,31.12.2023
2928009013,0.000 %,31.12.2019
2928009018,0.000 %,31.12.2019
2928009023,0.000 %,31.12.2020
2928009025,0.000 %,31.12.2020
2928009028,0.000 %,31.12.2021
2928009030,0.000 %,31.12.2021
2928009033,0.000 %,31.12.2023
2928009040,0.000 %,31.12.2023
2928009045,0.000 %,31.12.2023
2928009050,0.000 %,31.12.2020
2928009055,0.000 %,31.12.2023
2928009065,0.000 %,31.12.2019
2928009070,0.000 %,31.12.2023
2928009075,0.000 %,31.12.2021
2928009080,0.000 %,31.12.2023
2928009085,0.000 %,31.12.2021
2929100015,0.000 %,31.12.2019
2929100020,0.000 %,31.12.2022
2929100040,0.000 %,31.12.2023
2929100050,0.000 %,31.12.2023
2929100055,0.000 %,31.12.2022
2929100060,0.000 %,31.12.2023
2929100080,0.000 %,31.12.2022
2929900020,0.000 %,31.12.2019
2930200010,0.000 %,31.12.2022
2930200020,0.000 %,31.12.2021
2930909810,0.000 %,31.12.2020
2930909812,0.000 %,31.12.2023
2930909813,0.000 %,31.12.2021
2930909815,0.000 %,31.12.2023
2930909816,0.000 %,31.12.2019
2930909817,0.000 %,31.12.2019
2930909819,0.000 %,31.12.2020
2930909821,0.000 %,31.12.2021
2930909822,0.000 %,31.12.2020
2930909823,0.000 %,31.12.2023
2930909825,0.000 %,31.12.2023
2930909826,0.000 %,31.12.2020
2930909827,0.000 %,31.12.2019
2930909830,0.000 %,31.12.2023
2930909833,0.000 %,31.12.2019
2930909835,0.000 %,31.12.2021
2930909840,0.000 %,31.12.2023
2930909843,0.000 %,31.12.2023
2930909845,0.000 %,31.12.2019
2930909853,0.000 %,31.12.2020
2930909855,0.000 %,31.12.2020
2930909857,0.000 %,31.12.2020
2930909860,0.000 %,31.12.2023
2930909864,0.000 %,31.12.2019
2930909865,0.000 %,31.12.2022
2930909868,0.000 %,31.12.2022
2930909877,0.000 %,31.12.2023
2930909878,0.000 %,31.12.2021
2930909880,0.000 %,31.12.2023
2930909881,3.000 %,31.12.2019
2930909885,0.000 %,31.12.2021
2930909889,0.000 %,31.12.2021
2930909893,0.000 %,31.12.2021
2930909895,0.000 %,31.12.2021
2930909897,0.000 %,31.12.2021
2931399008,0.000 %,31.12.2022
2931399013,0.000 %,31.12.2021
2931399023,0.000 %,31.12.2023
2931399025,0.000 %,31.12.2022
2931399028,0.000 %,31.12.2019
2931399030,0.000 %,31.12.2023
2931399035,0.000 %,31.12.2023
2931399040,0.000 %,31.12.2021
2931399045,0.000 %,31.12.2023
2931399048,0.000 %,31.12.2019
2931399055,0.000 %,31.12.2023
2931399057,0.000 %,31.12.2020
2931900003,0.000 %,31.12.2023
2931900005,0.000 %,31.12.2020
2931900010,0.000 %,31.12.2022
2931900015,0.000 %,31.12.2019
2931900018,0.000 %,31.12.2019
2931900020,0.000 %,31.12.2022
2931900033,0.000 %,31.12.2019
2931900035,0.000 %,31.12.2019
2931900050,0.000 %,31.12.2021
2931900053,0.000 %,31.12.2019
2931900060,0.000 %,31.12.2020
2931900063,0.000 %,31.12.2020
2931900065,0.000 %,31.12.2020
2931900067,0.000 %,31.12.2020
2931900070,0.000 %,31.12.2020
2932130010,0.000 %,31.12.2023
2932140010,0.000 %,31.12.2019
2932190020,0.000 %,31.12.2020
2932190040,0.000 %,31.12.2019
2932190041,0.000 %,31.12.2019
2932190070,0.000 %,31.12.2019
2932190075,0.000 %,31.12.2023
2932190080,0.000 %,31.12.2021
2932209010,0.000 %,31.12.2023
2932209015,0.000 %,31.12.2021
2932209040,0.000 %,31.12.2022
2932209045,0.000 %,31.12.2023
2932209050,0.000 %,31.12.2022
2932209055,0.000 %,31.12.2023
2932209060,0.000 %,31.12.2021
2932209065,0.000 %,31.12.2020
2932209071,0.000 %,31.12.2021
2932209080,0.000 %,31.12.2023
2932209084,0.000 %,31.12.2023
2932990010,0.000 %,31.12.2023
2932990013,0.000 %,31.12.2021
2932990015,0.000 %,31.12.2021
2932990018,0.000 %,31.12.2021
2932990020,0.000 %,31.12.2021
2932990023,0.000 %,31.12.2022
2932990025,0.000 %,31.12.2022
2932990033,0.000 %,31.12.2023
2932990043,0.000 %,31.12.2019
2932990045,0.000 %,31.12.2019
2932990050,0.000 %,31.12.2020
2932990053,0.000 %,31.12.2023
2932990055,0.000 %,31.12.2019
2932990065,0.000 %,31.12.2020
2932990070,0.000 %,31.12.2021
2932990075,0.000 %,31.12.2021
2932990080,0.000 %,31.12.2023
2932990085,0.000 %,31.12.2023
2933199015,0.000 %,31.12.2019
2933199025,0.000 %,31.12.2019
2933199030,0.000 %,31.12.2023
2933199035,0.000 %,31.12.2020
2933199040,0.000 %,31.12.2023
2933199045,0.000 %,31.12.2021
2933199050,0.000 %,31.12.2019
2933199055,0.000 %,31.12.2021
2933199060,0.000 %,31.12.2019
2933199070,0.000 %,31.12.2023
2933199080,0.000 %,31.12.2022
2933210035,0.000 %,31.12.2020
2933210050,0.000 %,31.12.2021
2933210055,0.000 %,31.12.2020
2933210060,0.000 %,31.12.2021
2933210080,0.000 %,31.12.2020
2933299015,0.000 %,31.12.2023
2933299018,0.000 %,31.12.2023
2933299025,0.000 %,31.12.2023
2933299040,0.000 %,31.12.2019
2933299045,0.000 %,31.12.2023
2933299050,0.000 %,31.12.2023
2933299055,0.000 %,31.12.2019
2933299060,0.000 %,31.12.2021
2933299065,0.000 %,31.12.2020
2933299070,0.000 %,31.12.2021
2933299075,0.000 %,31.12.2021
2933299080,0.000 %,31.12.2022
2933395000,0.000 %,31.12.2019
2933399910,0.000 %,31.12.2021
2933399911,0.000 %,31.12.2019
2933399912,0.000 %,31.12.2022
2933399913,0.000 %,31.12.2020
2933399914,0.000 %,31.12.2020
2933399916,0.000 %,31.12.2020
2933399917,0.000 %,31.12.2020
2933399919,0.000 %,31.12.2020
2933399920,0.000 %,31.12.2020
2933399921,0.000 %,31.12.2019
2933399922,0.000 %,31.12.2019
2933399923,0.000 %,31.12.2020
2933399924,0.000 %,31.12.2019
2933399925,0.000 %,31.12.2023
2933399926,0.000 %,31.12.2020
2933399927,0.000 %,31.12.2021
2933399928,0.000 %,31.12.2019
2933399929,0.000 %,31.12.2021
2933399931,0.000 %,31.12.2019
2933399932,0.000 %,31.12.2021
2933399933,0.000 %,31.12.2021
2933399934,0.000 %,31.12.2019
2933399935,0.000 %,31.12.2023
2933399936,0.000 %,31.12.2022
2933399937,0.000 %,31.12.2021
2933399938,0.000 %,31.12.2022
2933399939,0.000 %,31.12.2022
2933399941,0.000 %,31.12.2021
2933399945,0.000 %,31.12.2019
2933399946,0.000 %,31.12.2021
2933399947,0.000 %,31.12.2021
2933399948,0.000 %,31.12.2019
2933399951,0.000 %,31.12.2022
2933399952,0.000 %,31.12.2023
2933399953,0.000 %,31.12.2019
2933399954,0.000 %,31.12.2023
2933399955,0.000 %,31.12.2019
2933399957,0.000 %,31.12.2022
2933399960,0.000 %,31.12.2023
2933399965,0.000 %,31.12.2023
2933399967,0.000 %,31.12.2023
2933399970,0.000 %,31.12.2021
2933399972,0.000 %,31.12.2021
2933399977,0.000 %,31.12.2023
2933399985,0.000 %,31.12.2020
2933491010,0.000 %,31.12.2023
2933491020,0.000 %,31.12.2023
2933491030,0.000 %,31.12.2022
2933491040,0.000 %,31.12.2019
2933491050,0.000 %,31.12.2020
2933491060,0.000 %,31.12.2023
2933499025,0.000 %,31.12.2021
2933499030,0.000 %,31.12.2020
2933499035,0.000 %,31.12.2020
2933499040,0.000 %,31.12.2020
2933499045,0.000 %,31.12.2023
2933499065,0.000 %,31.12.2023
2933499070,0.000 %,31.12.2023
2933520010,0.000 %,31.12.2021
2933599510,0.000 %,31.12.2019
2933599513,0.000 %,31.12.2023
2933599515,0.000 %,31.12.2023
2933599517,0.000 %,31.12.2019
2933599518,0.000 %,31.12.2020
2933599520,0.000 %,31.12.2023
2933599521,0.000 %,31.12.2020
2933599522,0.000 %,31.12.2022
2933599523,0.000 %,31.12.2019
2933599524,0.000 %,31.12.2022
2933599526,0.000 %,31.12.2022
2933599527,0.000 %,31.12.2023
2933599530,0.000 %,31.12.2023
2933599533,0.000 %,31.12.2019
2933599537,0.000 %,31.12.2019
2933599543,0.000 %,31.12.2019
2933599545,0.000 %,31.12.2019
2933599547,0.000 %,31.12.2020
2933599550,0.000 %,31.12.2019
2933599553,0.000 %,31.12.2020
2933599557,0.000 %,31.12.2020
2933599560,0.000 %,31.12.2023
2933599565,0.000 %,31.12.2019
2933599570,0.000 %,31.12.2023
2933599575,0.000 %,31.12.2019
2933599577,0.000 %,31.12.2022
2933599587,0.000 %,31.12.2021
2933599589,0.000 %,31.12.2021
2933698013,0.000 %,31.12.2020
2933698015,0.000 %,31.12.2020
2933698017,0.000 %,31.12.2020
2933698040,0.000 %,31.12.2021
2933698045,0.000 %,31.12.2023
2933698055,0.000 %,31.12.2020
2933698060,0.000 %,31.12.2020
2933698065,0.000 %,31.12.2023
2933698075,0.000 %,31.12.2019
2933698080,0.000 %,31.12.2023
2933790015,0.000 %,31.12.2021
2933790025,0.000 %,31.12.2022
2933790030,0.000 %,31.12.2022
2933790035,0.000 %,31.12.2023
2933790050,0.000 %,31.12.2023
2933790060,0.000 %,31.12.2019
2933790070,0.000 %,31.12.2020
2933998011,0.000 %,31.12.2019
2933998012,0.000 %,31.12.2019
2933998013,0.000 %,31.12.2021
2933998014,0.000 %,31.12.2023
2933998015,0.000 %,31.12.2023
2933998016,0.000 %,31.12.2020
2933998017,0.000 %,31.12.2020
2933998019,0.000 %,31.12.2019
2933998020,0.000 %,31.12.2023
2933998021,0.000 %,31.12.2020
2933998023,0.000 %,31.12.2019
2933998024,0.000 %,31.12.2022
2933998026,0.000 %,31.12.2020
2933998027,0.000 %,31.12.2019
2933998029,0.000 %,31.12.2020
2933998030,0.000 %,31.12.2023
2933998031,0.000 %,31.12.2020
2933998033,0.000 %,31.12.2019
2933998034,0.000 %,31.12.2021
2933998036,0.000 %,31.12.2021
2933998037,0.000 %,31.12.2019
2933998038,0.000 %,31.12.2021
2933998039,0.000 %,31.12.2021
2933998040,0.000 %,31.12.2023
2933998041,0.000 %,31.12.2022
2933998042,0.000 %,31.12.2021
2933998044,0.000 %,31.12.2021
2933998045,0.000 %,31.12.2023
2933998046,0.000 %,31.12.2022
2933998047,0.000 %,31.12.2022
2933998048,0.000 %,31.12.2022
2933998050,3.200 %,31.12.2023
2933998051,0.000 %,31.12.2021
2933998052,0.000 %,31.12.2020
2933998053,0.000 %,31.12.2023
2933998054,0.000 %,31.12.2020
2933998055,0.000 %,31.12.2019
2933998056,0.000 %,31.12.2023
2933998057,0.000 %,31.12.2023
2933998067,0.000 %,31.12.2021
2933998071,0.000 %,31.12.2023
2933998072,0.000 %,31.12.2023
2933998074,0.000 %,31.12.2019
2933998078,0.000 %,31.12.2023
2933998081,0.000 %,31.12.2021
2933998082,0.000 %,31.12.2023
2933998089,0.000 %,31.12.2023
2934100010,0.000 %,31.12.2023
2934100015,0.000 %,31.12.2022
2934100020,0.000 %,31.12.2023
2934100025,0.000 %,31.12.2022
2934100035,0.000 %,31.12.2022
2934100045,0.000 %,31.12.2019
2934100060,0.000 %,31.12.2019
2934100080,0.000 %,31.12.2021
2934208015,0.000 %,31.12.2022
2934208030,0.000 %,31.12.2021
2934208040,0.000 %,31.12.2022
2934208050,0.000 %,31.12.2019
2934208060,0.000 %,31.12.2020
2934208070,0.000 %,31.12.2020
2934309010,0.000 %,31.12.2022
2934999010,0.000 %,31.12.2019
2934999012,0.000 %,31.12.2023
2934999015,0.000 %,31.12.2023
2934999016,0.000 %,31.12.2019
2934999019,0.000 %,31.12.2019
2934999020,0.000 %,31.12.2019
2934999023,0.000 %,31.12.2021
2934999024,0.000 %,31.12.2019
2934999025,0.000 %,31.12.2020
2934999026,0.000 %,31.12.2019
2934999027,0.000 %,31.12.2019
2934999028,0.000 %,31.12.2021
2934999030,0.000 %,31.12.2019
2934999031,0.000 %,31.12.2020
2934999032,0.000 %,31.12.2020
2934999034,0.000 %,31.12.2020
2934999036,0.000 %,31.12.2020
2934999037,0.000 %,31.12.2022
2934999039,0.000 %,31.12.2020
2934999041,0.000 %,31.12.2020
2934999042,0.000 %,31.12.2019
2934999044,0.000 %,31.12.2020
2934999046,0.000 %,31.12.2021
2934999047,0.000 %,31.12.2021
2934999048,0.000 %,31.12.2021
2934999049,0.000 %,31.12.2021
2934999050,0.000 %,31.12.2020
2934999052,0.000 %,31.12.2022
2934999053,0.000 %,31.12.2021
2934999054,0.000 %,31.12.2022
2934999056,0.000 %,31.12.2022
2934999057,0.000 %,31.12.2022
2934999058,0.000 %,31.12.2023
2934999059,0.000 %,31.12.2022
2934999060,0.000 %,31.12.2023
2934999061,0.000 %,31.12.2023
2934999062,0.000 %,31.12.2023
2934999063,0.000 %,31.12.2023
2934999064,0.000 %,31.12.2023
2934999066,0.000 %,31.12.2023
2934999074,0.000 %,31.12.2022
2934999075,0.000 %,31.12.2021
2934999076,0.000 %,31.12.2021
2934999079,0.000 %,31.12.2023
2934999083,0.000 %,31.12.2019
2934999084,0.000 %,31.12.2019
2934999086,0.000 %,31.12.2020
2934999087,0.000 %,31.12.2020
2935909010,0.000 %,31.12.2019
2935909015,0.000 %,31.12.2023
2935909020,0.000 %,31.12.2023
2935909023,0.000 %,31.12.2021
2935909025,0.000 %,31.12.2023
2935909027,0.000 %,31.12.2021
2935909028,0.000 %,31.12.2023
2935909030,0.000 %,31.12.2021
2935909035,0.000 %,31.12.2023
2935909040,0.000 %,31.12.2022
2935909042,0.000 %,31.12.2020
2935909043,0.000 %,31.12.2019
2935909045,0.000 %,31.12.2023
2935909047,0.000 %,31.12.2019
2935909048,0.000 %,31.12.2021
2935909050,0.000 %,31.12.2023
2935909052,0.000 %,31.12.2020
2935909053,0.000 %,31.12.2019
2935909054,0.000 %,31.12.2020
2935909055,0.000 %,31.12.2023
2935909056,0.000 %,31.12.2020
2935909057,0.000 %,31.12.2020
2935909058,0.000 %,31.12.2020
2935909059,0.000 %,31.12.2020
2935909063,0.000 %,31.12.2019
2935909065,0.000 %,31.12.2023
2935909067,0.000 %,31.12.2021
2935909073,0.000 %,31.12.2022
2935909075,0.000 %,31.12.2023
2935909077,0.000 %,31.12.2019
2935909085,0.000 %,31.12.2019
2935909088,0.000 %,31.12.2023
2935909089,0.000 %,31.12.2021
2938903010,0.000 %,31.12.2020
2938909010,0.000 %,31.12.2023
2938909020,0.000 %,31.12.2023
2938909030,0.000 %,31.12.2022
2938909040,0.000 %,31.12.2022
2940000030,0.000 %,31.12.2021
2941203010,0.000 %,31.12.2021
2942000010,0.000 %,31.12.2021
3201200000,0.000 %,31.12.2023
3201909020,0.000 %,31.12.2023
3201909040,0.000 %,31.12.2020
3202900010,0.000 %,31.12.2020
3204110015,0.000 %,31.12.2023
3204110020,0.000 %,31.12.2020
3204110025,0.000 %,31.12.2019
3204110035,0.000 %,31.12.2022
3204110040,0.000 %,31.12.2021
3204110045,0.000 %,31.12.2020
3204110050,0.000 %,31.12.2021
3204110060,0.000 %,31.12.2021
3204120010,0.000 %,31.12.2021
3204120015,0.000 %,31.12.2021
3204120017,0.000 %,31.12.2021
3204120025,0.000 %,31.12.2021
3204120027,0.000 %,31.12.2021
3204120035,0.000 %,31.12.2021
3204120037,0.000 %,31.12.2021
3204120040,0.000 %,31.12.2023
3204120045,0.000 %,31.12.2021
3204120047,0.000 %,31.12.2021
3204120055,0.000 %,31.12.2021
3204120057,0.000 %,31.12.2021
3204120060,0.000 %,31.12.2019
3204120065,0.000 %,31.12.2021
3204120070,0.000 %,31.12.2020
3204130010,0.000 %,31.12.2021
3204130015,0.000 %,31.12.2022
3204130025,0.000 %,31.12.2022
3204130030,0.000 %,31.12.2023
3204130035,0.000 %,31.12.2022
3204130040,0.000 %,31.12.2022
3204130045,0.000 %,31.12.2022
3204130050,0.000 %,31.12.2019
3204130060,0.000 %,31.12.2019
3204140010,0.000 %,31.12.2019
3204140020,0.000 %,31.12.2019
3204140030,0.000 %,31.12.2019
3204140040,0.000 %,31.12.2021
3204150060,0.000 %,31.12.2023
3204150070,0.000 %,31.12.2023
3204160030,0.000 %,31.12.2019
3204160040,0.000 %,31.12.2022
3204170010,0.000 %,31.12.2023
3204170015,0.000 %,31.12.2021
3204170016,0.000 %,31.12.2020
3204170017,0.000 %,31.12.2019
3204170018,0.000 %,31.12.2021
3204170019,0.000 %,31.12.2023
3204170020,0.000 %,31.12.2021
3204170021,0.000 %,31.12.2019
3204170022,0.000 %,31.12.2021
3204170023,0.000 %,31.12.2019
3204170024,0.000 %,31.12.2023
3204170025,0.000 %,31.12.2021
3204170026,0.000 %,31.12.2022
3204170029,0.000 %,31.12.2022
3204170033,0.000 %,31.12.2020
3204170035,0.000 %,31.12.2021
3204170037,0.000 %,31.12.2023
3204170040,0.000 %,31.12.2019
3204170045,0.000 %,31.12.2023
3204170065,0.000 %,31.12.2021
3204170075,0.000 %,31.12.2022
3204170080,0.000 %,31.12.2022
3204170085,0.000 %,31.12.2022
3204170088,0.000 %,31.12.2022
3204190012,0.000 %,31.12.2019
3204190013,0.000 %,31.12.2021
3204190014,0.000 %,31.12.2019
3204190016,0.000 %,31.12.2022
3204190021,0.000 %,31.12.2019
3204190070,0.000 %,31.12.2019
3204190071,0.000 %,31.12.2020
3204190073,0.000 %,31.12.2020
3204190077,0.000 %,31.12.2021
3204190084,0.000 %,31.12.2022
3204200010,0.000 %,31.12.2021
3204200030,0.000 %,31.12.2021
3204900010,0.000 %,31.12.2019
3204900020,0.000 %,31.12.2022
3205000010,0.000 %,31.12.2023
3206110010,0.000 %,31.12.2023
3206190010,0.000 %,31.12.2021
3206420010,0.000 %,31.12.2023
3206497020,0.000 %,31.12.2019
3206497030,0.000 %,31.12.2022
3206497040,0.000 %,31.12.2022
3206500000,0.000 %,31.12.2023
3207300020,0.000 %,31.12.2019
3207408540,0.000 %,31.12.2022
3208101010,0.000 %,31.12.2020
3208201010,0.000 %,31.12.2023
3208201020,0.000 %,31.12.2023
3208901915,0.000 %,31.12.2023
3208901920,0.000 %,31.12.2020
3208901925,0.000 %,31.12.2022
3208901940,0.000 %,31.12.2023
3208901945,0.000 %,31.12.2023
3208901947,0.000 %,31.12.2021
3208901950,0.000 %,31.12.2023
3208901960,0.000 %,31.12.2021
3208901965,0.000 %,31.12.2019
3208901975,0.000 %,31.12.2022
3215110010,0.000 %,31.12.2023
3215190010,0.000 %,31.12.2023
3215190020,0.000 %,31.12.2022
3215907010,0.000 %,31.12.2023
3215907020,0.000 %,31.12.2023
3215907030,0.000 %,31.12.2023
3215907040,0.000 %,31.12.2020
3301121000,0.000 %,31.12.2023
3402119010,0.000 %,31.12.2020
3402130010,0.000 %,31.12.2023
3402130020,0.000 %,31.12.2022
3402901010,0.000 %,31.12.2019
3402901020,0.000 %,31.12.2023
3402901030,0.000 %,31.12.2020
3402901050,0.000 %,31.12.2020
3402901060,0.000 %,31.12.2020
3402901070,0.000 %,31.12.2019
3501909010,0.000 %,31.12.2023
3506911010,0.000 %,31.12.2023
3506911030,0.000 %,31.12.2023
3506911040,0.000 %,31.12.2019
3506911050,0.000 %,31.12.2020
3506919010,0.000 %,31.12.2023
3506919030,0.000 %,31.12.2023
3506919040,0.000 %,31.12.2019
3506919050,0.000 %,31.12.2020
3506919060,0.000 %,31.12.2022
3506919070,0.000 %,31.12.2022
3507909010,0.000 %,31.12.2019
3507909020,0.000 %,31.12.2020
3507909030,0.000 %,31.12.2021
3601000010,0.000 %,31.12.2021
3603006010,0.000 %,31.12.2022
3701300020,0.000 %,31.12.2019
3701300030,0.000 %,31.12.2023
3701990010,0.000 %,31.12.2023
3707100010,0.000 %,31.12.2023
3707100015,0.000 %,31.12.2023
3707100025,0.000 %,31.12.2023
3707100030,0.000 %,31.12.2023
3707100035,0.000 %,31.12.2021
3707100040,0.000 %,31.12.2021
3707100045,0.000 %,31.12.2019
3707100050,0.000 %,31.12.2019
3707100055,0.000 %,31.12.2023
3707100060,0.000 %,31.12.2022
3707902910,0.000 %,31.12.2023
3707902940,0.000 %,31.12.2023
3707902950,0.000 %,31.12.2022
3801100010,0.000 %,31.12.2022
3801900010,0.000 %,31.12.2021
3801900030,0.000 %,31.12.2023
3802100010,0.000 %,31.12.2020
3802100020,0.000 %,31.12.2022
3802100030,0.000 %,31.12.2021
3805901000,1.700 %,31.12.2023
3806900010,0.000 %,31.12.2021
3808919010,0.000 %,31.12.2023
3808919030,0.000 %,31.12.2019
3808919040,0.000 %,31.12.2023
3808919060,0.000 %,31.12.2022
3808923010,0.000 %,31.12.2020
3808929010,0.000 %,31.12.2023
3808929030,0.000 %,31.12.2023
3808929050,0.000 %,31.12.2019
3808932310,0.000 %,31.12.2019
3808932740,0.000 %,31.12.2021
3808939010,0.000 %,31.12.2019
3808939020,0.000 %,31.12.2020
3808939030,0.000 %,31.12.2020
3808939040,0.000 %,31.12.2020
3808939050,0.000 %,31.12.2020
3808939060,0.000 %,31.12.2022
3808942030,0.000 %,31.12.2019
3808999010,0.000 %,31.12.2020
3808999020,0.000 %,31.12.2023
3809910010,0.000 %,31.12.2023
3809920020,0.000 %,31.12.2019
3810100010,0.000 %,31.12.2023
3811190010,0.000 %,31.12.2019
3811210010,0.000 %,31.12.2023
3811210011,0.000 %,31.12.2021
3811210012,0.000 %,31.12.2020
3811210013,0.000 %,31.12.2019
3811210014,0.000 %,31.12.2020
3811210016,0.000 %,31.12.2020
3811210018,0.000 %,31.12.2020
3811210019,0.000 %,31.12.2019
3811210020,0.000 %,31.12.2023
3811210025,0.000 %,31.12.2019
3811210027,0.000 %,31.12.2019
3811210030,0.000 %,31.12.2022
3811210033,0.000 %,31.12.2019
3811210037,0.000 %,31.12.2019
3811210048,0.000 %,31.12.2019
3811210050,0.000 %,31.12.2022
3811210053,0.000 %,31.12.2019
3811210055,0.000 %,31.12.2019
3811210060,0.000 %,31.12.2022
3811210063,0.000 %,31.12.2019
3811210065,0.000 %,31.12.2019
3811210070,0.000 %,31.12.2022
3811210073,0.000 %,31.12.2023
3811210075,0.000 %,31.12.2020
3811210077,0.000 %,31.12.2020
3811210080,0.000 %,31.12.2020
3811210083,0.000 %,31.12.2019
3811210085,0.000 %,31.12.2022
3811290015,0.000 %,31.12.2019
3811290018,0.000 %,31.12.2023
3811290020,0.000 %,31.12.2022
3811290025,0.000 %,31.12.2019
3811290030,0.000 %,31.12.2022
3811290035,0.000 %,31.12.2019
3811290040,0.000 %,31.12.2022
3811290045,0.000 %,31.12.2019
3811290050,0.000 %,31.12.2022
3811290065,0.000 %,31.12.2020
3811290070,0.000 %,31.12.2019
3811290075,0.000 %,31.12.2021
3811290080,0.000 %,31.12.2019
3811290085,0.000 %,31.12.2019
3811900010,0.000 %,31.12.2023
3811900040,0.000 %,31.12.2022
3811900050,0.000 %,31.12.2021
3812100010,0.000 %,31.12.2021
3812209010,0.000 %,31.12.2023
3812391010,0.000 %,31.12.2019
3812399020,0.000 %,31.12.2023
3812399025,0.000 %,31.12.2023
3812399030,0.000 %,31.12.2019
3812399035,0.000 %,31.12.2023
3812399040,0.000 %,31.12.2023
3812399055,0.000 %,31.12.2021
3812399065,0.000 %,31.12.2021
3812399070,0.000 %,31.12.2021
3812399080,0.000 %,31.12.2022
3814009020,0.000 %,31.12.2023
3814009040,0.000 %,31.12.2023
3815120010,0.000 %,31.12.2023
3815199010,0.000 %,31.12.2021
3815199013,0.000 %,31.12.2021
3815199015,0.000 %,31.12.2023
3815199020,0.000 %,31.12.2023
3815199025,0.000 %,31.12.2023
3815199030,0.000 %,31.12.2023
3815199035,0.000 %,31.12.2023
3815199065,0.000 %,31.12.2023
3815199070,0.000 %,31.12.2023
3815199075,0.000 %,31.12.2023
3815199080,0.000 %,31.12.2023
3815199085,0.000 %,31.12.2023
3815199086,0.000 %,31.12.2023
3815199087,0.000 %,31.12.2023
3815909016,0.000 %,31.12.2022
3815909018,0.000 %,31.12.2022
3815909022,0.000 %,31.12.2022
3815909025,0.000 %,31.12.2023
3815909030,0.000 %,31.12.2020
3815909035,0.000 %,31.12.2023
3815909040,0.000 %,31.12.2023
3815909050,0.000 %,31.12.2023
3815909070,0.000 %,31.12.2019
3815909080,0.000 %,31.12.2020
3815909081,0.000 %,31.12.2023
3815909085,0.000 %,31.12.2022
3815909086,0.000 %,31.12.2023
3815909088,0.000 %,31.12.2023
3815909089,0.000 %,31.12.2021
3817005010,0.000 %,31.12.2023
3817008010,0.000 %,31.12.2023
3817008020,0.000 %,31.12.2023
3817008030,0.000 %,31.12.2021
3819000020,0.000 %,31.12.2023
3823193020,0.000 %,31.12.2023
3823193030,0.000 %,31.12.2023
3823199020,0.000 %,31.12.2023
3823199030,0.000 %,31.12.2023
3824991510,0.000 %,31.12.2023
3824999223,0.000 %,31.12.2020
3824999225,0.000 %,31.12.2021
3824999226,0.000 %,31.12.2022
3824999227,0.000 %,31.12.2021
3824999228,0.000 %,31.12.2020
3824999229,0.000 %,31.12.2020
3824999230,0.000 %,31.12.2021
3824999232,0.000 %,31.12.2019
3824999233,0.000 %,31.12.2023
3824999235,0.000 %,31.12.2023
3824999236,0.000 %,31.12.2021
3824999237,0.000 %,31.12.2023
3824999239,0.000 %,31.12.2023
3824999240,0.000 %,31.12.2020
3824999242,0.000 %,31.12.2023
3824999245,0.000 %,31.12.2023
3824999246,0.000 %,31.12.2020
3824999247,0.000 %,31.12.2022
3824999249,0.000 %,31.12.2022
3824999250,0.000 %,31.12.2022
3824999251,0.000 %,31.12.2023
3824999253,0.000 %,31.12.2023
3824999254,0.000 %,31.12.2021
3824999255,0.000 %,31.12.2023
3824999256,0.000 %,31.12.2019
3824999257,0.000 %,31.12.2019
3824999259,0.000 %,31.12.2023
3824999260,0.000 %,31.12.2020
3824999261,0.000 %,31.12.2020
3824999263,0.000 %,31.12.2023
3824999264,0.000 %,31.12.2021
3824999265,0.000 %,31.12.2019
3824999268,0.000 %,31.12.2020
3824999269,0.000 %,31.12.2020
3824999270,0.000 %,31.12.2019
3824999272,0.000 %,31.12.2023
3824999276,0.000 %,31.12.2023
3824999278,0.000 %,31.12.2023
3824999280,0.000 %,31.12.2022
3824999282,0.000 %,31.12.2019
3824999284,0.000 %,31.12.2023
3824999288,0.000 %,31.12.2020
3824999330,0.000 %,31.12.2019
3824999335,0.000 %,31.12.2019
3824999338,0.000 %,31.12.2022
3824999340,0.000 %,31.12.2023
3824999342,0.000 %,31.12.2023
3824999345,0.000 %,31.12.2021
3824999350,0.000 %,31.12.2021
3824999353,0.000 %,31.12.2023
3824999355,0.000 %,31.12.2021
3824999360,0.000 %,31.12.2023
3824999363,0.000 %,31.12.2022
3824999365,0.000 %,31.12.2023
3824999370,0.000 %,31.12.2019
3824999375,0.000 %,31.12.2019
3824999380,0.000 %,31.12.2019
3824999383,0.000 %,31.12.2023
3824999385,0.000 %,31.12.2023
3824999388,0.000 %,31.12.2022
3824999630,0.000 %,31.12.2022
3824999635,0.000 %,31.12.2023
3824999637,0.000 %,31.12.2019
3824999640,0.000 %,31.12.2023
3824999645,0.000 %,31.12.2022
3824999646,0.000 %,31.12.2020
3824999647,0.000 %,31.12.2023
3824999648,0.000 %,31.12.2020
3824999650,0.000 %,31.12.2022
3824999653,0.000 %,31.12.2023
3824999655,0.000 %,31.12.2023
3824999657,0.000 %,31.12.2023
3824999660,0.000 %,31.12.2021
3824999665,0.000 %,31.12.2023
3824999667,0.000 %,31.12.2019
3824999670,0.000 %,31.12.2021
3824999673,0.000 %,31.12.2019
3824999674,0.000 %,31.12.2021
3824999677,0.000 %,31.12.2019
3824999680,0.000 %,31.12.2021
3824999683,0.000 %,31.12.2023
3824999685,0.000 %,31.12.2023
3824999687,0.000 %,31.12.2022
3826001020,0.000 %,31.12.2023
3826001029,0.000 %,31.12.2023
3826001050,0.000 %,31.12.2023
3826001059,0.000 %,31.12.2023
3901101020,0.000 %,31.12.2019
3901109030,0.000 %,31.12.2021
3901400010,0.000 %,31.12.2019
3901400020,0.000 %,31.12.2020
3901400030,0.000 %,31.12.2020
3901400040,0.000 %,31.12.2020
3901908053,0.000 %,31.12.2020
3901908055,0.000 %,31.12.2020
3901908067,0.000 %,31.12.2020
3901908070,0.000 %,31.12.2020
3901908073,0.000 %,31.12.2021
3901908091,0.000 %,31.12.2023
3901908092,0.000 %,31.12.2023
3901908093,0.000 %,31.12.2023
3901908094,0.000 %,31.12.2023
3901908097,0.000 %,31.12.2023
3902100020,0.000 %,31.12.2023
3902100040,0.000 %,31.12.2019
3902200010,0.000 %,31.12.2023
3902200020,0.000 %,31.12.2023
3902300091,0.000 %,31.12.2023
3902300095,0.000 %,31.12.2021
3902300097,0.000 %,31.12.2021
3902909052,0.000 %,31.12.2023
3902909055,0.000 %,31.12.2023
3902909060,0.000 %,31.12.2019
3902909092,0.000 %,31.12.2023
3902909094,0.000 %,31.12.2023
3902909098,0.000 %,31.12.2021
3903190040,0.000 %,31.12.2021
3903909015,0.000 %,31.12.2023
3903909020,0.000 %,31.12.2021
3903909025,0.000 %,31.12.2021
3903909035,0.000 %,31.12.2023
3903909038,0.000 %,31.12.2022
3903909045,0.000 %,31.12.2019
3903909046,0.000 %,31.12.2020
3903909055,0.000 %,31.12.2019
3903909060,0.000 %,31.12.2021
3903909065,0.000 %,31.12.2020
3903909070,0.000 %,31.12.2020
3903909080,0.000 %,31.12.2023
3903909086,0.000 %,31.12.2023
3904100020,0.000 %,31.12.2019
3904300030,0.000 %,31.12.2023
3904400091,0.000 %,31.12.2023
3904509092,0.000 %,31.12.2019
3904610020,0.000 %,31.12.2023
3904698081,0.000 %,31.12.2020
3904698085,0.000 %,31.12.2022
3904698088,0.000 %,31.12.2022
3904698089,0.000 %,31.12.2022
3904698094,0.000 %,31.12.2023
3904698096,0.000 %,31.12.2023
3904698097,0.000 %,31.12.2019
3905300010,0.000 %,31.12.2022
3905910040,0.000 %,31.12.2022
3905999095,0.000 %,31.12.2023
3905999096,0.000 %,31.12.2023
3905999097,0.000 %,31.12.2023
3905999098,0.000 %,31.12.2023
3906906000,0.000 %,31.12.2023
3906909010,0.000 %,31.12.2023
3906909023,0.000 %,31.12.2022
3906909027,0.000 %,31.12.2022
3906909033,0.000 %,31.12.2020
3906909037,0.000 %,31.12.2020
3906909040,0.000 %,31.12.2020
3906909041,0.000 %,31.12.2019
3906909043,0.000 %,31.12.2021
3906909050,0.000 %,31.12.2023
3906909053,0.000 %,31.12.2021
3906909060,0.000 %,31.12.2023
3906909073,0.000 %,31.12.2019
3907100010,0.000 %,31.12.2020
3907100020,0.000 %,31.12.2020
3907201110,0.000 %,31.12.2023
3907201120,0.000 %,31.12.2023
3907201160,0.000 %,31.12.2021
3907202020,0.000 %,31.12.2022
3907202025,0.000 %,31.12.2021
3907202030,0.000 %,31.12.2023
3907202035,0.000 %,31.12.2023
3907202040,0.000 %,31.12.2023
3907202050,0.000 %,31.12.2019
3907202060,0.000 %,31.12.2022
3907209915,0.000 %,31.12.2023
3907209920,0.000 %,31.12.2023
3907209930,0.000 %,31.12.2023
3907209940,0.000 %,31.12.2023
3907209945,0.000 %,31.12.2023
3907209950,0.000 %,31.12.2023
3907209955,0.000 %,31.12.2023
3907209960,0.000 %,31.12.2021
3907209970,0.000 %,31.12.2019
3907209975,0.000 %,31.12.2019
3907300015,0.000 %,31.12.2020
3907300025,0.000 %,31.12.2020
3907300040,0.000 %,31.12.2023
3907300060,0.000 %,31.12.2022
3907300070,0.000 %,31.12.2022
3907400035,0.000 %,31.12.2023
3907400045,0.000 %,31.12.2023
3907400070,0.000 %,31.12.2019
3907400080,0.000 %,31.12.2019
3907690010,0.000 %,31.12.2023
3907690040,0.000 %,31.12.2021
3907700000,0.000 %,31.12.2023
3907919010,0.000 %,31.12.2019
3907990520,0.000 %,31.12.2023
3907998010,0.000 %,31.12.2023
3907998025,0.000 %,31.12.2022
3907998030,0.000 %,31.12.2020
3907998035,0.000 %,31.12.2023
3907998040,0.000 %,31.12.2019
3907998070,3.500 %,31.12.2019
3907998080,0.000 %,31.12.2020
3908900010,0.000 %,31.12.2023
3908900030,0.000 %,31.12.2023
3908900055,0.000 %,31.12.2020
3908900070,0.000 %,31.12.2019
3909200010,0.000 %,31.12.2022
3909400020,0.000 %,31.12.2020
3909400060,0.000 %,31.12.2021
3909509010,0.000 %,31.12.2019
3909509020,0.000 %,31.12.2019
3909509030,0.000 %,31.12.2019
3909509040,0.000 %,31.12.2019
3910000015,0.000 %,31.12.2020
3910000020,0.000 %,31.12.2023
3910000025,0.000 %,31.12.2021
3910000035,0.000 %,31.12.2021
3910000040,0.000 %,31.12.2021
3910000045,0.000 %,31.12.2021
3910000050,0.000 %,31.12.2022
3910000055,0.000 %,31.12.2021
3910000060,0.000 %,31.12.2019
3910000070,0.000 %,31.12.2023
3910000080,0.000 %,31.12.2019
3911100081,0.000 %,31.12.2023
3911901920,0.000 %,31.12.2023
3911901930,0.000 %,31.12.2022
3911901940,0.000 %,31.12.2021
3911901950,0.000 %,31.12.2019
3911901960,0.000 %,31.12.2019
3911901970,0.000 %,31.12.2019
3911909925,0.000 %,31.12.2023
3911909930,0.000 %,31.12.2020
3911909935,0.000 %,31.12.2020
3911909940,0.000 %,31.12.2023
3911909943,0.000 %,31.12.2023
3911909945,0.000 %,31.12.2023
3911909953,0.000 %,31.12.2022
3911909957,0.000 %,31.12.2022
3911909960,0.000 %,31.12.2021
3911909965,0.000 %,31.12.2023
3911909986,0.000 %,31.12.2021
3912110030,0.000 %,31.12.2021
3912110040,0.000 %,31.12.2020
3912398510,0.000 %,31.12.2023
3912398520,0.000 %,31.12.2023
3912398530,0.000 %,31.12.2023
3912398540,0.000 %,31.12.2021
3912398550,0.000 %,31.12.2020
3912901020,0.000 %,31.12.2023
3913900020,0.000 %,31.12.2020
3913900030,0.000 %,31.12.2023
3913900085,0.000 %,31.12.2023
3913900095,0.000 %,31.12.2023
3916200091,0.000 %,31.12.2019
3916901010,0.000 %,31.12.2023
3917400091,0.000 %,31.12.2019
3919101910,0.000 %,31.12.2023
3919108025,0.000 %,31.12.2023
3919108027,0.000 %,31.12.2019
3919108035,0.000 %,31.12.2023
3919108037,0.000 %,31.12.2020
3919108040,0.000 %,31.12.2022
3919108043,0.000 %,31.12.2020
3919108045,0.000 %,31.12.2022
3919108050,0.000 %,31.12.2023
3919108055,0.000 %,31.12.2022
3919108057,0.000 %,31.12.2023
3919108063,0.000 %,31.12.2020
3919108070,0.000 %,31.12.2021
3919108073,0.000 %,31.12.2023
3919108075,0.000 %,31.12.2021
3919108085,0.000 %,31.12.2019
3919908019,0.000 %,31.12.2023
3919908020,0.000 %,31.12.2019
3919908021,0.000 %,31.12.2022
3919908022,0.000 %,31.12.2019
3919908023,0.000 %,31.12.2023
3919908024,0.000 %,31.12.2019
3919908026,0.000 %,31.12.2020
3919908027,0.000 %,31.12.2019
3919908028,0.000 %,31.12.2019
3919908030,0.000 %,31.12.2023
3919908031,0.000 %,31.12.2023
3919908033,0.000 %,31.12.2023
3919908035,0.000 %,31.12.2023
3919908037,0.000 %,31.12.2023
3919908041,0.000 %,31.12.2023
3919908043,0.000 %,31.12.2022
3919908045,0.000 %,31.12.2022
3919908049,0.000 %,31.12.2023
3919908050,0.000 %,31.12.2023
3919908051,0.000 %,31.12.2023
3919908052,0.000 %,31.12.2020
3919908053,0.000 %,31.12.2022
3919908054,0.000 %,31.12.2019
3919908063,0.000 %,31.12.2020
3919908065,0.000 %,31.12.2020
3919908070,0.000 %,31.12.2020
3919908075,0.000 %,31.12.2021
3919908080,0.000 %,31.12.2021
3919908082,0.000 %,31.12.2020
3919908083,0.000 %,31.12.2022
3920102520,0.000 %,31.12.2023
3920102830,0.000 %,31.12.2019
3920102891,0.000 %,31.12.2023
3920104040,0.000 %,31.12.2020
3920108925,0.000 %,31.12.2023
3920108930,0.000 %,31.12.2021
3920108940,0.000 %,31.12.2021
3920202140,0.000 %,31.12.2021
3920202960,0.000 %,31.12.2023
3920202970,0.000 %,31.12.2019
3920202994,0.000 %,31.12.2022
3920431092,0.000 %,31.12.2023
3920431094,0.000 %,31.12.2023
3920431095,0.000 %,31.12.2023
3920491030,0.000 %,31.12.2023
3920491093,0.000 %,31.12.2023
3920510020,0.000 %,31.12.2023
3920510030,0.000 %,31.12.2023
3920510040,0.000 %,31.12.2023
3920610030,0.000 %,31.12.2023
3920621905,0.000 %,31.12.2022
3920621908,0.000 %,31.12.2023
3920621912,0.000 %,31.12.2023
3920621918,0.000 %,31.12.2023
3920621920,0.000 %,31.12.2023
3920621938,0.000 %,31.12.2023
3920621948,0.000 %,31.12.2020
3920621952,0.000 %,31.12.2023
3920621960,0.000 %,31.12.2022
3920621976,0.000 %,31.12.2023
3920629010,0.000 %,31.12.2022
3920690020,0.000 %,31.12.2023
3920690050,0.000 %,31.12.2019
3920690060,0.000 %,31.12.2019
3920791010,0.000 %,31.12.2019
3920910051,0.000 %,31.12.2019
3920910052,0.000 %,31.12.2019
3920910091,3.000 %,31.12.2023
3920910093,0.000 %,31.12.2019
3920910095,0.000 %,31.12.2023
3920992840,0.000 %,31.12.2023
3920992845,0.000 %,31.12.2019
3920992850,0.000 %,31.12.2021
3920992865,0.000 %,31.12.2019
3920992870,0.000 %,31.12.2021
3920992875,0.000 %,31.12.2019
3920995925,0.000 %,31.12.2023
3920995955,0.000 %,31.12.2023
3920995965,0.000 %,31.12.2023
3920995970,0.000 %,31.12.2021
3920995975,0.000 %,31.12.2023
3920999020,0.000 %,31.12.2023
3921131010,0.000 %,31.12.2019
3921131020,0.000 %,31.12.2022
3921190030,0.000 %,31.12.2023
3921190035,0.000 %,31.12.2022
3921190040,0.000 %,31.12.2020
3921190050,0.000 %,31.12.2021
3921190060,0.000 %,31.12.2022
3921190070,0.000 %,31.12.2022
3921190080,0.000 %,31.12.2022
3921190093,0.000 %,31.12.2023
3921190095,0.000 %,31.12.2023
3921901010,0.000 %,31.12.2023
3921901020,0.000 %,31.12.2023
3921901030,0.000 %,31.12.2023
3921905525,0.000 %,31.12.2019
3921905535,0.000 %,31.12.2023
3921905540,0.000 %,31.12.2020
3921905550,0.000 %,31.12.2020
3921906030,0.000 %,31.12.2019
3921906035,0.000 %,31.12.2023
3923109010,0.000 %,31.12.2021
3926300020,0.000 %,31.12.2021
3926300030,0.000 %,31.12.2022
3926909220,0.000 %,31.12.2023
3926909230,0.000 %,31.12.2021
3926909710,0.000 %,31.12.2023
3926909715,0.000 %,31.12.2023
3926909723,0.000 %,31.12.2020
3926909725,0.000 %,31.12.2023
3926909727,0.000 %,31.12.2023
3926909730,0.000 %,31.12.2021
3926909733,0.000 %,31.12.2019
3926909734,0.000 %,31.12.2022
3926909750,0.000 %,31.12.2023
3926909770,0.000 %,31.12.2023
3926909777,0.000 %,31.12.2021
4007000010,0.000 %,31.12.2023
4009420020,0.000 %,31.12.2020
4010310010,0.000 %,31.12.2021
4010330010,0.000 %,31.12.2021
4010390010,0.000 %,31.12.2021
4016930020,0.000 %,31.12.2020
4016995710,0.000 %,31.12.2021
4016995720,0.000 %,31.12.2021
4016995730,0.000 %,31.12.2022
4016999730,0.000 %,31.12.2021
4104411910,0.000 %,31.12.2022
4105100000,0.000 %,31.12.2023
4105309000,0.000 %,31.12.2023
4106210000,0.000 %,31.12.2023
4106229000,0.000 %,31.12.2023
4106310000,0.000 %,31.12.2023
4106320000,0.000 %,31.12.2023
4106409000,0.000 %,31.12.2023
4106920000,0.000 %,31.12.2023
4408393010,0.000 %,31.12.2023
4412994010,0.000 %,31.12.2021
4412995010,0.000 %,31.12.2021
4412998520,0.000 %,31.12.2021
5004001010,0.000 %,31.12.2021
5005001010,0.000 %,31.12.2023
5005009010,0.000 %,31.12.2023
5208111000,5.200 %,31.12.2023
5311009010,0.000 %,31.12.2022
5311009020,0.000 %,31.12.2023
5402470020,0.000 %,31.12.2020
5402490030,0.000 %,31.12.2023
5402490050,0.000 %,31.12.2023
5402490070,0.000 %,31.12.2023
5403390010,0.000 %,31.12.2020
5404190050,0.000 %,31.12.2023
5404909020,0.000 %,31.12.2023
5407100010,0.000 %,31.12.2022
5407710030,0.000 %,31.12.2023
5503110010,0.000 %,31.12.2023
5503900020,0.000 %,31.12.2023
5503900030,0.000 %,31.12.2019
5506900010,0.000 %,31.12.2023
5601300010,0.000 %,31.12.2023
5601300040,0.000 %,31.12.2023
5603111010,0.000 %,31.12.2023
5603119010,0.000 %,31.12.2023
5603121010,0.000 %,31.12.2023
5603129010,0.000 %,31.12.2023
5603129030,0.000 %,31.12.2023
5603129050,0.000 %,31.12.2022
5603129060,0.000 %,31.12.2023
5603129070,0.000 %,31.12.2023
5603131020,0.000 %,31.12.2020
5603139030,0.000 %,31.12.2023
5603139060,0.000 %,31.12.2023
5603139070,0.000 %,31.12.2023
5603149010,0.000 %,31.12.2023
5603149040,0.000 %,31.12.2023
5603911010,0.000 %,31.12.2023
5603919010,0.000 %,31.12.2023
5603921010,0.000 %,31.12.2023
5603929010,0.000 %,31.12.2023
5603929020,0.000 %,31.12.2023
5603929040,0.000 %,31.12.2023
5603929060,0.000 %,31.12.2023
5603929070,0.000 %,31.12.2023
5603929080,0.000 %,31.12.2021
5603939010,0.000 %,31.12.2023
5603939020,0.000 %,31.12.2023
5603939040,0.000 %,31.12.2023
5603939050,0.000 %,31.12.2021
5603939060,0.000 %,31.12.2023
5603949020,0.000 %,31.12.2023
5603949030,0.000 %,31.12.2023
5603949040,0.000 %,31.12.2023
5607509010,0.000 %,31.12.2019
5803001091,0.000 %,31.12.2023
5903209020,0.000 %,31.12.2021
5903909930,0.000 %,31.12.2023
5906999010,0.000 %,31.12.2023
5907000010,0.000 %,31.12.2021
5911909930,0.000 %,31.12.2023
5911909940,0.000 %,31.12.2019
5911909950,0.000 %,31.12.2022
6804210020,0.000 %,31.12.2019
6805300010,0.000 %,31.12.2021
6813890020,0.000 %,31.12.2023
6814100010,0.000 %,31.12.2023
6903909020,0.000 %,31.12.2023
6909190020,0.000 %,31.12.2020
6909190025,0.000 %,31.12.2023
6909190030,0.000 %,31.12.2023
6909190050,0.000 %,31.12.2023
6909190060,0.000 %,31.12.2023
6909190070,0.000 %,31.12.2023
6914900020,0.000 %,31.12.2023
6914900030,0.000 %,31.12.2019
7004908010,0.000 %,31.12.2020
7006009025,0.000 %,31.12.2019
7009100030,0.000 %,31.12.2019
7009100040,0.000 %,31.12.2020
7009100050,0.000 %,31.12.2022
7009910010,0.000 %,31.12.2020
7014000010,0.000 %,31.12.2023
7019120002,0.000 %,31.12.2023
7019120005,0.000 %,31.12.2022
7019120022,0.000 %,31.12.2023
7019120025,0.000 %,31.12.2022
7019191010,0.000 %,31.12.2023
7019191015,0.000 %,31.12.2022
7019191020,0.000 %,31.12.2020
7019191025,0.000 %,31.12.2020
7019191030,0.000 %,31.12.2019
7019191050,0.000 %,31.12.2022
7019191055,0.000 %,31.12.2019
7019191060,0.000 %,31.12.2023
7019191070,0.000 %,31.12.2023
7019191080,0.000 %,31.12.2019
7019390050,0.000 %,31.12.2021
7019400011,0.000 %,31.12.2023
7019400019,0.000 %,31.12.2023
7019400021,0.000 %,31.12.2019
7019400029,0.000 %,31.12.2019
7019900010,0.000 %,31.12.2023
7019900020,0.000 %,31.12.2023
7019900030,0.000 %,31.12.2023
7019900040,0.000 %,31.12.2019
7020001010,0.000 %,31.12.2021
7020001020,0.000 %,31.12.2022
7201101110,0.000 %,31.12.2021
7201103010,0.000 %,31.12.2021
7202500000,0.000 %,31.12.2023
7202998010,0.000 %,31.12.2020
7315119010,0.000 %,31.12.2022
7318190030,0.000 %,31.12.2021
7318240030,0.000 %,31.12.2023
7320901091,0.000 %,31.12.2023
7325991020,0.000 %,31.12.2019
7326200020,0.000 %,31.12.2021
7326909240,0.000 %,31.12.2022
7326909840,0.000 %,31.12.2020
7326909850,0.000 %,31.12.2022
7409190010,0.000 %,31.12.2022
7410110010,0.000 %,31.12.2021
7410210010,0.000 %,31.12.2023
7410210020,0.000 %,31.12.2023
7410210030,0.000 %,31.12.2023
7410210040,0.000 %,31.12.2023
7410210050,0.000 %,31.12.2023
7410210070,0.000 %,31.12.2022
7413000020,0.000 %,31.12.2022
7419999091,0.000 %,31.12.2023
7601202010,0.000 %,31.12.2022
7601202090,4.000 %,31.12.2023
7604291010,0.000 %,31.12.2020
7604291040,0.000 %,31.12.2019
7605190010,0.000 %,31.12.2023
7605290010,0.000 %,31.12.2019
7606129920,0.000 %,31.12.2020
7607119047,0.000 %,31.12.2021
7607119057,0.000 %,31.12.2021
7607119060,0.000 %,31.12.2021
7607199010,0.000 %,31.12.2021
7608208930,0.000 %,31.12.2023
7613000020,0.000 %,31.12.2023
7616991030,0.000 %,31.12.2019
7616999015,0.000 %,31.12.2023
7616999025,0.000 %,31.12.2019
7616999060,0.000 %,31.12.2023
7616999070,0.000 %,31.12.2021
7616999077,0.000 %,31.12.2021
8101960010,0.000 %,31.12.2020
8101960020,0.000 %,31.12.2022
8102100010,0.000 %,31.12.2022
8103909010,0.000 %,31.12.2019
8104300035,0.000 %,31.12.2020
8104900010,0.000 %,31.12.2023
8105900010,0.000 %,31.12.2023
8108200010,0.000 %,31.12.2023
8108200030,0.000 %,31.12.2023
8108200040,0.000 %,31.12.2020
8108200055,0.000 %,31.12.2020
8108200060,0.000 %,31.12.2020
8108200070,0.000 %,31.12.2022
8108300010,0.000 %,31.12.2023
8108903010,0.000 %,31.12.2019
8108903015,0.000 %,31.12.2022
8108903025,0.000 %,31.12.2020
8108903060,0.000 %,31.12.2021
8108903070,0.000 %,31.12.2021
8108905045,0.000 %,31.12.2022
8108905055,0.000 %,31.12.2021
8108905080,0.000 %,31.12.2019
8108905085,0.000 %,31.12.2019
8108906030,0.000 %,31.12.2022
8108909030,0.000 %,31.12.2021
8109200010,0.000 %,31.12.2023
8110100010,0.000 %,31.12.2023
8112993010,0.000 %,31.12.2023
8113002010,0.000 %,31.12.2023
8113009010,0.000 %,31.12.2022
8113009020,0.000 %,31.12.2020
8207191010,0.000 %,31.12.2019
8207301010,0.000 %,31.12.2022
8301600020,0.000 %,31.12.2020
8302200020,0.000 %,31.12.2020
8309909010,0.000 %,31.12.2023
8401300020,0.000 %,31.12.2023
8401400010,0.000 %,31.12.2019
8405900010,0.000 %,31.12.2019
8407332010,0.000 %,31.12.2022
8407338010,0.000 %,31.12.2022
8407901010,0.000 %,31.12.2021
8407908010,0.000 %,31.12.2022
8407909010,0.000 %,31.12.2022
8407909020,0.000 %,31.12.2020
8408904120,0.000 %,31.12.2023
8408904320,0.000 %,31.12.2023
8408904340,0.000 %,31.12.2022
8408904530,0.000 %,31.12.2022
8408904750,0.000 %,31.12.2022
8409910040,0.000 %,31.12.2021
8409910050,0.000 %,31.12.2023
8409990010,0.000 %,31.12.2021
8409990040,0.000 %,31.12.2021
8409990055,0.000 %,31.12.2023
8409990060,0.000 %,31.12.2022
8409990070,0.000 %,31.12.2021
8409990080,0.000 %,31.12.2022
8411990020,0.000 %,31.12.2022
8411990030,0.000 %,31.12.2021
8411990080,0.000 %,31.12.2023
8412390020,0.000 %,31.12.2023
8413302030,0.000 %,31.12.2021
8413703520,0.000 %,31.12.2020
8413910030,0.000 %,31.12.2019
8413910040,0.000 %,31.12.2020
8414308150,0.000 %,31.12.2019
8414308160,0.000 %,31.12.2023
8414308920,0.000 %,31.12.2023
8414592540,0.000 %,31.12.2020
8414802220,0.000 %,31.12.2022
8414807330,0.000 %,31.12.2023
8414808020,0.000 %,31.12.2022
8414900020,0.000 %,31.12.2019
8414900030,0.000 %,31.12.2023
8414900040,0.000 %,31.12.2023
8415900030,0.000 %,31.12.2020
8415900040,0.000 %,31.12.2020
8415900055,0.000 %,31.12.2020
8418991051,0.000 %,31.12.2019
8418991059,0.000 %,31.12.2019
8418991061,0.000 %,31.12.2019
8418991069,0.000 %,31.12.2019
8418991070,0.000 %,31.12.2021
8419908530,0.000 %,31.12.2020
8421210020,0.000 %,31.12.2019
8421999091,0.000 %,31.12.2023
8421999092,0.000 %,31.12.2023
8424897020,0.000 %,31.12.2021
8431200030,0.000 %,31.12.2022
8431200040,0.000 %,31.12.2023
8436990010,0.000 %,31.12.2020
8438900020,0.000 %,31.12.2020
8439990010,0.000 %,31.12.2023
8467990010,0.000 %,31.12.2019
8468900020,0.000 %,31.12.2020
8475290010,0.000 %,31.12.2019
8476909020,0.000 %,31.12.2020
8477809910,0.000 %,31.12.2023
8479899735,0.000 %,31.12.2023
8479899750,0.000 %,31.12.2020
8479899760,0.000 %,31.12.2021
8479899770,0.000 %,31.12.2019
8479899780,0.000 %,31.12.2019
8479899785,0.000 %,31.12.2020
8479902080,0.000 %,31.12.2020
8479907080,0.000 %,31.12.2020
8479907083,0.000 %,31.12.2020
8479907085,0.000 %,31.12.2021
8479907087,0.000 %,31.12.2021
8481109920,0.000 %,31.12.2022
8481109930,0.000 %,31.12.2022
8481309191,0.000 %,31.12.2019
8481805910,0.000 %,31.12.2023
8481805920,0.000 %,31.12.2021
8481805930,0.000 %,31.12.2022
8481805940,0.000 %,31.12.2022
8481805950,0.000 %,31.12.2022
8481805960,0.000 %,31.12.2022
8481806960,0.000 %,31.12.2022
8481807320,0.000 %,31.12.2023
8481809970,0.000 %,31.12.2023
8481900030,0.000 %,31.12.2020
8481900040,0.000 %,31.12.2023
8482101010,0.000 %,31.12.2019
8482101040,0.000 %,31.12.2019
8482109010,0.000 %,31.12.2019
8482109030,0.000 %,31.12.2019
8482500010,0.000 %,31.12.2019
8482800010,0.000 %,31.12.2021
8483303230,0.000 %,31.12.2022
8483303860,0.000 %,31.12.2022
8483402950,0.000 %,31.12.2021
8483402960,0.000 %,31.12.2023
8483405120,0.000 %,31.12.2023
8483405920,0.000 %,31.12.2023
8483409020,0.000 %,31.12.2022
8483409030,0.000 %,31.12.2022
8483409080,0.000 %,31.12.2020
8484200010,0.000 %,31.12.2021
8501101020,0.000 %,31.12.2020
8501109956,0.000 %,31.12.2021
8501109957,0.000 %,31.12.2020
8501109958,0.000 %,31.12.2021
8501109960,0.000 %,31.12.2022
8501109965,0.000 %,31.12.2020
8501109970,0.000 %,31.12.2023
8501109975,0.000 %,31.12.2020
8501109979,0.000 %,31.12.2023
8501109980,0.000 %,31.12.2023
8501109982,0.000 %,31.12.2019
8501200030,0.000 %,31.12.2022
8501310030,0.000 %,31.12.2021
8501310037,0.000 %,31.12.2019
8501310045,0.000 %,31.12.2023
8501310050,0.000 %,31.12.2022
8501310055,0.000 %,31.12.2023
8501310071,0.000 %,31.12.2020
8501310075,0.000 %,31.12.2021
8501320060,0.000 %,31.12.2019
8501320077,0.000 %,31.12.2020
8501330015,0.000 %,31.12.2019
8501330030,0.000 %,31.12.2021
8501408050,0.000 %,31.12.2021
8501510030,0.000 %,31.12.2021
8501522050,0.000 %,31.12.2021
8501535010,0.000 %,31.12.2021
8501612035,0.000 %,31.12.2020
8501620030,0.000 %,31.12.2022
8503009131,0.000 %,31.12.2023
8503009931,0.000 %,31.12.2023
8503009932,0.000 %,31.12.2023
8503009933,0.000 %,31.12.2021
8503009934,0.000 %,31.12.2019
8503009935,0.000 %,31.12.2019
8503009937,0.000 %,31.12.2023
8503009940,0.000 %,31.12.2022
8503009960,0.000 %,31.12.2019
8503009970,0.000 %,31.12.2020
8504318015,0.000 %,31.12.2023
8504318025,0.000 %,31.12.2023
8504318030,0.000 %,31.12.2023
8504318035,0.000 %,31.12.2023
8504318040,0.000 %,31.12.2022
8504318045,0.000 %,31.12.2023
8504318050,0.000 %,31.12.2021
8504408240,0.000 %,31.12.2022
8504408250,0.000 %,31.12.2022
8504408830,0.000 %,31.12.2019
8504409015,0.000 %,31.12.2021
8504409025,0.000 %,31.12.2021
8504409030,0.000 %,31.12.2023
8504409040,0.000 %,31.12.2023
8504409050,0.000 %,31.12.2023
8504409070,0.000 %,31.12.2023
8504409080,0.000 %,31.12.2019
8504509515,0.000 %,31.12.2023
8504509520,0.000 %,31.12.2023
8504509540,0.000 %,31.12.2020
8504509550,0.000 %,31.12.2022
8504509560,0.000 %,31.12.2021
8504509570,0.000 %,31.12.2021
8504509580,0.000 %,31.12.2022
8504901110,0.000 %,31.12.2023
8504901120,0.000 %,31.12.2019
8504909920,0.000 %,31.12.2019
8505110047,0.000 %,31.12.2021
8505110050,0.000 %,31.12.2022
8505110053,0.000 %,31.12.2023
8505110055,0.000 %,31.12.2020
8505110063,0.000 %,31.12.2022
8505110065,0.000 %,31.12.2023
8505110070,0.000 %,31.12.2023
8505110075,0.000 %,31.12.2019
8505199030,0.000 %,31.12.2023
8505199040,0.000 %,31.12.2020
8505199050,0.000 %,31.12.2022
8505199060,0.000 %,31.12.2023
8505200030,0.000 %,31.12.2023
8505902930,0.000 %,31.12.2019
8506501010,0.000 %,31.12.2021
8506503010,0.000 %,31.12.2022
8506509010,0.000 %,31.12.2023
8506509030,0.000 %,31.12.2023
8506900010,0.000 %,31.12.2023
8507102080,0.000 %,31.12.2020
8507500020,0.000 %,31.12.2023
8507500040,0.000 %,31.12.2022
8507600015,0.000 %,31.12.2020
8507600017,0.000 %,31.12.2020
8507600020,0.000 %,31.12.2023
8507600023,0.000 %,31.12.2020
8507600025,0.000 %,31.12.2022
8507600027,0.000 %,31.12.2020
8507600030,0.000 %,31.12.2019
8507600033,0.000 %,31.12.2020
8507600037,0.000 %,31.12.2020
8507600043,0.000 %,31.12.2020
8507600045,0.000 %,31.12.2019
8507600047,0.000 %,31.12.2020
8507600050,0.000 %,31.12.2022
8507600053,0.000 %,31.12.2022
8507600060,0.000 %,31.12.2020
8507600065,0.000 %,31.12.2021
8507600071,0.000 %,31.12.2021
8507600075,0.000 %,31.12.2021
8507600080,0.000 %,31.12.2020
8507600085,0.000 %,31.12.2020
8507800020,0.000 %,31.12.2019
8507908060,0.000 %,31.12.2021
8507908070,0.000 %,31.12.2021
8507908080,0.000 %,31.12.2021
8508700010,0.000 %,31.12.2020
8508700020,0.000 %,31.12.2020
8511300030,0.000 %,31.12.2019
8511300055,0.000 %,31.12.2021
8511800020,0.000 %,31.12.2021
8512200020,0.000 %,31.12.2019
8512200030,0.000 %,31.12.2020
8512200040,0.000 %,31.12.2019
8512309010,0.000 %,31.12.2019
8512309020,0.000 %,31.12.2020
8512309030,0.000 %,31.12.2022
8512400010,0.000 %,31.12.2023
8514108010,0.000 %,31.12.2019
8514208010,0.000 %,31.12.2019
8515908030,0.000 %,31.12.2020
8516500010,0.000 %,31.12.2019
8516608010,0.000 %,31.12.2019
8516802020,0.000 %,31.12.2023
8516900060,0.000 %,31.12.2019
8516900070,0.000 %,31.12.2022
8516900080,0.000 %,31.12.2019
8518299530,0.000 %,31.12.2022
8518299540,0.000 %,31.12.2021
8518309520,0.000 %,31.12.2023
8518408091,0.000 %,31.12.2019
8518408092,0.000 %,31.12.2020
8518408093,0.000 %,31.12.2021
8518900030,0.000 %,31.12.2019
8518900035,0.000 %,31.12.2021
8518900040,0.000 %,31.12.2019
8518900045,0.000 %,31.12.2022
8518900050,0.000 %,31.12.2019
8518900060,0.000 %,31.12.2020
8518900080,0.000 %,31.12.2019
8521900020,0.000 %,31.12.2019
8522904960,0.000 %,31.12.2019
8522904965,0.000 %,31.12.2019
8522908030,0.000 %,31.12.2021
8522908065,0.000 %,31.12.2023
8522908080,0.000 %,31.12.2023
8522908084,0.000 %,31.12.2023
8522908097,0.000 %,31.12.2021
8525801931,0.000 %,31.12.2023
8525801960,0.000 %,31.12.2019
8525801965,0.000 %,31.12.2020
8525801970,0.000 %,31.12.2019
8525809110,0.000 %,31.12.2023
8526100020,0.000 %,31.12.2021
8526912030,0.000 %,31.12.2019
8527919920,0.000 %,31.12.2019
8527990010,0.000 %,31.12.2019
8527990020,0.000 %,31.12.2019
8528590010,0.000 %,31.12.2023
8528590020,0.000 %,31.12.2019
8529108060,0.000 %,31.12.2023
8529108070,0.000 %,31.12.2019
8529906515,0.000 %,31.12.2020
8529906520,0.000 %,31.12.2023
8529906525,0.000 %,31.12.2019
8529906530,0.000 %,31.12.2023
8529906540,0.000 %,31.12.2019
8529906545,0.000 %,31.12.2019
8529906550,0.000 %,31.12.2021
8529906565,0.000 %,31.12.2020
8529906575,0.000 %,31.12.2022
8529906580,0.000 %,31.12.2019
8529906585,0.000 %,31.12.2019
8529909210,0.000 %,31.12.2023
8529909215,0.000 %,31.12.2023
8529909225,0.000 %,31.12.2020
8529909233,0.000 %,31.12.2022
8529909237,0.000 %,31.12.2020
8529909242,0.000 %,31.12.2023
8529909243,0.000 %,31.12.2023
8529909245,0.000 %,31.12.2023
8529909247,0.000 %,31.12.2019
8529909249,0.000 %,31.12.2019
8529909251,0.000 %,31.12.2023
8529909253,0.000 %,31.12.2020
8529909255,0.000 %,31.12.2019
8529909257,0.000 %,31.12.2021
8529909263,0.000 %,31.12.2020
8529909265,0.000 %,31.12.2019
8529909267,0.000 %,31.12.2020
8529909270,0.000 %,31.12.2022
8529909285,0.000 %,31.12.2020
8529909720,0.000 %,31.12.2023
8535900030,0.000 %,31.12.2020
8536411020,0.000 %,31.12.2021
8536419040,0.000 %,31.12.2023
8536419050,0.000 %,31.12.2021
8536490030,0.000 %,31.12.2020
8536490040,0.000 %,31.12.2021
8536501135,0.000 %,31.12.2019
8536501140,0.000 %,31.12.2021
8536501993,0.000 %,31.12.2023
8536508081,0.000 %,31.12.2019
8536508082,0.000 %,31.12.2019
8536508083,0.000 %,31.12.2020
8536508097,0.000 %,31.12.2023
8536699051,0.000 %,31.12.2022
8536699060,0.000 %,31.12.2020
8536699082,0.000 %,31.12.2019
8536699083,0.000 %,31.12.2019
8536699084,0.000 %,31.12.2020
8536699085,0.000 %,31.12.2021
8536699086,0.000 %,31.12.2021
8536700010,0.000 %,31.12.2021
8536909520,0.000 %,31.12.2020
8536909540,0.000 %,31.12.2020
8536909594,0.000 %,31.12.2023
8536909595,0.000 %,31.12.2020
8537109150,0.000 %,31.12.2020
8537109160,0.000 %,31.12.2023
8537109165,0.000 %,31.12.2022
8537109170,0.000 %,31.12.2022
8537109500,0.000 %,31.12.2023
8537109830,0.000 %,31.12.2023
8537109835,0.000 %,31.12.2020
8537109840,0.000 %,31.12.2019
8537109845,0.000 %,31.12.2023
8537109850,0.000 %,31.12.2019
8537109860,0.000 %,31.12.2019
8537109865,0.000 %,31.12.2021
8537109870,0.000 %,31.12.2020
8537109875,0.000 %,31.12.2021
8537109893,0.000 %,31.12.2023
8537109896,0.000 %,31.12.2020
8537109898,0.000 %,31.12.2020
8538909120,0.000 %,31.12.2020
8538909930,0.000 %,31.12.2019
8538909940,0.000 %,31.12.2019
8538909950,0.000 %,31.12.2020
8538909960,0.000 %,31.12.2021
8538909995,0.000 %,31.12.2023
8540208091,0.000 %,31.12.2021
8540710020,0.000 %,31.12.2023
8540890091,0.000 %,31.12.2023
8540890092,0.000 %,31.12.2023
8540910020,0.000 %,31.12.2022
8543709015,0.000 %,31.12.2021
8543709030,0.000 %,31.12.2023
8543709033,0.000 %,31.12.2021
8543709034,0.000 %,31.12.2021
8543709035,0.000 %,31.12.2023
8543709045,0.000 %,31.12.2023
8543709055,0.000 %,31.12.2023
8543709080,0.000 %,31.12.2023
8543709085,0.000 %,31.12.2023
8543709095,0.000 %,31.12.2020
8544200010,0.000 %,31.12.2023
8544200030,0.000 %,31.12.2021
8544300030,0.000 %,31.12.2023
8544300035,0.000 %,31.12.2021
8544300040,0.000 %,31.12.2019
8544300060,0.000 %,31.12.2020
8544300070,0.000 %,31.12.2019
8544300085,0.000 %,31.12.2020
8544429010,0.000 %,31.12.2023
8544429015,0.000 %,31.12.2023
8544429020,0.000 %,31.12.2023
8544429025,0.000 %,31.12.2023
8544429035,0.000 %,31.12.2023
8544429040,0.000 %,31.12.2019
8544429050,0.000 %,31.12.2020
8544429065,0.000 %,31.12.2020
8544429070,0.000 %,31.12.2020
8544429080,0.000 %,31.12.2021
8544499110,0.000 %,31.12.2019
8544499310,0.000 %,31.12.2023
8544499320,0.000 %,31.12.2023
8544499330,0.000 %,31.12.2020
8545909020,0.000 %,31.12.2020
8545909030,0.000 %,31.12.2021
8547200010,0.000 %,31.12.2019
8548102910,0.000 %,31.12.2023
8548909041,0.000 %,31.12.2023
8548909043,0.000 %,31.12.2023
8548909044,0.000 %,31.12.2023
8548909048,0.000 %,31.12.2021
8548909060,0.000 %,31.12.2023
8548909065,0.000 %,31.12.2023
8708101010,0.000 %,31.12.2021
8708109010,0.000 %,31.12.2021
8708211010,0.000 %,31.12.2019
8708219010,0.000 %,31.12.2019
8708301020,0.000 %,31.12.2019
8708301040,0.000 %,31.12.2019
8708301050,0.000 %,31.12.2021
8708301060,0.000 %,31.12.2019
8708301070,0.000 %,31.12.2020
8708309110,0.000 %,31.12.2021
8708309120,0.000 %,31.12.2019
8708309130,0.000 %,31.12.2019
8708309140,0.000 %,31.12.2020
8708309160,0.000 %,31.12.2019
8708309910,0.000 %,31.12.2019
8708402020,0.000 %,31.12.2020
8708402030,0.000 %,31.12.2022
8708402040,0.000 %,31.12.2021
8708402050,0.000 %,31.12.2022
8708405010,0.000 %,31.12.2020
8708405030,0.000 %,31.12.2021
8708405040,0.000 %,31.12.2022
8708502020,0.000 %,31.12.2020
8708502040,0.000 %,31.12.2021
8708502050,0.000 %,31.12.2022
8708505520,0.000 %,31.12.2022
8708509110,0.000 %,31.12.2022
8708509910,0.000 %,31.12.2020
8708509930,0.000 %,31.12.2021
8708509940,0.000 %,31.12.2022
8708802010,0.000 %,31.12.2020
8708802020,0.000 %,31.12.2020
8708802030,0.000 %,31.12.2020
8708803510,0.000 %,31.12.2020
8708809110,0.000 %,31.12.2020
8708809120,0.000 %,31.12.2020
8708809910,0.000 %,31.12.2021
8708912010,0.000 %,31.12.2020
8708912020,0.000 %,31.12.2019
8708912030,0.000 %,31.12.2020
8708913510,0.000 %,31.12.2019
8708919920,0.000 %,31.12.2020
8708919930,0.000 %,31.12.2020
8708919940,0.000 %,31.12.2022
8708931010,0.000 %,31.12.2021
8708931030,0.000 %,31.12.2021
8708939010,0.000 %,31.12.2021
8708939030,0.000 %,31.12.2021
8708942010,0.000 %,31.12.2019
8708943520,0.000 %,31.12.2019
8708951010,0.000 %,31.12.2020
8708951020,0.000 %,31.12.2020
8708959920,0.000 %,31.12.2020
8708959930,0.000 %,31.12.2020
8708991010,0.000 %,31.12.2021
8708991025,0.000 %,31.12.2023
8708991035,0.000 %,31.12.2021
8708991040,0.000 %,31.12.2021
8708991050,0.000 %,31.12.2020
8708991060,0.000 %,31.12.2019
8708991070,0.000 %,31.12.2021
8708999725,0.000 %,31.12.2021
8708999735,0.000 %,31.12.2021
8708999740,0.000 %,31.12.2020
8708999745,0.000 %,31.12.2023
8708999750,0.000 %,31.12.2019
8708999755,0.000 %,31.12.2022
8708999760,0.000 %,31.12.2021
8708999780,0.000 %,31.12.2021
8708999785,0.000 %,31.12.2022
8714109010,0.000 %,31.12.2020
8714109020,0.000 %,31.12.2020
8714109050,0.000 %,31.12.2021
8714911023,0.000 %,31.12.2023
8714911033,0.000 %,31.12.2023
8714911070,0.000 %,31.12.2023
8714913025,0.000 %,31.12.2023
8714913035,0.000 %,31.12.2023
8714913072,0.000 %,31.12.2023
8714961010,0.000 %,31.12.2020
8714991020,0.000 %,31.12.2022
8714991089,0.000 %,31.12.2022
8714999030,0.000 %,31.12.2020
8803300040,0.000 %,31.12.2021
9001109010,0.000 %,31.12.2023
9001109030,0.000 %,31.12.2021
9001109040,0.000 %,31.12.2021
9001200010,0.000 %,31.12.2022
9001200020,0.000 %,31.12.2023
9001504140,0.000 %,31.12.2022
9001504940,0.000 %,31.12.2022
9001508030,0.000 %,31.12.2021
9001900018,0.000 %,31.12.2021
9001900033,0.000 %,31.12.2022
9001900035,0.000 %,31.12.2023
9001900045,0.000 %,31.12.2023
9001900055,0.000 %,31.12.2023
9001900065,0.000 %,31.12.2019
9001900070,0.000 %,31.12.2021
9001900085,0.000 %,31.12.2020
9002110015,0.000 %,31.12.2020
9002110020,0.000 %,31.12.2022
9002110025,0.000 %,31.12.2021
9002110035,0.000 %,31.12.2021
9002110045,0.000 %,31.12.2021
9002110050,0.000 %,31.12.2023
9002110055,0.000 %,31.12.2021
9002110065,0.000 %,31.12.2021
9002110075,0.000 %,31.12.2021
9002110085,0.000 %,31.12.2019
9002190010,0.000 %,31.12.2020
9002190020,0.000 %,31.12.2021
9002190030,0.000 %,31.12.2021
9002190040,0.000 %,31.12.2021
9002190050,0.000 %,31.12.2021
9002190060,0.000 %,31.12.2021
9002190070,0.000 %,31.12.2021
9002900030,0.000 %,31.12.2023
9002900040,0.000 %,31.12.2022
9003900020,0.000 %,31.12.2021
9013809030,0.000 %,31.12.2019
9025804030,0.000 %,31.12.2023
9025804050,0.000 %,31.12.2019
9027109010,0.000 %,31.12.2019
9029100030,0.000 %,31.12.2019
9029203110,0.000 %,31.12.2019
9029900020,0.000 %,31.12.2019
9030310020,0.000 %,31.12.2023
9032890030,0.000 %,31.12.2023
9032890040,0.000 %,31.12.2022
9032890050,0.000 %,31.12.2021
9401908010,0.000 %,31.12.2020
9401908060,0.000 %,31.12.2020
9503007510,0.000 %,31.12.2020
9503009510,0.000 %,31.12.2020
9607201010,0.000 %,31.12.2020
9607209010,0.000 %,31.12.2020
9608910010,0.000 %,31.12.2023
9608910020,0.000 %,31.12.2023
9612101010,0.000 %,31.12.2023
